rule_id,severity,title,detail,source_month,source_table,source_page,project_code,project_name,ministry
DQ01,error,Expenditure > 10x sanctioned cost,"expenditure Rs 16,713.20 cr vs sanctioned Rs 187.61 cr (89x)",2026-08,Table 6,109,617989,Construction of Major Bridge at Km.180.865 across river Krishna on NH 167 Hagari Jadcherla section,Ministry of Road Transport & Highways
DQ03,error,Complete with no expenditure,"progress 100%, expenditure 0.0",2026-08,Table 6,137,617936,Widening to two/four lane with paved shoulder from Km.180.600 to Km.223.000 of NH-63 on Nizamabad-Jagadalpur road on EPC mode under NHO in the state of Telangana.,Ministry of Road Transport & Highways
DQ03,error,Complete with no expenditure,"progress 100%, expenditure 0.0",2026-08,Table 6,123,618415,"Improvement of existing road to 2 laning with Hard Shoulders of Maram-Peren section Package-1B, length- 17.660 km from Design Chainage 22.340 km to 40.000 km on NH-129A in the State of Manipur on EPC mode",Ministry of Road Transport & Highways
DQ12,error,Invalid implementing agency,agency recorded as 'INVALID CO.',2026-08,Table 6,58,615820,TIKAK EXTENSION OCP,Ministry of Coal
DQ12,error,Invalid implementing agency,agency recorded as 'INVALID CO.',2026-08,Table 6,58,615821,TIRAP OCP,Ministry of Coal
DQ02,warning,Expenditure 2-10x sanctioned cost,expenditure Rs 798.42 cr vs sanctioned Rs 153.71 cr (5.2x),2026-08,Table 6,72,606112,Tezpur University Projects,Department of Higher Education
DQ02,warning,Expenditure 2-10x sanctioned cost,"expenditure Rs 3,066.05 cr vs sanctioned Rs 1,480.70 cr (2.1x)",2026-08,Table 6,151,701396,Lower Pedhi Project,"Department of Water Resources, River Development & GR"
DQ04,warning,Near-complete but little spent,"progress 100.00%, spent 0.0% of sanctioned cost",2026-08,Table 6,137,617936,Widening to two/four lane with paved shoulder from Km.180.600 to Km.223.000 of NH-63 on Nizamabad-Jagadalpur road on EPC mode under NHO in the state of Telangana.,Ministry of Road Transport & Highways
DQ04,warning,Near-complete but little spent,"progress 95.77%, spent 0.0% of sanctioned cost",2026-08,Table 6,90,617986,Kurnool/Kadapa Border-Jammalamadugu section of NH-167K i.e. Design Ch. Km 248010 to km 269900 to 2,Ministry of Road Transport & Highways
DQ04,warning,Near-complete but little spent,"progress 98.00%, spent 0.0% of sanctioned cost",2026-08,Table 6,113,618070,Widening to 2 Lanes with paved shoulders from Km.87/000 to 133/720 Nattukal to Thanau Jn. in Palakkad of NH-966 Old NH-213 on EPC mode Basis under NHO Annual Plan 2016-17 in the state of Kerala,Ministry of Road Transport & Highways
DQ04,warning,Near-complete but little spent,"progress 91.00%, spent 3.5% of sanctioned cost",2026-08,Table 6,119,618178,Widening and strengthening of Gangakhed to Kingaon section of NH-752K in Km 38/750 to 72/304 Flexible Pavement Length33.554 km to 2-lane configuration on EPC mode in the State of Maharashtra.,Ministry of Road Transport & Highways
DQ04,warning,Near-complete but little spent,"progress 100.00%, spent 0.0% of sanctioned cost",2026-08,Table 6,123,618415,"Improvement of existing road to 2 laning with Hard Shoulders of Maram-Peren section Package-1B, length- 17.660 km from Design Chainage 22.340 km to 40.000 km on NH-129A in the State of Manipur on EPC mode",Ministry of Road Transport & Highways
DQ04,warning,Near-complete but little spent,"progress 90.12%, spent 8.9% of sanctioned cost",2026-08,Table 6,120,618514,6L of Kagal-Satara section from Km 658.000 to Km 725.000 of NH-48 Pkg-II,Ministry of Road Transport & Highways
DQ04,warning,Near-complete but little spent,"progress 100.00%, spent 0.6% of sanctioned cost",2026-08,Table 6,136,619086,Chengapalli km 102.035 to Neelambur Km144.680 and Madukkarai Km 170.880 to Walayar K183.010 Package No. NS-2/BOT/TN-08,Ministry of Road Transport & Highways
DQ05,warning,Spending far ahead of progress,"progress 0%, spent 40.6% of sanctioned cost",2026-08,Table 6,151,701530,Ken-Betwa Linking Development Project,"Department of Water Resources, River Development & GR"
DQ05,warning,Spending far ahead of progress,"progress 0%, spent 41.8% of sanctioned cost",2026-08,Table 6,85,611751,Aurangabad-Ankai 98.25 km,Ministry of Railways
DQ05,warning,Spending far ahead of progress,"progress 0%, spent 32.3% of sanctioned cost",2026-08,Table 6,86,617333,Construction of surface traingle between Bhadaura and new crossing station Karma Dildarnagar-Taraghat line 11.1 km PB72/NR/2022-23,Ministry of Railways
DQ05,warning,Spending far ahead of progress,"progress 0%, spent 35.8% of sanctioned cost",2026-08,Table 6,130,617918,"Widening and Strengthening of existing S/L, I/L, & D/L to 2 Lane with PS from Km 256/455 to 256/503, 256/820 to 256/960, 265/760 to 266/010, 266/010 to 266/800, 270/975 to 271/055, 276/460 to 276/560, 276/560 to 276/700, 276/700 to 277/480, 285/780 to 288/290, 288/290 to 291/050 and construction of 3 Nos. of Bypass from Km 266/800 to 267/300, 270/025 to 270/975, & 284/700 to 285/780 on NH-53 under NHO in Annual Plan 2022-23 for the State of Odisha.",Ministry of Road Transport & Highways
DQ05,warning,Spending far ahead of progress,"progress 0%, spent 26.3% of sanctioned cost",2026-08,Table 6,103,619276,Development of 4-lane with paved shoulders from Budhel Junction to Vartej Y- Junction Km 0900 to Km 9400 on EPC mode under NHO in the State of Gujarat,Ministry of Road Transport & Highways
DQ08,warning,Target completion before approval,"approved 05/2026, target completion 03/2026",2026-08,Table 6,70,612068,Jaipur Metro Phase 1D Project from Mansarovar to Ajmer Road Chauraha,Ministry of Housing & Urban Affairs
DQ10,warning,Overdue with no revised schedule,target 12/2025 passed 8 months ago; no revised date,2026-08,Table 6,73,613013,Establishment of NIT Nagaland,Department of Higher Education
DQ10,warning,Overdue with no revised schedule,target 05/2023 passed 39 months ago; no revised date,2026-08,Table 6,149,547243,BharatNet Phase-II,Department of Telecommunications
DQ10,warning,Overdue with no revised schedule,target 12/2025 passed 8 months ago; no revised date,2026-08,Table 6,150,616612,Sewage Treatment Plant 50MLD and Sewerage Network 150 km in Kankarbagh Patna under Hybrid annuity based PPP mode Namami Gange Programme,"Department of Water Resources, River Development & GR"
DQ10,warning,Overdue with no revised schedule,target 03/2026 passed 5 months ago; no revised date,2026-08,Table 6,58,613798,AMERA OC RCE [1.0 MTY],Ministry of Coal
DQ10,warning,Overdue with no revised schedule,target 03/2026 passed 5 months ago; no revised date,2026-08,Table 6,58,613799,AMGAON OC RCE [1.0 MTY],Ministry of Coal
DQ10,warning,Overdue with no revised schedule,target 03/2026 passed 5 months ago; no revised date,2026-08,Table 6,62,615857,Naini Coal Mine,Ministry of Coal
DQ10,warning,Overdue with no revised schedule,target 03/2026 passed 5 months ago; no revised date,2026-08,Table 6,62,615858,Kalyanikhani Opencast Project,Ministry of Coal
DQ10,warning,Overdue with no revised schedule,target 03/2026 passed 5 months ago; no revised date,2026-08,Table 6,62,615862,Goleti Opencast Mine,Ministry of Coal
DQ10,warning,Overdue with no revised schedule,target 03/2026 passed 5 months ago; no revised date,2026-08,Table 6,62,615863,Venkatesh Khani Coal Mine,Ministry of Coal
DQ10,warning,Overdue with no revised schedule,target 10/2025 passed 10 months ago; no revised date,2026-08,Table 6,79,707020,Establishment of new GMC Jamui,Ministry of Health & Family Welfare
DQ10,warning,Overdue with no revised schedule,target 05/2026 passed 3 months ago; no revised date,2026-08,Table 6,79,707045,Establishment of new GMC Mahasamund,Ministry of Health & Family Welfare
DQ10,warning,Overdue with no revised schedule,target 03/2026 passed 5 months ago; no revised date,2026-08,Table 6,79,707049,Establishment of new GMC Panchmahal,Ministry of Health & Family Welfare
DQ10,warning,Overdue with no revised schedule,target 09/2024 passed 23 months ago; no revised date,2026-08,Table 6,79,707050,Establishment of new GMC Porbandar,Ministry of Health & Family Welfare
DQ10,warning,Overdue with no revised schedule,target 04/2024 passed 28 months ago; no revised date,2026-08,Table 6,80,707058,Establishment of new GMC Rajgarh,Ministry of Health & Family Welfare
DQ10,warning,Overdue with no revised schedule,target 04/2026 passed 4 months ago; no revised date,2026-08,Table 6,80,707059,Establishment of new GMC Mandla,Ministry of Health & Family Welfare
DQ10,warning,Overdue with no revised schedule,target 03/2026 passed 5 months ago; no revised date,2026-08,Table 6,70,612068,Jaipur Metro Phase 1D Project from Mansarovar to Ajmer Road Chauraha,Ministry of Housing & Urban Affairs
DQ10,warning,Overdue with no revised schedule,target 07/2022 passed 49 months ago; no revised date,2026-08,Table 6,70,701745,New Suburba Station Development Project,Ministry of Housing & Urban Affairs
DQ10,warning,Overdue with no revised schedule,target 12/2025 passed 8 months ago; no revised date,2026-08,Table 6,85,611751,Aurangabad-Ankai 98.25 km,Ministry of Railways
DQ10,warning,Overdue with no revised schedule,target 07/2026 passed 1 months ago; no revised date,2026-08,Table 6,83,611754,South Central Railway - Rail road over double line between Guntakal West-Mallapa Gate 9.64 km PB34/CR/2023-24,Ministry of Railways
DQ10,warning,Overdue with no revised schedule,target 12/2025 passed 8 months ago; no revised date,2026-08,Table 6,88,612834,3rd & 4th line between Sarla - Sason 8 km PB73/2023-24/NR,Ministry of Railways
DQ10,warning,Overdue with no revised schedule,target 06/2026 passed 2 months ago; no revised date,2026-08,Table 6,83,616697,3rd & 4 th line Vadlapudi-Gate Jn. incl. tie line between Gangavaram Port- Visakhapatnam Steel Plant12.04 km PB73/2023-24/NR,Ministry of Railways
DQ10,warning,Overdue with no revised schedule,target 03/2019 passed 89 months ago; no revised date,2026-08,Table 6,137,617936,Widening to two/four lane with paved shoulder from Km.180.600 to Km.223.000 of NH-63 on Nizamabad-Jagadalpur road on EPC mode under NHO in the state of Telangana.,Ministry of Road Transport & Highways
DQ10,warning,Overdue with no revised schedule,target 06/2026 passed 2 months ago; no revised date,2026-08,Table 6,100,617972,Upgradation to Two lane with Paved Shoulder Configuration of Narayanpur Kasturmeta pkg-II from design ch. 48.693 to 70.453 design length21.760 Km. on NH-130D under EPC mode in the state of Chhattisgarh.,Ministry of Road Transport & Highways
DQ10,warning,Overdue with no revised schedule,target 07/2026 passed 1 months ago; no revised date,2026-08,Table 6,81,617243,Replacement of Hot Leveller No.1 of Plate Mill at Bhilai Steel Plant,Ministry of Steel
DQ11,warning,Approval date missing,date of approval: NA,2026-08,Table 6,151,701530,Ken-Betwa Linking Development Project,"Department of Water Resources, River Development & GR"
DQ11,warning,Approval date missing,date of approval: NA,2026-08,Table 6,84,706865,Chandorgaon-Cansaulim rail flyover 16 km Umbrella work PB57/2019-20/NR,Ministry of Railways
DQ13,warning,Physical progress went down,83.00% (2026-04) -> 81.20% (2026-05),2026-05,Table 6,160,701602,"Provision of 4G based mobile services in 7,287 uncovered villages of 44 Aspirational District across 5 states of Andhra Pradesh, Chhattisgarh, Jharkhand, Maharashtra & Odisha",Department of Telecommunications
DQ13,warning,Physical progress went down,39.68% (2026-06) -> 27.90% (2026-07),2026-07,Table 6,56,611495,Development of New Civil Enclave at Bagdogra Airport,Ministry of Civil Aviation
DQ13,warning,Physical progress went down,53.47% (2026-04) -> 46.25% (2026-05),2026-05,Table 6,56,400073,KONAR EXPANSION OCP,Ministry of Coal
DQ13,warning,Physical progress went down,23.57% (2026-04) -> 22.38% (2026-05),2026-05,Table 6,56,400074,KARO EXPANSION OCP,Ministry of Coal
DQ13,warning,Physical progress went down,47.95% (2026-04) -> 45.52% (2026-05),2026-05,Table 6,56,400139,KOTRE BASANTPUR PACHMO OCP,Ministry of Coal
DQ13,warning,Physical progress went down,71.38% (2026-04) -> 68.75% (2026-05),2026-05,Table 6,56,400151,NORTH URIMARI EXPANSION OCP,Ministry of Coal
DQ13,warning,Physical progress went down,28.85% (2026-04) -> 27.51% (2026-05),2026-05,Table 6,56,400155,EPR ASHOK OC,Ministry of Coal
DQ13,warning,Physical progress went down,78.25% (2026-04) -> 76.99% (2026-05),2026-05,Table 6,56,400160,RAJRAPPA RCE OCP,Ministry of Coal
DQ13,warning,Physical progress went down,76.99% (2026-05) -> 75.61% (2026-06),2026-06,Table 6,61,400160,RAJRAPPA RCE OCP,Ministry of Coal
DQ13,warning,Physical progress went down,32.23% (2026-04) -> 29.39% (2026-05),2026-05,Table 6,56,400352,JHARKHAND-LAIYO OCP,Ministry of Coal
DQ13,warning,Physical progress went down,63.52% (2026-04) -> 56.02% (2026-05),2026-05,Table 6,56,615822,SIRKA OC,Ministry of Coal
DQ13,warning,Physical progress went down,31.27% (2026-04) -> 29.90% (2026-05),2026-05,Table 6,56,615843,TETARIAKHAR OC,Ministry of Coal
DQ13,warning,Physical progress went down,40.34% (2026-06) -> 23.75% (2026-07),2026-07,Table 6,56,616234,PELMA OC MDO,Ministry of Coal
DQ13,warning,Physical progress went down,34.18% (2026-04) -> 32.62% (2026-05),2026-05,Table 6,57,616236,JARANGDIH EXPN. OCP 1.5 MTY,Ministry of Coal
DQ13,warning,Physical progress went down,61.00% (2026-04) -> 57.00% (2026-05),2026-05,Table 6,76,617883,"Redevelopment of Residential colonies at Ayur Vigyan Nagar and West Ansari Nagar campuses of AIIMS, New Delhi",Ministry of Health & Family Welfare
DQ13,warning,Physical progress went down,50.00% (2026-07) -> 32.00% (2026-08),2026-08,Table 6,79,707020,Establishment of new GMC Jamui,Ministry of Health & Family Welfare
DQ13,warning,Physical progress went down,59.00% (2026-06) -> 45.00% (2026-07),2026-07,Table 6,76,707046,Establishment of new GMC Kanker,Ministry of Health & Family Welfare
DQ13,warning,Physical progress went down,84.00% (2026-06) -> 78.00% (2026-07),2026-07,Table 6,77,707087,Establishment of new GMC Pithoragarh,Ministry of Health & Family Welfare
DQ13,warning,Physical progress went down,84.87% (2026-04) -> 23.50% (2026-05),2026-05,Table 6,68,400426,Expansion of Malanjkhand Copper Project,Ministry of Mines
DQ13,warning,Physical progress went down,95.80% (2026-05) -> 94.00% (2026-06),2026-06,Table 6,79,400171,2G Ethanol Biorefinery at Bathinda,Ministry of Petroleum & Natural Gas
DQ13,warning,Physical progress went down,99.90% (2026-06) -> 92.90% (2026-07),2026-07,Table 6,75,709839,Daman Upside Development Project,Ministry of Petroleum & Natural Gas
DQ13,warning,Physical progress went down,77.00% (2026-05) -> 75.81% (2026-06),2026-06,Table 6,67,602185,Tapovan-Vishnugad HEP [4x130 MW],Ministry of Power
DQ13,warning,Physical progress went down,4.20% (2026-06) -> 1.00% (2026-07),2026-07,Table 6,88,400205,Sahjanwa - Dohrighat 81.17 km,Ministry of Railways
DQ13,warning,Physical progress went down,67.00% (2026-06) -> 55.00% (2026-07),2026-07,Table 6,87,400232,Brundamal - Jharsuguda - Fly-over connection for joining down line 6.6 km,Ministry of Railways
DQ13,warning,Physical progress went down,76.00% (2026-06) -> 49.00% (2026-07),2026-07,Table 6,89,400247,"Kalinarayanpur-Krishnanagar with Krishnanagar-Shantipur-Nabadwipghat - GC, Krishnanagar-Chartala, MM for Krishnanagar-Chapra-NL, Naihati-Ranaghat-3rd line, Nabadwipghat-Nabadwipdham upto BB loop 9.58 km, Ranaghat-Lalgola- strengthening bridge No.2",Ministry of Railways
DQ13,warning,Physical progress went down,84.20% (2026-06) -> 80.00% (2026-07),2026-07,Table 6,81,400254,Sakri-Hasanpur 79 km,Ministry of Railways
DQ13,warning,Physical progress went down,96.90% (2026-06) -> 75.00% (2026-07),2026-07,Table 6,89,400273,"Tarakeswar-Bishnupur with extension upto Dhaniakhali, Arambagh-Irphala, Irphala- Ghatal 11.2 km, Arambagh-Champadanga 23.3 km & Bishnupur-Uparsol 31.8 km and new material modification for Mynapur-Kamarpukur via Birsha 19 km",Ministry of Railways
DQ13,warning,Physical progress went down,97.60% (2026-05) -> 96.17% (2026-06),2026-06,Table 6,85,400291,Doubling of Kirandul-Jagdalpur Line [150 km],Ministry of Railways
DQ13,warning,Physical progress went down,96.17% (2026-06) -> 89.00% (2026-07),2026-07,Table 6,81,400291,Kirandul-Jagdalpur 150 km,Ministry of Railways
DQ13,warning,Physical progress went down,55.02% (2026-06) -> 2.00% (2026-07),2026-07,Table 6,80,400298,Nadikude-Srikalahasti 308.7 km,Ministry of Railways
DQ13,warning,Physical progress went down,33.00% (2026-06) -> 15.00% (2026-07),2026-07,Table 6,87,602797,"Sainthia, Sitarampur, Mughalsarai, Allahabad & Etawah - Bypass 35 km",Ministry of Railways
DQ13,warning,Physical progress went down,2.03% (2026-06) -> 0.00% (2026-07),2026-07,Table 6,83,611751,Aurangabad-Ankai 98.25 km,Ministry of Railways
DQ13,warning,Physical progress went down,3.04% (2026-05) -> 0.00% (2026-07),2026-07,Table 6,80,611752,Doubling between Gooty-Pendakallu 29.225 km PB73/2023-24/NR,Ministry of Railways
DQ13,warning,Physical progress went down,15.00% (2026-06) -> 3.00% (2026-07),2026-07,Table 6,82,612815,Nipania-Bhatapra 14.4 km 4th line PB72/NR/2022-23,Ministry of Railways
DQ13,warning,Physical progress went down,92.00% (2026-06) -> 88.00% (2026-07),2026-07,Table 6,87,612834,3rd & 4th line between Sarla - Sason 8 km PB73/2023-24/NR,Ministry of Railways
DQ13,warning,Physical progress went down,5.50% (2026-06) -> 0.00% (2026-07),2026-07,Table 6,87,616694,Flyover between Siju & Paradeep coaching yard 7 km PB73/2023-24/NR,Ministry of Railways
DQ13,warning,Physical progress went down,10.50% (2026-06) -> 7.00% (2026-07),2026-07,Table 6,87,616695,Construction of Paradeep- Badabandha 3rd & 4th line 18.51 km PB34/ECOR/2023-24,Ministry of Railways
DQ13,warning,Physical progress went down,18.00% (2026-06) -> 3.00% (2026-07),2026-07,Table 6,85,616699,Multi tracking of Son Nagar-Andal 374.53 rkm & 814.38 tkm PB34/ECOR/2023-24,Ministry of Railways
DQ13,warning,Physical progress went down,12.50% (2026-06) -> 1.00% (2026-07),2026-07,Table 6,81,616701,Lumding-Furkating section 140 km Umbrella work PB57/2019-20/NR,Ministry of Railways
DQ13,warning,Physical progress went down,24.00% (2026-06) -> 12.00% (2026-07),2026-07,Table 6,88,617252,Anand Nagar - Ghughuli via Maharajganj 53.37 km,Ministry of Railways
DQ13,warning,Physical progress went down,60.00% (2026-06) -> 15.00% (2026-07),2026-07,Table 6,84,617364,Central Railway - Double chord line between Nilaje and Kopar 4.495 km PB34/CR/2023-24,Ministry of Railways
DQ13,warning,Physical progress went down,27.55% (2026-06) -> 22.00% (2026-07),2026-07,Table 6,88,617370,Doubling between Jaunpur Jn - Zaffarabad 6.28 km PB73/2023-24/NR,Ministry of Railways
DQ13,warning,Physical progress went down,72.00% (2026-05) -> 60.00% (2026-07),2026-07,Table 6,82,617372,Pradhankhunta Jn-Patherdih Bazar-Bhojudih 17.1 km Umbrella work PB57/2019- 20/NR,Ministry of Railways
DQ13,warning,Physical progress went down,88.30% (2026-06) -> 85.00% (2026-07),2026-07,Table 6,86,703586,Baiyyappanahalli-Hosur 48 km,Ministry of Railways
DQ13,warning,Physical progress went down,98.00% (2026-04) -> 93.00% (2026-05),2026-05,Table 6,84,705356,Ahmednagar - Beed - Parli - Vaijnath New Broad Gauge Line Railway Project [261.3 km],Ministry of Railways
DQ13,warning,Physical progress went down,75.60% (2026-06) -> 74.00% (2026-07),2026-07,Table 6,81,705366,Hajipur-Sagauli via Vaishali 148.3 km,Ministry of Railways
DQ13,warning,Physical progress went down,46.90% (2026-06) -> 40.00% (2026-07),2026-07,Table 6,81,705368,Araria-Supaul 92 km,Ministry of Railways
DQ13,warning,Physical progress went down,98.20% (2026-06) -> 95.00% (2026-07),2026-07,Table 6,81,705373,Fatuah-Islampur incl. material modification for extension of new line from Neora to Daniawan Daniawan to Biharsharif Biharsharif to Barbigha Barbigha to Sheikhpura,Ministry of Railways
DQ13,warning,Physical progress went down,95.60% (2026-06) -> 90.00% (2026-07),2026-07,Table 6,85,705375,Koderma-Tilaiya 68 km,Ministry of Railways
DQ13,warning,Physical progress went down,61.90% (2026-06) -> 40.00% (2026-07),2026-07,Table 6,85,705385,Pirpainti - Jasidih 97 km,Ministry of Railways
DQ13,warning,Physical progress went down,46.50% (2026-06) -> 45.00% (2026-07),2026-07,Table 6,85,705392,Dimapur-Kohima 88 km,Ministry of Railways
DQ13,warning,Physical progress went down,72.00% (2026-06) -> 67.00% (2026-07),2026-07,Table 6,85,705401,Murkongselek-Pasighat 26.15 km,Ministry of Railways
DQ13,warning,Physical progress went down,85.50% (2026-06) -> 84.00% (2026-07),2026-07,Table 6,86,705410,Nangal Dam-Talwara 83.74 km - New broad gauge line & taking over siding Mukerian- Talwara 29.16 km,Ministry of Railways
DQ13,warning,Physical progress went down,95.00% (2026-06) -> 91.00% (2026-07),2026-07,Table 6,83,705419,Gwalior-Sheorpurkalan with extension to Kota 284 km,Ministry of Railways
DQ13,warning,Physical progress went down,93.10% (2026-05) -> 80.00% (2026-06),2026-06,Table 6,92,705432,Sivok-Rangpo New Rail Line,Ministry of Railways
DQ13,warning,Physical progress went down,80.50% (2026-06) -> 58.00% (2026-07),2026-07,Table 6,86,705454,Chhota Udepur-Dhar 157 km,Ministry of Railways
DQ13,warning,Physical progress went down,83.00% (2026-06) -> 75.00% (2026-07),2026-07,Table 6,86,705457,Ratlam-Mhow-Khandwa-Akola 472.64 km including material modification for Fatehabad-Chandrawati Ganj-Ujjain 22.96 km and Rau-DADN doubling 9.40 km,Ministry of Railways
DQ13,warning,Physical progress went down,45.00% (2026-06) -> 34.00% (2026-07),2026-07,Table 6,82,705458,Miyagam-Karjan-Dabhoi-Samlaya 96.46 km- Gauge conversion with electrification,Ministry of Railways
DQ13,warning,Physical progress went down,40.00% (2026-05) -> 36.50% (2026-06),2026-06,Table 6,88,705490,Gadag-Wadi New Railway Line [257 km],Ministry of Railways
DQ13,warning,Physical progress went down,36.50% (2026-06) -> 35.00% (2026-07),2026-07,Table 6,83,705490,Gadag - Wadi 252 km,Ministry of Railways
DQ13,warning,Physical progress went down,21.50% (2026-06) -> 20.00% (2026-07),2026-07,Table 6,84,705491,Marikuppam-Kuppam 23.7 km,Ministry of Railways
DQ13,warning,Physical progress went down,84.80% (2026-06) -> 83.00% (2026-07),2026-07,Table 6,83,705492,Kadur-Chickmagalur-Sakleshpur 93 km,Ministry of Railways
DQ13,warning,Physical progress went down,73.00% (2026-06) -> 65.00% (2026-07),2026-07,Table 6,84,705494,Rayadurg-Tumkur via Kalyandurg 213 km,Ministry of Railways
DQ13,warning,Physical progress went down,36.50% (2026-06) -> 35.00% (2026-07),2026-07,Table 6,83,705495,Bagalkot-Kudachi 142 km,Ministry of Railways
DQ13,warning,Physical progress went down,98.00% (2026-04) -> 86.00% (2026-05),2026-05,Table 6,85,705502,3rd Line Wardha - Ballarshah [132 Kilometres],Ministry of Railways
DQ13,warning,Physical progress went down,55.00% (2026-04) -> 50.00% (2026-05),2026-05,Table 6,87,705507,Itarsi - Nagpur Third Railway Line [280 km],Ministry of Railways
DQ13,warning,Physical progress went down,95.80% (2026-06) -> 87.00% (2026-07),2026-07,Table 6,87,705510,Bhadrak-Nergundi - 3rd line 80 km,Ministry of Railways
DQ13,warning,Physical progress went down,87.00% (2026-07) -> 85.00% (2026-08),2026-08,Table 6,88,705510,Bhadrak-Nergundi - 3rd line 80 km,Ministry of Railways
DQ13,warning,Physical progress went down,94.94% (2026-05) -> 92.55% (2026-06),2026-06,Table 6,91,705511,Jagdalpur-Koraput,Ministry of Railways
DQ13,warning,Physical progress went down,92.55% (2026-06) -> 90.00% (2026-07),2026-07,Table 6,85,705511,Jagdalpur-Koraput 110.22 km,Ministry of Railways
DQ13,warning,Physical progress went down,75.19% (2026-05) -> 67.67% (2026-06),2026-06,Table 6,93,705513,Koraput - Singapur Railway Doubling,Ministry of Railways
DQ13,warning,Physical progress went down,67.67% (2026-06) -> 56.00% (2026-07),2026-07,Table 6,87,705513,Koraput-Singapur Road 164.56 km,Ministry of Railways
DQ13,warning,Physical progress went down,59.00% (2026-06) -> 25.00% (2026-07),2026-07,Table 6,87,705514,Jarapaada-Budhapank with flyover at Talcher Road - 3rd & 4th line 47 44 km,Ministry of Railways
DQ13,warning,Physical progress went down,90.00% (2026-06) -> 86.00% (2026-07),2026-07,Table 6,87,705515,Budhapank-Salegaon via Rajatgarh - 3rd & 4th line 85 85 km,Ministry of Railways
DQ13,warning,Physical progress went down,100.00% (2026-06) -> 92.00% (2026-07),2026-07,Table 6,81,705526,Samastipur-Darbhanga 38 km,Ministry of Railways
DQ13,warning,Physical progress went down,93.00% (2026-06) -> 91.00% (2026-07),2026-07,Table 6,81,705527,Sagauli - Valmikinagar 109.7 km,Ministry of Railways
DQ13,warning,Physical progress went down,95.16% (2026-06) -> 91.00% (2026-07),2026-07,Table 6,81,705572,New Bongaigaon - Goalpara - Guwahati Kamakhya 176 km,Ministry of Railways
DQ13,warning,Physical progress went down,89.04% (2026-06) -> 50.00% (2026-07),2026-07,Table 6,84,705610,"Renigunta 9.60 km, Wadi 7.60 km & Gooty 3.8 km - Bypass",Ministry of Railways
DQ13,warning,Physical progress went down,97.00% (2026-06) -> 88.00% (2026-07),2026-07,Table 6,85,705616,Jharsuguda - Bilaspur - 4th line 206 km,Ministry of Railways
DQ13,warning,Physical progress went down,95.01% (2026-04) -> 93.60% (2026-05),2026-05,Table 6,86,705632,Vijayawada - Kazipet Byepass line,Ministry of Railways
DQ13,warning,Physical progress went down,93.60% (2026-06) -> 90.00% (2026-07),2026-07,Table 6,85,705632,Vijayawada19.50 km & Kazipet10.65 km -Byepass line,Ministry of Railways
DQ13,warning,Physical progress went down,35.00% (2026-06) -> 30.00% (2026-07),2026-07,Table 6,83,705638,Kumbalam-Turavur - Patch doubling 15.59 km,Ministry of Railways
DQ13,warning,Physical progress went down,28.00% (2026-06) -> 25.00% (2026-07),2026-07,Table 6,83,705639,Ernakulam-Kumbalam - Patch doubling 7.71 km,Ministry of Railways
DQ13,warning,Physical progress went down,95.00% (2026-06) -> 84.00% (2026-07),2026-07,Table 6,83,705661,Katni - Grade separator / bypass 21.50 km,Ministry of Railways
DQ13,warning,Physical progress went down,85.90% (2026-06) -> 70.00% (2026-07),2026-07,Table 6,83,705663,Bangalore-Whitefield-Bangalore City-Krishnarajapuram 23.08 km - Quadrupling,Ministry of Railways
DQ13,warning,Physical progress went down,96.71% (2026-06) -> 94.00% (2026-07),2026-07,Table 6,86,705667,Mathura-Jhansi - 3rd line 273.80 km,Ministry of Railways
DQ13,warning,Physical progress went down,2.13% (2026-06) -> 1.00% (2026-07),2026-07,Table 6,87,705741,Jeypore - Navarangpur 38 km,Ministry of Railways
DQ13,warning,Physical progress went down,23.10% (2026-04) -> 7.50% (2026-05),2026-05,Table 6,89,705742,Jeypore-Malkanagiri New Railway Line Project,Ministry of Railways
DQ13,warning,Physical progress went down,7.50% (2026-05) -> 6.00% (2026-07),2026-07,Table 6,87,705742,Jeypore - Malkangiri 130 km,Ministry of Railways
DQ13,warning,Physical progress went down,66.70% (2026-06) -> 65.00% (2026-07),2026-07,Table 6,83,705765,Gomoh - Flyover for down trains 20 km,Ministry of Railways
DQ13,warning,Physical progress went down,96.70% (2026-06) -> 94.00% (2026-07),2026-07,Table 6,89,705780,Bhatni - Aunrihar with electrification 125 km excl Indara - Mau 116.95 km,Ministry of Railways
DQ13,warning,Physical progress went down,98.50% (2026-06) -> 95.00% (2026-07),2026-07,Table 6,81,706759,Rampur Dumra-Tal-Rajendrapul - Addl bridge and doubling 14 km,Ministry of Railways
DQ13,warning,Physical progress went down,56.90% (2026-06) -> 38.00% (2026-07),2026-07,Table 6,81,706860,Barauni-Bachwara 16 km - 3rd & 4th line incl Barauni yard remodelling 32 km Umbrella work PB57/2019-20/NR,Ministry of Railways
DQ13,warning,Physical progress went down,77.00% (2026-06) -> 72.00% (2026-07),2026-07,Table 6,88,706866,Sawaimadhopur - Bypass line 6.98 km Umbrella work PB57/2019-20/NR,Ministry of Railways
DQ13,warning,Physical progress went down,18.00% (2026-06) -> 3.00% (2026-07),2026-07,Table 6,85,709815,4th line - Bhatapara-Hathband 8.8 km PB72/NR/2022-23,Ministry of Railways
DQ13,warning,Physical progress went down,11.00% (2026-06) -> 3.00% (2026-07),2026-07,Table 6,85,709816,4th line - Bhilai-Bhilai nagar 8.8 km PB72/NR/2022-23,Ministry of Railways
DQ13,warning,Physical progress went down,66.00% (2026-05) -> 10.00% (2026-07),2026-07,Table 6,85,709817,4th line - Dadhapara-Belha 9.2 km PB72/NR/2022-23,Ministry of Railways
DQ13,warning,Physical progress went down,36.00% (2026-06) -> 5.00% (2026-07),2026-07,Table 6,82,709818,4th line - Rajnandgaon-Dongarhgarh 31.2 km PB72/NR/2022-23,Ministry of Railways
DQ13,warning,Physical progress went down,75.00% (2026-05) -> 70.00% (2026-06),2026-06,Table 6,138,617930,Construction of Bypass on NH-59 from Km 336/350 to 349/910 13.56 km near Berhampur town including 4-lane RoB in the state of Odisha.,Ministry of Road Transport & Highways
DQ13,warning,Physical progress went down,95.10% (2026-06) -> 73.21% (2026-07),2026-07,Table 6,97,617958,Widening & Strenthening from km132.895 to km 190.15 NH-80,Ministry of Road Transport & Highways
DQ13,warning,Physical progress went down,35.00% (2026-04) -> 33.00% (2026-05),2026-05,Table 6,150,617963,Rehabilitation and upgradation to four lane road from km 70.500 to km 78.600 of NH- 92 under EPC mode in the State of Uttar Pradesh,Ministry of Road Transport & Highways
DQ13,warning,Physical progress went down,68.95% (2026-04) -> 65.57% (2026-05),2026-05,Table 6,124,617979,"Rehabilitation, upgradation & widening of existing highway to 2L/4LPS Rigid Pavement of NH 160 section- Phaltan to Mhaisal near Karnataka Border including Tasgaon Bypass, from existing chainage Km 301/430 to Km 458/415 in the State of Maharashtra. Package-I starting from existing chainage Km 301/430 at Phaltan Village Junction of Phaltan Baramati Road Design Chainage -301/430km & ending at existing chainage Km 341/300 Dahiwadi Village Bus Stop Design chainage Km 340466km in the S",Ministry of Road Transport & Highways
DQ13,warning,Physical progress went down,37.00% (2026-05) -> 34.10% (2026-06),2026-06,Table 6,125,618065,"Rehabilitation/Upgradation of existing Highway to 2LPS/4 lane of Dhawali to Rajoli from Design Km.149476 to 163476 existing Km.150000 to 164000, Pandhasala to Mohadongri from design Km.170476 to 181476 existing Km.171000 to 182000, Ambeshivni Fata to Bodli from design Km.183476 to 185476 existing Km.184000 to 186000 and Made Tukum to Gadchiroli from design Km.188476 to 189476 existing Km.188000 to 18900 having length 28 km of NH-930 of Dhawali to Gadchroli road in the",Ministry of Road Transport & Highways
DQ13,warning,Physical progress went down,10.80% (2026-04) -> 9.22% (2026-05),2026-05,Table 6,148,618140,Widening to two/four lane with paved shoulders from Km.34.250 to Km.71.830 of NH- 365A on Kodad-Khammam-Kurvi road.,Ministry of Road Transport & Highways
DQ13,warning,Physical progress went down,76.20% (2026-07) -> 72.52% (2026-08),2026-08,Table 6,119,618155,Development/Widening of Talegaon Chakan Shikrapur Nhavara Section of NH-548D from existing chainage km. 54/000 to 82/300 and Design chainage Km. 54/000 to 82/120 Shikrapur to Nhavara Section to 2LPS/4L Configuration on EPC Mode in the State of Maharashtra.,Ministry of Road Transport & Highways
DQ13,warning,Physical progress went down,79.00% (2026-07) -> 69.95% (2026-08),2026-08,Table 6,115,618157,Construction of Ater realignment & Bhind bypass Total length. 21.50 km Section of NH-552Extn. to Two lane with paved shoulder configuration in the State of Madhya Pradesh on EPC mode.,Ministry of Road Transport & Highways
DQ13,warning,Physical progress went down,99.15% (2026-04) -> 95.29% (2026-05),2026-05,Table 6,126,618177,Pal Phata Phulambri - Khultabad 2LPS,Ministry of Road Transport & Highways
DQ13,warning,Physical progress went down,100.00% (2026-06) -> 98.09% (2026-07),2026-07,Table 6,91,618257,Rehabilitation and Upgradation to 2-lane with paved shoulders configuration of Koyyuru to Chaprathipalem section Km 120000 to Km 165500 of NH-516E in the State of Andhra Pradesh under Green National Highways Corridor Project GNHCP with the loan assistance of World Bank on EPC mode,Ministry of Road Transport & Highways
DQ13,warning,Physical progress went down,76.63% (2026-07) -> 58.70% (2026-08),2026-08,Table 6,122,618299,Improvement/Up-gradation of existing 2-Lane Road to 4-Lane Divided Highway from Daili to Kuraopokpi section of Imphal-Kohima road NH-02 Design Chainage from Km 274610 to Km 287000 in the state of Manipur on EPC mode Pkg-4B,Ministry of Road Transport & Highways
DQ13,warning,Physical progress went down,25.16% (2026-06) -> 23.07% (2026-07),2026-07,Table 6,95,618309,Widening/lmprovement to 4-Laning and Greenfield alignment with Paved shoulder of Silchar-Badarpur Churaibari section of NH-37 & NH-8 from Design chainage 38.600 End point of proposed Badarpur Bypass to Km. 62.800 Start point of proposed Nilambazar/Cheragi Bypass in the state of Assam on HAM Mode Package-4,Ministry of Road Transport & Highways
DQ13,warning,Physical progress went down,100.00% (2026-05) -> 98.50% (2026-06),2026-06,Table 6,131,618356,Construction of 2 -Lane with paved shoulders road from Tamenglong to Mahur in the state of Manipur from km 31.430 at Old Tamenglong to km 43.480 ending near Phelong on EPC Mode Package-3,Ministry of Road Transport & Highways
DQ13,warning,Physical progress went down,49.88% (2026-04) -> 45.47% (2026-05),2026-05,Table 6,127,618513,6L of Kagal-Satara section from Km 592.500 to Km 658.000 of NH-48 Pkg-I,Ministry of Road Transport & Highways
DQ13,warning,Physical progress went down,63.17% (2026-06) -> 59.88% (2026-07),2026-07,Table 6,105,618922,4L of Shakral Village to Dhalli Section from Km 146.300 to Km 156.560 Shimla Bypass - Pkg II and Shimla connectivity from Km 0.000 to Km 0.725 of NH-5,Ministry of Road Transport & Highways
DQ13,warning,Physical progress went down,82.56% (2026-04) -> 77.57% (2026-05),2026-05,Table 6,146,619094,Thorapalli - Agraharam - Jittandahalli Section from km 23.350 to km 60.100 [Hosur to Dhamrapuri Pkg-2],Ministry of Road Transport & Highways
DQ13,warning,Physical progress went down,84.50% (2026-05) -> 83.00% (2026-06),2026-06,Table 6,134,619154,Construction of Four Lane Highway from Ghazipur- Ballia-UP/Bihar State Border Greenfield section of NH-31 Package III [from Pindari km 78.150 to Rawalganj Bypass Km 117.120] on EPC Mode in the state of Uttar Pradesh.,Ministry of Road Transport & Highways
DQ13,warning,Physical progress went down,20.30% (2026-04) -> 18.30% (2026-05),2026-05,Table 6,79,615202,Capacity expansion of Deposit-14 and 14 NMZ at Kirandul,Ministry of Steel
DQ13,warning,Physical progress went down,43.36% (2026-05) -> 41.68% (2026-06),2026-06,Table 6,84,617246,Up-gradation of Blast Furnace No. 3 at Durgapur Steel Plant,Ministry of Steel
DQ13,warning,Physical progress went down,74.55% (2026-07) -> 73.31% (2026-08),2026-08,Table 6,82,617248,Third Ladle Furnace in Secondary Refinery Unit at IISCO Steel Plant,Ministry of Steel
DQ14,warning,Cumulative expenditure went down,Rs 87.16 cr (2026-05) -> Rs 81.06 cr (2026-06),2026-06,Table 6,75,617221,"Construction of Girls Hostel 400 seater, Boys Hostel 600 seater, Academic Block, International Hostel 100 seater, VC Residence and Purchase of Equipment",Department of Higher Education
DQ14,warning,Cumulative expenditure went down,"Rs 9,791.80 cr (2026-05) -> Rs 8,553.10 cr (2026-06)",2026-06,Table 6,157,400013,Saturation 4G mobile coverage of Uncovered Villages through USOF,Department of Telecommunications
DQ14,warning,Cumulative expenditure went down,Rs 332.43 cr (2026-04) -> Rs 237.98 cr (2026-05),2026-05,Table 6,160,701597,Provision of 4G Mobile Services in Uncovered Villages of Arunachal Pradesh and 2 Districts of Assam,Department of Telecommunications
DQ14,warning,Cumulative expenditure went down,Rs 232.79 cr (2026-04) -> Rs 167.23 cr (2026-05),2026-05,Table 6,159,701598,Provision of 4G based Mobile Services in Uncovered Villages and National Highways of Meghalaya,Department of Telecommunications
DQ14,warning,Cumulative expenditure went down,Rs 701.66 cr (2026-04) -> Rs 480.91 cr (2026-05),2026-05,Table 6,159,701599,Mobile connectivity in Left Wing Extremism [LWE] affected areas-Phase2,Department of Telecommunications
DQ14,warning,Cumulative expenditure went down,"Rs 1,457.51 cr (2026-04) -> Rs 1,100.41 cr (2026-05)",2026-05,Table 6,160,701602,"Provision of 4G based mobile services in 7,287 uncovered villages of 44 Aspirational District across 5 states of Andhra Pradesh, Chhattisgarh, Jharkhand, Maharashtra & Odisha",Department of Telecommunications
DQ14,warning,Cumulative expenditure went down,Rs 152.96 cr (2026-04) -> Rs 92.37 cr (2026-05),2026-05,Table 6,160,704495,"502 Aspirational District Scheme in Four states - Bihar, Madhya Pradesh, Rajastha and Uttar Pradesh",Department of Telecommunications
DQ14,warning,Cumulative expenditure went down,"Rs 48,809.69 cr (2026-07) -> Rs 10,320.00 cr (2026-08)",2026-08,Table 6,149,706775,BharatNet,Department of Telecommunications
DQ14,warning,Cumulative expenditure went down,Rs 183.16 cr (2026-06) -> Rs 0.00 cr (2026-07),2026-07,Table 6,150,708687,Amended BharatNet Program - UP (West),Department of Telecommunications
DQ14,warning,Cumulative expenditure went down,"Rs 1,949.56 cr (2026-06) -> Rs 338.91 cr (2026-07)",2026-07,Table 6,151,617422,Bodwad Parisar Sinchan Yojna,"Department of Water Resources, River Development & GR"
DQ14,warning,Cumulative expenditure went down,Rs 433.64 cr (2026-05) -> Rs 172.30 cr (2026-06),2026-06,Table 6,61,400073,KONAR EXPANSION OCP,Ministry of Coal
DQ14,warning,Cumulative expenditure went down,Rs 289.45 cr (2026-05) -> Rs 208.28 cr (2026-06),2026-06,Table 6,61,400074,KARO EXPANSION OCP,Ministry of Coal
DQ14,warning,Cumulative expenditure went down,Rs 237.61 cr (2026-07) -> Rs 213.82 cr (2026-08),2026-08,Table 6,59,400074,KARO EXPANSION OCP,Ministry of Coal
DQ14,warning,Cumulative expenditure went down,Rs 17.40 cr (2026-06) -> Rs 17.03 cr (2026-07),2026-07,Table 6,57,400136,SANGHMITRA OC,Ministry of Coal
DQ14,warning,Cumulative expenditure went down,Rs 772.12 cr (2026-07) -> Rs 440.75 cr (2026-08),2026-08,Table 6,59,400138,CHANDRAGUPT OCP,Ministry of Coal
DQ14,warning,Cumulative expenditure went down,"Rs 2,299.77 cr (2026-07) -> Rs 1,880.46 cr (2026-08)",2026-08,Table 6,59,400150,RPR MAGADH EXP OCP,Ministry of Coal
DQ14,warning,Cumulative expenditure went down,Rs 606.01 cr (2026-05) -> Rs 598.32 cr (2026-06),2026-06,Table 6,61,400151,NORTH URIMARI EXPANSION OCP,Ministry of Coal
DQ14,warning,Cumulative expenditure went down,Rs 236.58 cr (2026-06) -> Rs 14.78 cr (2026-07),2026-07,Table 6,57,400154,EPR PUNDI OCP,Ministry of Coal
DQ14,warning,Cumulative expenditure went down,"Rs 1,838.82 cr (2026-07) -> Rs 1,383.71 cr (2026-08)",2026-08,Table 6,59,400156,EPR AMRAPALI OCP,Ministry of Coal
DQ14,warning,Cumulative expenditure went down,Rs 684.46 cr (2026-06) -> Rs 545.34 cr (2026-07),2026-07,Table 6,58,400162,BLOCK B EXPANSION [3.5 TO 8.0,Ministry of Coal
DQ14,warning,Cumulative expenditure went down,"Rs 3,543.45 cr (2026-07) -> Rs 3,496.21 cr (2026-08)",2026-08,Table 6,62,400166,SIARMAL OCP,Ministry of Coal
DQ14,warning,Cumulative expenditure went down,Rs 153.96 cr (2026-07) -> Rs 143.68 cr (2026-08),2026-08,Table 6,63,400173,MOHANPUR EXPANSION OC -PHASE I,Ministry of Coal
DQ14,warning,Cumulative expenditure went down,Rs 792.00 cr (2026-07) -> Rs 661.70 cr (2026-08),2026-08,Table 6,61,400178,DINESH[MAKARDHOKRA-III] OC,Ministry of Coal
DQ14,warning,Cumulative expenditure went down,Rs 98.58 cr (2026-07) -> Rs 88.99 cr (2026-08),2026-08,Table 6,63,400180,BONJEMEHARI EXPANSION OCP,Ministry of Coal
DQ14,warning,Cumulative expenditure went down,Rs 697.64 cr (2026-07) -> Rs 629.96 cr (2026-08),2026-08,Table 6,63,400315,SONEPUR BAZARI EXPANSION OCP [,Ministry of Coal
DQ14,warning,Cumulative expenditure went down,Rs 145.81 cr (2026-05) -> Rs 0.43 cr (2026-06),2026-06,Table 6,61,400352,JHARKHAND-LAIYO OCP,Ministry of Coal
DQ14,warning,Cumulative expenditure went down,Rs 917.10 cr (2026-07) -> Rs 840.16 cr (2026-08),2026-08,Table 6,62,400369,BINA KAKRI AMALGAMATION EXPANS,Ministry of Coal
DQ14,warning,Cumulative expenditure went down,"Rs 7,825.46 cr (2026-07) -> Rs 6,984.95 cr (2026-08)",2026-08,Table 6,58,400424,GEVRA OC [70 MTY],Ministry of Coal
DQ14,warning,Cumulative expenditure went down,Rs 132.43 cr (2026-07) -> Rs 71.89 cr (2026-08),2026-08,Table 6,63,612816,ITAPARA OCP,Ministry of Coal
DQ14,warning,Cumulative expenditure went down,Rs 96.80 cr (2026-07) -> Rs 84.82 cr (2026-08),2026-08,Table 6,63,613793,SHYAMSUNDARPUR UG INCLUDING SA,Ministry of Coal
DQ14,warning,Cumulative expenditure went down,Rs 290.40 cr (2026-07) -> Rs 280.03 cr (2026-08),2026-08,Table 6,58,613800,JAGANNATHPUR OC RCE PROJECT,Ministry of Coal
DQ14,warning,Cumulative expenditure went down,Rs 157.90 cr (2026-07) -> Rs 153.40 cr (2026-08),2026-08,Table 6,60,613802,KANCHAN OC EXP,Ministry of Coal
DQ14,warning,Cumulative expenditure went down,Rs 17.90 cr (2026-07) -> Rs 17.61 cr (2026-08),2026-08,Table 6,60,613804,RPR TAWA-III UG 0.84 MTY,Ministry of Coal
DQ14,warning,Cumulative expenditure went down,Rs 379.69 cr (2026-07) -> Rs 276.39 cr (2026-08),2026-08,Table 6,62,615183,KHADIA EXPANSION [10 TO 16 MTP,Ministry of Coal
DQ14,warning,Cumulative expenditure went down,Rs 117.20 cr (2026-07) -> Rs 109.67 cr (2026-08),2026-08,Table 6,60,615185,AMALGAMATED DHANKASA & JAMUNIA,Ministry of Coal
DQ14,warning,Cumulative expenditure went down,Rs 155.37 cr (2026-07) -> Rs 114.90 cr (2026-08),2026-08,Table 6,61,615186,SASTI EXPANSION OPENCAST,Ministry of Coal
DQ14,warning,Cumulative expenditure went down,Rs 62.31 cr (2026-07) -> Rs 58.86 cr (2026-08),2026-08,Table 6,61,615192,GOKUL EXTENSION OC MINE,Ministry of Coal
DQ14,warning,Cumulative expenditure went down,Rs 50.69 cr (2026-07) -> Rs 27.79 cr (2026-08),2026-08,Table 6,60,615194,URDHAN EXPANSION OC COST PLUS,Ministry of Coal
DQ14,warning,Cumulative expenditure went down,Rs 5.93 cr (2026-07) -> Rs 5.27 cr (2026-08),2026-08,Table 6,60,615195,SHARDA UG MINE,Ministry of Coal
DQ14,warning,Cumulative expenditure went down,Rs 23.54 cr (2026-04) -> Rs 23.25 cr (2026-05),2026-05,Table 6,58,615199,KOLGAON EXPANSION DEEP OC MINE,Ministry of Coal
DQ14,warning,Cumulative expenditure went down,Rs 28.54 cr (2026-07) -> Rs 22.19 cr (2026-08),2026-08,Table 6,60,615206,GANDHIGRAM UG MINE,Ministry of Coal
DQ14,warning,Cumulative expenditure went down,Rs 40.02 cr (2026-06) -> Rs 22.02 cr (2026-07),2026-07,Table 6,57,615349,TAPIN SOUTH EXPN,Ministry of Coal
DQ14,warning,Cumulative expenditure went down,Rs 280.03 cr (2026-06) -> Rs 89.92 cr (2026-07),2026-07,Table 6,57,615822,SIRKA OC,Ministry of Coal
DQ14,warning,Cumulative expenditure went down,Rs 43.16 cr (2026-07) -> Rs 38.51 cr (2026-08),2026-08,Table 6,61,615918,RPR OF BHANEGAON OC,Ministry of Coal
DQ14,warning,Cumulative expenditure went down,Rs 681.21 cr (2026-05) -> Rs 652.70 cr (2026-06),2026-06,Table 6,64,616226,INTEGRATED KULDA GARJANBAHAL O,Ministry of Coal
DQ14,warning,Cumulative expenditure went down,Rs 461.54 cr (2026-07) -> Rs 253.17 cr (2026-08),2026-08,Table 6,62,616233,BALABHADRA OCP,Ministry of Coal
DQ14,warning,Cumulative expenditure went down,"Rs 2,254.57 cr (2026-05) -> Rs 2,000.62 cr (2026-06)",2026-06,Table 6,65,617730,600 MW Khavda Solar Power Project,Ministry of Coal
DQ14,warning,Cumulative expenditure went down,Rs 218.85 cr (2026-05) -> Rs 213.64 cr (2026-06),2026-06,Table 6,73,703057,Patiala Water Supply Infrastructure Part-2 Project,Ministry of Housing & Urban Affairs
DQ14,warning,Cumulative expenditure went down,"Rs 8,672.35 cr (2026-06) -> Rs 8,504.21 cr (2026-07)",2026-07,Table 6,71,400012,Kandla Gorakhpur LPG Pipeline,Ministry of Petroleum & Natural Gas
DQ14,warning,Cumulative expenditure went down,"Rs 1,152.51 cr (2026-04) -> Rs 1,113.19 cr (2026-05)",2026-05,Table 6,72,400167,Redevelopment of Santhal Field [Onshore-Mehsana Asset],Ministry of Petroleum & Natural Gas
DQ14,warning,Cumulative expenditure went down,"Rs 70,820.19 cr (2026-06) -> Rs 8,870.29 cr (2026-07)",2026-07,Table 6,74,604859,Integrated Para Xylene [PX] and Purified Terephthalic Acid [PTA] Project at Paradip Refinery,Ministry of Petroleum & Natural Gas
DQ14,warning,Cumulative expenditure went down,"Rs 1,643.70 cr (2026-06) -> Rs 1,560.24 cr (2026-07)",2026-07,Table 6,73,611917,Poly Butadiene Rubber plant at Panipat,Ministry of Petroleum & Natural Gas
DQ14,warning,Cumulative expenditure went down,Rs 543.00 cr (2026-06) -> Rs 464.46 cr (2026-07),2026-07,Table 6,72,617836,Coke Drum Structure Package,Ministry of Petroleum & Natural Gas
DQ14,warning,Cumulative expenditure went down,"Rs 74,990.30 cr (2026-06) -> Rs 13,089.84 cr (2026-07)",2026-07,Table 6,72,701324,Barauni Refinery Capacity Expansion from 6.0 to 9.0 MMTPA,Ministry of Petroleum & Natural Gas
DQ14,warning,Cumulative expenditure went down,"Rs 75,182.67 cr (2026-06) -> Rs 13,901.13 cr (2026-07)",2026-07,Table 6,73,701329,Petrochemical and Lube Integration Project at Gujarat Refinery,Ministry of Petroleum & Natural Gas
DQ14,warning,Cumulative expenditure went down,Rs 130.89 cr (2026-06) -> Rs 124.57 cr (2026-07),2026-07,Table 6,72,709777,Installation of Bitumen Manufacturing Unit along with allied facilities at Barauni Refinery,Ministry of Petroleum & Natural Gas
DQ14,warning,Cumulative expenditure went down,Rs 227.48 cr (2026-06) -> Rs 218.17 cr (2026-07),2026-07,Table 6,73,709778,Installation of new Biturox Unit along with allied facilities at Gujarat Refinery,Ministry of Petroleum & Natural Gas
DQ14,warning,Cumulative expenditure went down,Rs 24.10 cr (2026-06) -> Rs 23.58 cr (2026-07),2026-07,Table 6,75,709781,Revamping / Augmentation of Facilities at Mathura Bitumen Plant,Ministry of Petroleum & Natural Gas
DQ14,warning,Cumulative expenditure went down,"Rs 19,735.72 cr (2026-07) -> Rs 19,405.48 cr (2026-08)",2026-08,Table 6,64,400261,Patratu Thermal Power Station Expansion Project Phase-I [3x800 MW],Ministry of Power
DQ14,warning,Cumulative expenditure went down,Rs 471.08 cr (2026-04) -> Rs 431.81 cr (2026-05),2026-05,Table 6,60,603293,Badam Coal Mining project of NTPC,Ministry of Power
DQ14,warning,Cumulative expenditure went down,Rs 36.00 cr (2026-05) -> Rs 18.00 cr (2026-06),2026-06,Table 6,69,619027,WRNES Talegaon Power Transmission Limited,Ministry of Power
DQ14,warning,Cumulative expenditure went down,"Rs 2,616.51 cr (2026-06) -> Rs 1,953.58 cr (2026-07)",2026-07,Table 6,86,400022,Taranga Hill-Abu Road via Ambaji 116.65 km,Ministry of Railways
DQ14,warning,Cumulative expenditure went down,Rs 237.83 cr (2026-06) -> Rs 46.39 cr (2026-07),2026-07,Table 6,87,400232,Brundamal - Jharsuguda - Fly-over connection for joining down line 6.6 km,Ministry of Railways
DQ14,warning,Cumulative expenditure went down,"Rs 1,066.85 cr (2026-06) -> Rs 925.70 cr (2026-07)",2026-07,Table 6,89,400247,"Kalinarayanpur-Krishnanagar with Krishnanagar-Shantipur-Nabadwipghat - GC, Krishnanagar-Chartala, MM for Krishnanagar-Chapra-NL, Naihati-Ranaghat-3rd line, Nabadwipghat-Nabadwipdham upto BB loop 9.58 km, Ranaghat-Lalgola- strengthening bridge No.2",Ministry of Railways
DQ14,warning,Cumulative expenditure went down,"Rs 1,335.29 cr (2026-06) -> Rs 1,175.82 cr (2026-07)",2026-07,Table 6,84,400275,Tindivanam-Nagari 179.2 km,Ministry of Railways
DQ14,warning,Cumulative expenditure went down,"Rs 1,691.27 cr (2026-06) -> Rs 1,369.01 cr (2026-07)",2026-07,Table 6,81,400291,Kirandul-Jagdalpur 150 km,Ministry of Railways
DQ14,warning,Cumulative expenditure went down,"Rs 3,119.31 cr (2026-06) -> Rs 2,535.68 cr (2026-07)",2026-07,Table 6,80,400298,Nadikude-Srikalahasti 308.7 km,Ministry of Railways
DQ14,warning,Cumulative expenditure went down,Rs 296.61 cr (2026-06) -> Rs 185.23 cr (2026-07),2026-07,Table 6,87,602797,"Sainthia, Sitarampur, Mughalsarai, Allahabad & Etawah - Bypass 35 km",Ministry of Railways
DQ14,warning,Cumulative expenditure went down,"Rs 1,375.55 cr (2026-06) -> Rs 381.13 cr (2026-07)",2026-07,Table 6,83,611751,Aurangabad-Ankai 98.25 km,Ministry of Railways
DQ14,warning,Cumulative expenditure went down,Rs 347.98 cr (2026-05) -> Rs 149.34 cr (2026-07),2026-07,Table 6,80,611752,Doubling between Gooty-Pendakallu 29.225 km PB73/2023-24/NR,Ministry of Railways
DQ14,warning,Cumulative expenditure went down,Rs 272.72 cr (2026-06) -> Rs 91.42 cr (2026-07),2026-07,Table 6,80,611754,South Central Railway - Rail road over double line between Guntakal West-Mallapa Gate 9.64 km PB34/CR/2023-24,Ministry of Railways
DQ14,warning,Cumulative expenditure went down,Rs 4.51 cr (2026-04) -> Rs 3.97 cr (2026-05),2026-05,Table 6,87,616227,Chandil - Anara - Damodar - 3rd line [121.26 km],Ministry of Railways
DQ14,warning,Cumulative expenditure went down,Rs 62.20 cr (2026-06) -> Rs 0.00 cr (2026-07),2026-07,Table 6,84,617210,Tirupati-Pakala-Katpadi Doubling 104.39 Km Item83/NR/2024-25,Ministry of Railways
DQ14,warning,Cumulative expenditure went down,"Rs 1,938.02 cr (2026-04) -> Rs 640.06 cr (2026-05)",2026-05,Table 6,85,617212,Doubling between Mudkhed Medchal & Mahbubnagar Dhone section 417.88 Km,Ministry of Railways
DQ14,warning,Cumulative expenditure went down,Rs 208.57 cr (2026-06) -> Rs 155.00 cr (2026-07),2026-07,Table 6,84,617214,"South Central Railway- Rail connectivity to Amaravati, Capital of Andhra Pradesh Errupalem- Amaravati- Namburu New line 57 km PB7/WR/2023-24",Ministry of Railways
DQ14,warning,Cumulative expenditure went down,Rs 197.62 cr (2026-06) -> Rs 174.30 cr (2026-07),2026-07,Table 6,84,617215,Doubling between Parbhani-Parli Vaijnath stations 64.71 km PB34/CR/2023-24,Ministry of Railways
DQ14,warning,Cumulative expenditure went down,Rs 206.02 cr (2026-06) -> Rs 53.46 cr (2026-07),2026-07,Table 6,81,617216,South Central Railway- 3rd line between Gudur-Renigunta stations 83.17 km PB34/CR/2023-24,Ministry of Railways
DQ14,warning,Cumulative expenditure went down,Rs 0.01 cr (2026-05) -> Rs 0.00 cr (2026-06),2026-06,Table 6,84,619326,Nidadavolu-Duvvada 3rd & 4th Lines,Ministry of Railways
DQ14,warning,Cumulative expenditure went down,Rs 713.85 cr (2026-06) -> Rs 700.64 cr (2026-07),2026-07,Table 6,86,703586,Baiyyappanahalli-Hosur 48 km,Ministry of Railways
DQ14,warning,Cumulative expenditure went down,"Rs 5,233.20 cr (2026-06) -> Rs 5,054.69 cr (2026-07)",2026-07,Table 6,84,705356,Ahmednagar - Beed - Parli - Vaijnath New Broad Gauge Line Railway Project [261.3 km],Ministry of Railways
DQ14,warning,Cumulative expenditure went down,"Rs 5,789.53 cr (2026-06) -> Rs 4,825.28 cr (2026-07)",2026-07,Table 6,87,705358,Khurda Road-Bolangir 301 km,Ministry of Railways
DQ14,warning,Cumulative expenditure went down,"Rs 6,889.55 cr (2026-06) -> Rs 6,622.82 cr (2026-07)",2026-07,Table 6,86,705480,"Lalitpur-Satna, Rewa-Singrauli & Mahoba-Khajuraho 541 km",Ministry of Railways
DQ14,warning,Cumulative expenditure went down,Rs 641.26 cr (2026-04) -> Rs 351.21 cr (2026-05),2026-05,Table 6,90,705489,Madurai- Tuticorin New Line,Ministry of Railways
DQ14,warning,Cumulative expenditure went down,Rs 147.99 cr (2026-06) -> Rs 145.72 cr (2026-07),2026-07,Table 6,84,705491,Marikuppam-Kuppam 23.7 km,Ministry of Railways
DQ14,warning,Cumulative expenditure went down,"Rs 1,943.23 cr (2026-06) -> Rs 1,906.63 cr (2026-07)",2026-07,Table 6,84,705494,Rayadurg-Tumkur via Kalyandurg 213 km,Ministry of Railways
DQ14,warning,Cumulative expenditure went down,Rs 809.24 cr (2026-06) -> Rs 797.37 cr (2026-07),2026-07,Table 6,83,705495,Bagalkot-Kudachi 142 km,Ministry of Railways
DQ14,warning,Cumulative expenditure went down,Rs 613.60 cr (2026-05) -> Rs 602.36 cr (2026-06),2026-06,Table 6,88,705496,Tumkur-Chitradurga-Davangere New Rail Line Project [191 km],Ministry of Railways
DQ14,warning,Cumulative expenditure went down,"Rs 1,865.44 cr (2026-04) -> Rs 1,842.26 cr (2026-05)",2026-05,Table 6,85,705506,3rd Line Manmad - Jalgaon [160 Kilometres],Ministry of Railways
DQ14,warning,Cumulative expenditure went down,"Rs 1,403.90 cr (2026-06) -> Rs 1,382.17 cr (2026-07)",2026-07,Table 6,85,705511,Jagdalpur-Koraput 110.22 km,Ministry of Railways
DQ14,warning,Cumulative expenditure went down,"Rs 2,102.51 cr (2026-06) -> Rs 1,460.42 cr (2026-07)",2026-07,Table 6,81,705527,Sagauli - Valmikinagar 109.7 km,Ministry of Railways
DQ14,warning,Cumulative expenditure went down,"Rs 1,058.77 cr (2026-06) -> Rs 777.21 cr (2026-07)",2026-07,Table 6,89,705567,Burhwal - Gonda - 3rd line 61.72 km,Ministry of Railways
DQ14,warning,Cumulative expenditure went down,"Rs 1,729.27 cr (2026-06) -> Rs 1,216.52 cr (2026-07)",2026-07,Table 6,89,705588,Janghai - Pratapgarh - Amethi 87 km,Ministry of Railways
DQ14,warning,Cumulative expenditure went down,Rs 636.74 cr (2026-06) -> Rs 421.36 cr (2026-07),2026-07,Table 6,84,705610,"Renigunta 9.60 km, Wadi 7.60 km & Gooty 3.8 km - Bypass",Ministry of Railways
DQ14,warning,Cumulative expenditure went down,"Rs 3,678.97 cr (2026-06) -> Rs 3,143.54 cr (2026-07)",2026-07,Table 6,85,705617,Rajnandgaon-Nagpur - 3rd line 228 km,Ministry of Railways
DQ14,warning,Cumulative expenditure went down,"Rs 1,249.39 cr (2026-06) -> Rs 705.66 cr (2026-07)",2026-07,Table 6,85,705632,Vijayawada19.50 km & Kazipet10.65 km -Byepass line,Ministry of Railways
DQ14,warning,Cumulative expenditure went down,Rs 345.82 cr (2026-05) -> Rs 337.37 cr (2026-06),2026-06,Table 6,88,705663,Bangalore-Whitefield-Bangalore City-Krishnarajapuram [23.08 km] - Quadrupling,Ministry of Railways
DQ14,warning,Cumulative expenditure went down,"Rs 1,277.63 cr (2026-06) -> Rs 1,202.73 cr (2026-07)",2026-07,Table 6,84,705735,Solapur-Osmanabad - New line via Tuljapur 84.44 km umbrella work PB23/2018- 19/NR,Ministry of Railways
DQ14,warning,Cumulative expenditure went down,Rs 405.39 cr (2026-06) -> Rs 326.20 cr (2026-07),2026-07,Table 6,88,705752,Gudha-Thathana Mithri - Construction of dedicated test track for testing and trial of rolling stocks and infrastructure components umbrella work PB23/2018-19/NR,Ministry of Railways
DQ14,warning,Cumulative expenditure went down,Rs 111.67 cr (2026-05) -> Rs 102.64 cr (2026-06),2026-06,Table 6,88,705761,SHIMOGA - SHIKARIPURA - RANEBENNUR [96 Km],Ministry of Railways
DQ14,warning,Cumulative expenditure went down,Rs 634.71 cr (2026-06) -> Rs 531.63 cr (2026-07),2026-07,Table 6,83,705765,Gomoh - Flyover for down trains 20 km,Ministry of Railways
DQ14,warning,Cumulative expenditure went down,Rs 511.12 cr (2026-06) -> Rs 395.24 cr (2026-07),2026-07,Table 6,89,705774,Aligarh-Daud Khan - 3rd line 6.9 km & construction of flyover at Daud Khan,Ministry of Railways
DQ14,warning,Cumulative expenditure went down,Rs 163.27 cr (2026-06) -> Rs 146.85 cr (2026-07),2026-07,Table 6,89,705777,Bhandai - Flyover for Etawah bound down trains 10 km,Ministry of Railways
DQ14,warning,Cumulative expenditure went down,Rs 137.05 cr (2026-06) -> Rs 108.49 cr (2026-07),2026-07,Table 6,88,705783,Ludhiana-Kila Raipur 19 km with freight line at Gill station,Ministry of Railways
DQ14,warning,Cumulative expenditure went down,Rs 349.31 cr (2026-06) -> Rs 344.50 cr (2026-07),2026-07,Table 6,83,705785,Lodhma-Piska - Link line bypassing Hatia / Ranchi with Y connection 17.2 km,Ministry of Railways
DQ14,warning,Cumulative expenditure went down,"Rs 1,610.45 cr (2026-04) -> Rs 1,581.96 cr (2026-05)",2026-05,Table 6,81,706759,Rampur Dumra-Tal-Rajendrapul Additional Bridge and Railway Line Doubling,Ministry of Railways
DQ14,warning,Cumulative expenditure went down,Rs 186.90 cr (2026-06) -> Rs 142.21 cr (2026-07),2026-07,Table 6,82,709812,Nadiad-Petlad 37.26 km,Ministry of Railways
DQ14,warning,Cumulative expenditure went down,Rs 480.41 cr (2026-07) -> Rs 270.88 cr (2026-08),2026-08,Table 6,137,617913,6-laning of km 9.900 to km 19/948 Aramgarh to Shamshabad Section of Hyderabad- Bangalore section of NH-44 Under NHO EPC basis in the state of Telangana,Ministry of Road Transport & Highways
DQ14,warning,Cumulative expenditure went down,Rs 422.72 cr (2026-05) -> Rs 0.00 cr (2026-06),2026-06,Table 6,154,617968,Construction & Widening Including Augustmuni Bypass Ch-16.545 to Ch - 19.890 to 2L/PS from Km 16.545-Km 33.130 & 45.980 -57.975 Augustmuni to Kund & Guptkashi to Sitapur on NH 109 in UK,Ministry of Road Transport & Highways
DQ14,warning,Cumulative expenditure went down,Rs 426.18 cr (2026-07) -> Rs 358.36 cr (2026-08),2026-08,Table 6,145,617968,Construction & Widening Including Augustmuni Bypass Ch-16.545 to Ch - 19.890 to 2L/PS from Km 16.545-Km 33.130 & 45.980 -57.975 Augustmuni to Kund & Guptkashi to Sitapur on NH 109 in UK,Ministry of Road Transport & Highways
DQ14,warning,Cumulative expenditure went down,Rs 14.99 cr (2026-05) -> Rs 0.00 cr (2026-06),2026-06,Table 6,107,617972,Upgradation to Two lane with Paved Shoulder Configuration of Narayanpur Kasturmeta pkg-II from design ch. 48.693 to 70.453 design length21.760 Km. on NH-130D under EPC mode in the state of Chhattisgarh.,Ministry of Road Transport & Highways
DQ14,warning,Cumulative expenditure went down,Rs 74.51 cr (2026-07) -> Rs 7.77 cr (2026-08),2026-08,Table 6,118,618089,Rehabilitation & Up-gradation of Mudkhed to Nanded section from Km. 372000 to Km 388400 of NH 161A i.e. Nanded-Bhokar-Himayatnagar-Kinwat-Mahur-Arani Road Design chainage from Km 372000 Mudkhed to Km 387650 Nanded of NH 161A Length 15.65 Km to 2/4Lane with paved shoulders configuration in the State of Maharashtra on EPC mode.,Ministry of Road Transport & Highways
DQ14,warning,Cumulative expenditure went down,Rs 304.62 cr (2026-07) -> Rs 256.14 cr (2026-08),2026-08,Table 6,133,618092,Up-gradation to 2 lane with paved shoulder from Neechli Oden Nathdwara at Design Km 88.800 existing km 55.95 to Bhatewar at Design Km 142.028 existing km 0.00 of NH-162E in the State of Rajasthan on EPC mode.,Ministry of Road Transport & Highways
DQ14,warning,Cumulative expenditure went down,Rs 333.10 cr (2026-07) -> Rs 212.04 cr (2026-08),2026-08,Table 6,118,618094,Pen to Khopoli 2LPS,Ministry of Road Transport & Highways
DQ14,warning,Cumulative expenditure went down,Rs 421.58 cr (2026-07) -> Rs 141.84 cr (2026-08),2026-08,Table 6,102,618107,Upgradation of Mehsana-Visnagar-vadnagar-Kheralu-Idar section from km 0/00 to 81/300 of NH 168G Mehsana to Idar in the State of GujaratTotal Length 81.300 Km on Hybrid Annuity Mode HAM,Ministry of Road Transport & Highways
DQ14,warning,Cumulative expenditure went down,Rs 44.45 cr (2026-05) -> Rs 0.00 cr (2026-06),2026-06,Table 6,97,618125,Rehabilitation and upgradation of NH 326A from km 0/0 to 41/979 excluding km 2/255 to 3/372 and km 36/820 to 38/275 Odisha border to Narasamapeta to two lane with paved Shoulders in the State of Andhra Pradesh under NHO on EPC Mode,Ministry of Road Transport & Highways
DQ14,warning,Cumulative expenditure went down,Rs 28.96 cr (2026-07) -> Rs 25.60 cr (2026-08),2026-08,Table 6,94,618159,"Construction of new 2 Lane with paved shoulders of NH Standards from km 0.080 to km 11.690 L11.610 km in Majuli and from km 19.715 to km 27.484 L 7.769 km in Jorhat on the newly declared NH 715K and construction of 1.10 km flyover on NH-715 with its approaches and service roads L1.10 km, Total Length 20.479 km in the State of Assam Job No. 715K/AS/2023-24/256",Ministry of Road Transport & Highways
DQ14,warning,Cumulative expenditure went down,Rs 66.04 cr (2026-07) -> Rs 64.40 cr (2026-08),2026-08,Table 6,111,618189,Widening to two lane with paved shoulder of NH-73New spur road Ujire - Dharmasthala - Periyashanthi in the State of Karnataka under NHO on HAM Mode Job No. NH-73Spur-KNT-2023-24-996,Ministry of Road Transport & Highways
DQ14,warning,Cumulative expenditure went down,Rs 312.40 cr (2026-07) -> Rs 257.77 cr (2026-08),2026-08,Table 6,90,618194,Rehabilitation and upgradation of New NH 544DD from design Chainage Km. 56/000 to 102/20 of Kalyandrg - Molakalmuru Section,Ministry of Road Transport & Highways
DQ14,warning,Cumulative expenditure went down,Rs 512.79 cr (2026-07) -> Rs 431.25 cr (2026-08),2026-08,Table 6,91,618239,"Rehabilitation & Upgradation of NH214 New NH-216 from Km 34/230 to Km 84/550 Losari to Machavaram Section to two lane with paved shoulder in the state of Andhrapradesh under NHDP-IV through Engineering, Procurement& Construction EPC mode.",Ministry of Road Transport & Highways
DQ14,warning,Cumulative expenditure went down,Rs 259.36 cr (2026-06) -> Rs 100.25 cr (2026-07),2026-07,Table 6,140,618367,Improvement and Widening to 2-lane with paved shoulder of road from design Km 72.000 Pati Chhari to design Km 107.654 Harina Total length 35.654 Km on Teliamura to Harina section of NH 208 in the state of Tripura on EPC mode under JICA ODA Loan Phase VI Package-4,Ministry of Road Transport & Highways
DQ14,warning,Cumulative expenditure went down,Rs 242.42 cr (2026-06) -> Rs 239.96 cr (2026-07),2026-07,Table 6,106,618397,Widening and Up-gradation to 2-Lane with Paved Shoulder of configuration and geometric improvement from Km 0.000 to Km 16.990 on Chenani Sudhmahadev section of NH-244 in UT of Jammu and Kashmir to be executed on EPC basis,Ministry of Road Transport & Highways
DQ14,warning,Cumulative expenditure went down,Rs 487.38 cr (2026-06) -> Rs 462.34 cr (2026-07),2026-07,Table 6,140,618417,"Construction of 4-Lane with paved shoulder Agartala bypass Western side, length 25.402 km connecting NH-8 near Amtali to NH-108B near Lembuchhera in the state of Tripura on EPC basis under NHO-NE",Ministry of Road Transport & Highways
DQ14,warning,Cumulative expenditure went down,Rs 435.15 cr (2026-06) -> Rs 357.32 cr (2026-07),2026-07,Table 6,124,618420,"Construction of 2 lane with paved shoulder of Shillong Western Bypass starting from NH-06 near Ladumsaw existing km 60.900 of old NH-40 to NH-106 old NH-44E, Package-II km 12800 to km 24700 under SARDP-NE Phase A in the State of Meghalaya on EPC Mode",Ministry of Road Transport & Highways
DQ14,warning,Cumulative expenditure went down,Rs 0.39 cr (2026-05) -> Rs 0.00 cr (2026-06),2026-06,Table 6,156,618431,Construction of alternative highway to Gangtok in Sikkim via Bagrakot -Chuikhim- Nimbong -Kafer-Bakhim-Algarah-Rhenock in the State of West Bengal and from Rhenok-Rorathang-Pakyong along with spur from Aritar-Rolep-Menla in the State of Sikkim from Km 13.00 to Km 25.60 of Bagrakot -Kafer section of NH 717A on EPC Mode under Phase-A of SARDP-NE in the State of West Bengal PKG- IVB,Ministry of Road Transport & Highways
DQ14,warning,Cumulative expenditure went down,Rs 72.13 cr (2026-05) -> Rs 0.00 cr (2026-06),2026-06,Table 6,103,618441,"Construction of Balance Work of 4-Laning of the Section from Jhanji to Demow of NH- 37 Old from Km 490.800 to Km 501.800 11.000 Km, under SARDP- NE under EPC Mode in the state of Assam Pkg-I Road Works",Ministry of Road Transport & Highways
DQ14,warning,Cumulative expenditure went down,Rs 398.28 cr (2026-06) -> Rs 100.40 cr (2026-07),2026-07,Table 6,96,618442,"Construction of Balance Work of the 4-Laning of the Section from Jorhat to Jhanji of NH-37 Old from Km 477.000 to Km 490800 13.800 Km, under SARDP- NE under EPC Mode in the state of Assam Pkg-III Road Works",Ministry of Road Transport & Highways
DQ14,warning,Cumulative expenditure went down,Rs 41.78 cr (2026-06) -> Rs 40.17 cr (2026-07),2026-07,Table 6,96,618454,"Earthwork in Formation, Road Work, Construction of Bridges, Blanketing, P. Way Linking works including Supply of P. Way Fittings and Track Ballast in connection with Construction of Railway Siding from Jogighopa Railway Station to MMLP at Jogighopa from Ch. 00 to 3760 on Item Rate basis Package -3, Railway Siding from Jogighopa Railway Station to MMLP",Ministry of Road Transport & Highways
DQ14,warning,Cumulative expenditure went down,Rs 982.89 cr (2026-06) -> Rs 952.69 cr (2026-07),2026-07,Table 6,119,618472,Vadodara Mumbai Expressway Phase II - Pkg XVI [Km. 43.000 to Km. 69.800 of Spur] Amne - Bhoj,Ministry of Road Transport & Highways
DQ14,warning,Cumulative expenditure went down,Rs 0.89 cr (2026-05) -> Rs 0.04 cr (2026-06),2026-06,Table 6,115,618534,Construction of Six lane elevated flyover including reconstruction/rehabilitation of existing pavement from Km 426230 to Km 430500 Length 4.27 Km at Nirsa in the Barwa Adda Panagarh section of NH-19 from Km.398.240 to Km.521.120 including Panagarh Bypass in the State of Jharkhand on EPC Mode.,Ministry of Road Transport & Highways
DQ14,warning,Cumulative expenditure went down,Rs 583.62 cr (2026-04) -> Rs 568.17 cr (2026-05),2026-05,Table 6,105,618590,Durg-Raipur-Arang Package - 2 from km. 44.50 to km. 92.23 near Khatti Village to near Aurang,Ministry of Road Transport & Highways
DQ14,warning,Cumulative expenditure went down,Rs 162.84 cr (2026-04) -> Rs 137.19 cr (2026-05),2026-05,Table 6,136,618668,4L of Chowka to Kaimaha near MP/UP Border section NH-34 from D. Ch. 145.000 to D. Ch. 197.266 excluding existing Chhatarpur bypass from D. Ch. 160.307 to D. Ch. 168.630 Package-4,Ministry of Road Transport & Highways
DQ14,warning,Cumulative expenditure went down,Rs 470.40 cr (2026-06) -> Rs 463.98 cr (2026-07),2026-07,Table 6,135,618838,4L of Karwar Km. 281.980 of NH-62 Nagaur road to Dangiyavas of Jodhpur Ring Road Pkg-II,Ministry of Road Transport & Highways
DQ14,warning,Cumulative expenditure went down,Rs 107.31 cr (2026-04) -> Rs 105.97 cr (2026-05),2026-05,Table 6,106,619103,4/6 Laning of Raipur-Simga Pkg-I from km. 0.00 to km. 48.58,Ministry of Road Transport & Highways
DQ14,warning,Cumulative expenditure went down,Rs 575.41 cr (2026-04) -> Rs 560.86 cr (2026-05),2026-05,Table 6,146,619129,Mahabalipuram - Pondicherry Pkg-I [Mamallapuram to Mugaiyur],Ministry of Road Transport & Highways
DQ14,warning,Cumulative expenditure went down,Rs 375.14 cr (2026-07) -> Rs 209.88 cr (2026-08),2026-08,Table 6,139,619193,Rehabilitation and upgradation of NH-221 from km 121/0 to 165/0 Rudrampur to Bhadrachalam section to two lane with paved shoulder under NHDPIV in the state of Telangana through EPC mode,Ministry of Road Transport & Highways
DQ14,warning,Cumulative expenditure went down,Rs 890.55 cr (2026-04) -> Rs 872.45 cr (2026-05),2026-05,Table 6,118,619220,Tumkur-Shimoga Pkg-III from Km 121.900 Banawara to Km 170.415 Bettadahalli of Old NH-206,Ministry of Road Transport & Highways
DQ15,warning,Original cost changed,"Rs 61,109.00 cr (2026-07) -> Rs 12,709.00 cr (2026-08)",2026-08,Table 6,149,706775,BharatNet,Department of Telecommunications
DQ15,warning,Original cost changed,Rs 799.34 cr (2026-04) -> Rs 674.65 cr (2026-05),2026-05,Table 6,56,400073,KONAR EXPANSION OCP,Ministry of Coal
DQ15,warning,Original cost changed,Rs 908.47 cr (2026-04) -> Rs 849.31 cr (2026-05),2026-05,Table 6,56,400074,KARO EXPANSION OCP,Ministry of Coal
DQ15,warning,Original cost changed,Rs 861.06 cr (2026-06) -> Rs 625.40 cr (2026-07),2026-07,Table 6,57,400139,KOTRE BASANTPUR PACHMO OCP,Ministry of Coal
DQ15,warning,Original cost changed,"Rs 7,254.37 cr (2026-05) -> Rs 6,964.33 cr (2026-06)",2026-06,Table 6,61,400150,RPR MAGADH EXP OCP,Ministry of Coal
DQ15,warning,Original cost changed,Rs 778.80 cr (2026-05) -> Rs 634.30 cr (2026-06),2026-06,Table 6,61,400151,NORTH URIMARI EXPANSION OCP,Ministry of Coal
DQ15,warning,Original cost changed,"Rs 1,020.42 cr (2026-05) -> Rs 995.57 cr (2026-06)",2026-06,Table 6,61,400153,EPR ROHINI - KARKETTA OCP,Ministry of Coal
DQ15,warning,Original cost changed,Rs 713.35 cr (2026-05) -> Rs 639.60 cr (2026-06),2026-06,Table 6,61,400154,EPR PUNDI OCP,Ministry of Coal
DQ15,warning,Original cost changed,"Rs 2,898.28 cr (2026-04) -> Rs 2,821.07 cr (2026-05)",2026-05,Table 6,56,400155,EPR ASHOK OC,Ministry of Coal
DQ15,warning,Original cost changed,"Rs 5,136.15 cr (2026-05) -> Rs 4,983.57 cr (2026-06)",2026-06,Table 6,61,400156,EPR AMRAPALI OCP,Ministry of Coal
DQ15,warning,Original cost changed,Rs 764.57 cr (2026-05) -> Rs 654.87 cr (2026-06),2026-06,Table 6,61,400352,JHARKHAND-LAIYO OCP,Ministry of Coal
DQ15,warning,Original cost changed,Rs 222.82 cr (2026-06) -> Rs 183.18 cr (2026-07),2026-07,Table 6,57,615822,SIRKA OC,Ministry of Coal
DQ15,warning,Original cost changed,Rs 243.52 cr (2026-06) -> Rs 232.64 cr (2026-07),2026-07,Table 6,57,615843,TETARIAKHAR OC,Ministry of Coal
DQ15,warning,Original cost changed,Rs 414.37 cr (2026-06) -> Rs 372.06 cr (2026-07),2026-07,Table 6,58,616236,JARANGDIH EXPN. OCP 1.5 MTY,Ministry of Coal
DQ15,warning,Original cost changed,"Rs 1,264.00 cr (2026-06) -> Rs 2,006.07 cr (2026-07)",2026-07,Table 6,76,701172,AIIMS Darbhanga,Ministry of Health & Family Welfare
DQ15,warning,Original cost changed,"Rs 1,486.40 cr (2026-06) -> Rs 1,589.40 cr (2026-07)",2026-07,Table 6,74,616950,PRP-VIII [Group-A],Ministry of Petroleum & Natural Gas
DQ15,warning,Original cost changed,"Rs 6,175.00 cr (2026-04) -> Rs 6,684.00 cr (2026-05)",2026-05,Table 6,74,619314,Pipeline Replacement Project- PRP-IX,Ministry of Petroleum & Natural Gas
DQ15,warning,Original cost changed,"Rs 6,684.00 cr (2026-07) -> Rs 3,471.72 cr (2026-08)",2026-08,Table 6,77,619314,Pipeline Replacement Project- PRP-IX,Ministry of Petroleum & Natural Gas
DQ15,warning,Original cost changed,"Rs 2,379.84 cr (2026-06) -> Rs 2,546.90 cr (2026-07)",2026-07,Table 6,75,709849,PRP-VIII Group B [NH & BS Asset],Ministry of Petroleum & Natural Gas
DQ15,warning,Original cost changed,Rs 224.44 cr (2026-07) -> Rs 547.47 cr (2026-08),2026-08,Table 6,105,618038,Construction of Shopian Bypass on NH-444 taking off from existing chainage Km 36500 and re-joining at km 47588 of existing Chainage New Design Ch. From km 28000 to km 36925 as 2- lane with paved shoulder in the UT of Jammu & Kashmir on EPC mode.,Ministry of Road Transport & Highways
DQ15,warning,Original cost changed,"Rs 975.38 cr (2026-06) -> Rs 1,025.73 cr (2026-07)",2026-07,Table 6,107,618497,Delhi Amritsar Katra Expressway Phase-II Pkg XVIII Development and Upgradation of Four lane Access Control Expressway from Design Chainage KM 530.00 to KM 545.300 Sidhra to Domel Section of NH-44,Ministry of Road Transport & Highways
DQ15,warning,Original cost changed,"Rs 1,757.27 cr (2026-06) -> Rs 1,828.66 cr (2026-07)",2026-07,Table 6,128,618581,Hosur to Dhamrapuri Pkg-1 [Neraluru - Thorapalli Agraharam],Ministry of Road Transport & Highways
DQ15,warning,Original cost changed,"Rs 4,924.11 cr (2026-06) -> Rs 4,919.46 cr (2026-07)",2026-07,Table 6,113,618599,6L of Ramanatukkara Junction to start of Valanchery bypass section of NH-66,Ministry of Road Transport & Highways
DQ15,warning,Original cost changed,Rs 456.79 cr (2026-06) -> Rs 440.16 cr (2026-07),2026-07,Table 6,111,618799,Belakeri Port to Kumta - Sirsi road from km 0.00 - km 4.265 of Belekeri Port Road Link Rd. and km 4.965 - km 60.00 of SH-69,Ministry of Road Transport & Highways
DQ15,warning,Original cost changed,"Rs 1,028.28 cr (2026-06) -> Rs 1,245.33 cr (2026-07)",2026-07,Table 6,99,618903,Maheshkunt -Saharsa-Purnea Pkg II,Ministry of Road Transport & Highways
DQ15,warning,Original cost changed,"Rs 1,954.77 cr (2026-07) -> Rs 2,301.89 cr (2026-08)",2026-08,Table 6,126,618952,4L of Sahibganj - Manihari Ganga Bridge including Manihari Bypass,Ministry of Road Transport & Highways
DQ15,warning,Original cost changed,"Rs 852.00 cr (2026-06) -> Rs 1,247.43 cr (2026-07)",2026-07,Table 6,137,619086,Chengapalli km 102.035 to Neelambur Km144.680 and Madukkarai Km 170.880 to Walayar K183.010 Package No. NS-2/BOT/TN-08,Ministry of Road Transport & Highways
DQ15,warning,Original cost changed,Rs 309.90 cr (2026-06) -> Rs 294.62 cr (2026-07),2026-07,Table 6,112,619138,Yekkambi-Haveri,Ministry of Road Transport & Highways
DQ15,warning,Original cost changed,"Rs 1,182.94 cr (2026-06) -> Rs 1,898.84 cr (2026-07)",2026-07,Table 6,99,619152,Bakhtiyarpur Km 153.300 to Mokama Km 197.900,Ministry of Road Transport & Highways
DQ17,warning,Left the list without completion,absent from the 2026-06 ongoing list; no completion record,2026-06,Table 6,78,707414,Multi Modal Transport Hub [MMTH] Project at Boraki in Greater Noida - Infrastructure Development - Phase 1,Department for Promotion of Industry & Internal Trade
DQ17,warning,Left the list without completion,absent from the 2026-08 ongoing list; no completion record,2026-08,Table 6,70,612894,"Construction of Permanent Campus of Central University of Himachal Pradesh at Dehra, District - Kangra, [H.P.] on Engineering. Procurement and Construction [EPC Mode 1] Basis.",Department of Higher Education
DQ17,warning,Left the list without completion,absent from the 2026-05 ongoing list; no completion record,2026-05,Table 6,162,400093,Saryu Nahar CADWM Project,"Department of Water Resources, River Development & GR"
DQ17,warning,Left the list without completion,absent from the 2026-05 ongoing list; no completion record,2026-05,Table 6,161,400095,Gosikhurd CADWM Project,"Department of Water Resources, River Development & GR"
DQ17,warning,Left the list without completion,absent from the 2026-05 ongoing list; no completion record,2026-05,Table 6,161,400096,Omkareshwar CADWM Project,"Department of Water Resources, River Development & GR"
DQ17,warning,Left the list without completion,absent from the 2026-05 ongoing list; no completion record,2026-05,Table 6,161,400097,Sardar Sarovar CADWM Project,"Department of Water Resources, River Development & GR"
DQ17,warning,Left the list without completion,absent from the 2026-05 ongoing list; no completion record,2026-05,Table 6,161,400105,Urmodi Irrigation Project,"Department of Water Resources, River Development & GR"
DQ17,warning,Left the list without completion,absent from the 2026-05 ongoing list; no completion record,2026-05,Table 6,161,400107,Sulwade-Jamphal-Kanoli Lift Irrigation Scheme,"Department of Water Resources, River Development & GR"
DQ17,warning,Left the list without completion,absent from the 2026-05 ongoing list; no completion record,2026-05,Table 6,161,400109,Purna Barrage-2 [Ner Dhamana] Medium Irrigation Project,"Department of Water Resources, River Development & GR"
DQ17,warning,Left the list without completion,absent from the 2026-05 ongoing list; no completion record,2026-05,Table 6,161,400112,Jigaon Irrigation Project,"Department of Water Resources, River Development & GR"
DQ17,warning,Left the list without completion,absent from the 2026-07 ongoing list; no completion record,2026-07,Table 6,159,701395,Morna [Gureghar] Irrigation Project,"Department of Water Resources, River Development & GR"
DQ17,warning,Left the list without completion,absent from the 2026-05 ongoing list; no completion record,2026-05,Table 6,61,400182,SIDULI [OC & UG],Ministry of Coal
DQ17,warning,Left the list without completion,absent from the 2026-05 ongoing list; no completion record,2026-05,Table 6,61,611016,2.0 MTPA BHOJUDIH NLW WASHERY,Ministry of Coal
DQ17,warning,Left the list without completion,absent from the 2026-05 ongoing list; no completion record,2026-05,Table 6,57,611017,2.5 MTPA PATHERDIH NLW WASHERY,Ministry of Coal
DQ17,warning,Left the list without completion,absent from the 2026-05 ongoing list; no completion record,2026-05,Table 6,60,615193,BASUNDHARA WEST EXTENSION OPEN,Ministry of Coal
DQ17,warning,Left the list without completion,absent from the 2026-08 ongoing list; no completion record,2026-08,Table 6,76,706965,Establishment of new GMC Saran [Chhapara],Ministry of Health & Family Welfare
DQ17,warning,Left the list without completion,absent from the 2026-08 ongoing list; no completion record,2026-08,Table 6,76,706966,Establishment of new GMC Samastipur,Ministry of Health & Family Welfare
DQ17,warning,Left the list without completion,absent from the 2026-08 ongoing list; no completion record,2026-08,Table 6,77,706988,Establishment of new GMC Gondia,Ministry of Health & Family Welfare
DQ17,warning,Left the list without completion,absent from the 2026-08 ongoing list; no completion record,2026-08,Table 6,77,706989,Establishment of new GMC West Garo Hills [Tura],Ministry of Health & Family Welfare
DQ17,warning,Left the list without completion,absent from the 2026-08 ongoing list; no completion record,2026-08,Table 6,76,707016,Establishment of new GMC Sitamarhi,Ministry of Health & Family Welfare
DQ17,warning,Left the list without completion,absent from the 2026-08 ongoing list; no completion record,2026-08,Table 6,76,707017,Establishment of new GMC Jhanjharpur,Ministry of Health & Family Welfare
DQ17,warning,Left the list without completion,absent from the 2026-08 ongoing list; no completion record,2026-08,Table 6,76,707018,Establishment of new GMC Siwan,Ministry of Health & Family Welfare
DQ17,warning,Left the list without completion,absent from the 2026-08 ongoing list; no completion record,2026-08,Table 6,76,707019,Establishment of new GMC Buxar,Ministry of Health & Family Welfare
DQ17,warning,Left the list without completion,absent from the 2026-08 ongoing list; no completion record,2026-08,Table 6,77,707052,Establishment of new GMC Handwara [Distt. Kupwara],Ministry of Health & Family Welfare
DQ17,warning,Left the list without completion,absent from the 2026-08 ongoing list; no completion record,2026-08,Table 6,77,707057,Establishment of new GMC Leh,Ministry of Health & Family Welfare
DQ17,warning,Left the list without completion,absent from the 2026-08 ongoing list; no completion record,2026-08,Table 6,77,707067,Establishment of new GMC Mon,Ministry of Health & Family Welfare
DQ17,warning,Left the list without completion,absent from the 2026-05 ongoing list; no completion record,2026-05,Table 6,69,702355,Storm water drainag Development Project,Ministry of Housing & Urban Affairs
DQ17,warning,Left the list without completion,absent from the 2026-07 ongoing list; no completion record,2026-07,Table 6,82,400382,Rewas Port Project,"Ministry of Ports, Shipping and Waterways"
DQ17,warning,Left the list without completion,absent from the 2026-07 ongoing list; no completion record,2026-07,Table 6,82,619229,"Integrated development of Outer Container Terminal and berth No. 1 though 5 NSD at KDS, SMPK on DBFOT basis through PPP mode","Ministry of Ports, Shipping and Waterways"
DQ17,warning,Left the list without completion,absent from the 2026-07 ongoing list; no completion record,2026-07,Table 6,117,618030,Widening to 2 lane with paved shoulder from Km. 103.225 Pattadakal to Km. 133.00 Shirur cross of NH-367 in the state of Karnataka on EPC Mode.Job No. NH-367-KNT- 2021-22-934,Ministry of Road Transport & Highways
DQ17,warning,Left the list without completion,absent from the 2026-07 ongoing list; no completion record,2026-07,Table 6,100,618033,4-Laning of Itanagar to Bandardewa section of NH-415from km 40430 to km 51735 Package-Bon EPC Mode in the state of Arunachal Pradesh Job NO. 415/Ar. P/2020- 21/031,Ministry of Road Transport & Highways
DQ17,warning,Left the list without completion,absent from the 2026-07 ongoing list; no completion record,2026-07,Table 6,115,618123,Widening and Strengthening/Reconstruction to Two Lane with Paved Shoulder/ Two Lane with paved shoulders with service road from km 0000 to km 42250 excluding design Ch. 03220 to 04200 & 28350 to 29060 of NH-320G in the state of Jharkhand under EPC mode,Ministry of Road Transport & Highways
DQ17,warning,Left the list without completion,absent from the 2026-07 ongoing list; no completion record,2026-07,Table 6,102,618325,Dillai to Lahorijan Package-7,Ministry of Road Transport & Highways
DQ17,warning,Left the list without completion,absent from the 2026-07 ongoing list; no completion record,2026-07,Table 6,102,618339,Widening/Improvement to 2-Lane Lane with Paved Shoulder from km 16900 Bogapani to km 27150 Golai Goan on existing Dibrugarh to Ledo section with proposed Digboi Bypass Green Field and Brownfield 2-LanePS of NH-315 OLD NH-38 in Tinsukia District under NHO- NE Package-4,Ministry of Road Transport & Highways
DQ17,warning,Left the list without completion,absent from the 2026-07 ongoing list; no completion record,2026-07,Table 6,103,618435,4-Laning from Rangagara to Kaliabor Tiniali from km 297.00 to km 315.315 of NH-37 on EPC basis under SARDP-NE in state of Assam,Ministry of Road Transport & Highways
DQ17,warning,Left the list without completion,absent from the 2026-07 ongoing list; no completion record,2026-07,Table 6,103,618439,"Construction of Balance Work of 4-Laning of the Section from Jorhat to Jhanji of NH- 37 Old from Km 453000 to Km 463000 10.000 Km, under SARDP- NE under EPC Mode in the state of Assam Pkg-I Road Works",Ministry of Road Transport & Highways
DQ17,warning,Left the list without completion,absent from the 2026-07 ongoing list; no completion record,2026-07,Table 6,103,618443,"Construction of Balance Work of the 4-Laning of the Section from Jorhat to Jhanji of NH-37 Old from Km 463.00 to Km 477.000 14.000 Km, under SARDP- NE under EPC Mode in the state of Assam Pkg-II Road Works",Ministry of Road Transport & Highways
DQ17,warning,Left the list without completion,absent from the 2026-07 ongoing list; no completion record,2026-07,Table 6,103,618444,"Construction of Balance Work of the 4-Laning of the Section from Jorhat to Jhanji of NH-37 Old from Km 453.000 to Km 490.800, under SARDP- NE , under EPC Mode in the state of Assam Pkg-IV Structures & Toll Plaza",Ministry of Road Transport & Highways
DQ17,warning,Left the list without completion,absent from the 2026-07 ongoing list; no completion record,2026-07,Table 6,110,618466,Vadodara Mumbai Expressway Jujuwa - Gandeva from Km. 154.600 to Km. 190.000 Phase-I Package-VIII,Ministry of Road Transport & Highways
DQ17,warning,Left the list without completion,absent from the 2026-07 ongoing list; no completion record,2026-07,Table 6,140,618488,Delhi-Amritsar-Katra Expressway Phase-I Pkg-VIII from Junction with Ludhiana- Malerkotla SH-11 near Bhogiwal village to Junction with Ludhiana-Moga road NH-5 near Mullanpur Dakha Km 225770 to km 260860,Ministry of Road Transport & Highways
DQ17,warning,Left the list without completion,absent from the 2026-07 ongoing list; no completion record,2026-07,Table 6,140,618490,Delhi-Amritsar-Katra Expressway Phase-I Pkg-X from Jn. with Jalandhar - Moga road NH-703 to Jn. with Jalandhar-Kapurthala road NH-703A and to Jn. with Kapurthala - Sultanpur Lodhi road NH-703A km 000 to km 24000 to Amritsar connectivity,Ministry of Road Transport & Highways
DQ17,warning,Left the list without completion,absent from the 2026-07 ongoing list; no completion record,2026-07,Table 6,140,618491,Delhi-Amritsar-Katra Expressway Phase-I Pkg-XI from Junction with Jalandhar - Kapurthala road NH-703A near khojewal village to Junction with Amritsar-Mehta- SriHargobindpur-Tanda road NH-503A near SriHargobindpur Km 319400 to km 362420,Ministry of Road Transport & Highways
DQ17,warning,Left the list without completion,absent from the 2026-07 ongoing list; no completion record,2026-07,Table 6,146,618558,Improvement of Geometrics of Kalkallu to Gundla Pochanpalli from Km 454.00 to Km 471.00 of NH-44,Ministry of Road Transport & Highways
DQ17,warning,Left the list without completion,absent from the 2026-07 ongoing list; no completion record,2026-07,Table 6,146,618559,6L of existing 4L from Gundlapochampally to Bowenpally from km 471.300 to km 481.331 of NH-44,Ministry of Road Transport & Highways
DQ17,warning,Left the list without completion,absent from the 2026-07 ongoing list; no completion record,2026-07,Table 6,146,618560,Improvement of Geometrics of Thondupally to Kothur from Km 22.300 to Km 34.14 of NH-44,Ministry of Road Transport & Highways
DQ17,warning,Left the list without completion,absent from the 2026-07 ongoing list; no completion record,2026-07,Table 6,105,618569,Balance work - WB-10 Gandak Bridge Km 402.00 to Km 440.00 Devanpur - Kotwa,Ministry of Road Transport & Highways
DQ17,warning,Left the list without completion,absent from the 2026-07 ongoing list; no completion record,2026-07,Table 6,106,618904,Chhapra - Hajipur from km. 143.200 to km. 209.200,Ministry of Road Transport & Highways
DQ17,warning,Left the list without completion,absent from the 2026-07 ongoing list; no completion record,2026-07,Table 6,156,618910,4L of Purulia Bypass section from Km 84.030 to Km 94.345 of NH-32,Ministry of Road Transport & Highways
DQ09,info,Revised completion earlier than original,"original 12/2029, revised 03/2022",2026-08,Table 6,73,612876,"Construction of Permanent Campus for NIT Mizoram at Lengpui, Aizawl",Department of Higher Education
DQ09,info,Revised completion earlier than original,"original 02/2028, revised 12/2026",2026-08,Table 6,73,612883,Establishment of Permanent Campus of NIT SIkkim at Khamdong-Gangtok District,Department of Higher Education
DQ09,info,Revised completion earlier than original,"original 08/2026, revised 08/2024",2026-08,Table 6,72,612898,Construction of Permanent Campus of National Institute of Technology Arunachal Pradesh,Department of Higher Education
DQ09,info,Revised completion earlier than original,"original 08/2023, revised 03/2019",2026-08,Table 6,149,706775,BharatNet,Department of Telecommunications
DQ09,info,Revised completion earlier than original,"original 12/2026, revised 08/2026",2026-08,Table 6,63,400203,Dharamjaigarh-Korba,Ministry of Coal
DQ09,info,Revised completion earlier than original,"original 12/2026, revised 07/2026",2026-08,Table 6,80,707039,Establishment of new GMC Gangtok,Ministry of Health & Family Welfare
DQ09,info,Revised completion earlier than original,"original 10/2028, revised 05/2028",2026-08,Table 6,74,617829,LPG Bottling Plant at Mualkhang,Ministry of Petroleum & Natural Gas
DQ09,info,Revised completion earlier than original,"original 12/2026, revised 10/2026",2026-08,Table 6,148,707215,National Maritime Heritage Complex [NMHC] Phase-I,"Ministry of Ports, Shipping and Waterways"
DQ09,info,Revised completion earlier than original,"original 12/2056, revised 04/2027",2026-08,Table 6,63,603293,Badam Coal Mining project of NTPC,Ministry of Power
DQ09,info,Revised completion earlier than original,"original 08/2027, revised 02/2027",2026-08,Table 6,86,617245,Katihar-Kumedpur & Katihar-Mukuria 64.5 km Umbrella work PB57/2019-20/NR,Ministry of Railways
DQ09,info,Revised completion earlier than original,"original 11/2027, revised 03/2026",2026-08,Table 6,84,617372,Pradhankhunta Jn-Patherdih Bazar-Bhojudih 17.1 km Umbrella work PB57/2019- 20/NR,Ministry of Railways
DQ09,info,Revised completion earlier than original,"original 12/2026, revised 03/2026",2026-08,Table 6,85,705356,Ahmednagar - Beed - Parli - Vaijnath New Broad Gauge Line Railway Project [261.3 km],Ministry of Railways
DQ09,info,Revised completion earlier than original,"original 03/2027, revised 01/2027",2026-08,Table 6,85,705495,Bagalkot-Kudachi 142 km,Ministry of Railways
DQ09,info,Revised completion earlier than original,"original 03/2028, revised 02/2027",2026-08,Table 6,85,705639,Ernakulam-Kumbalam - Patch doubling 7.71 km,Ministry of Railways
DQ09,info,Revised completion earlier than original,"original 10/2026, revised 06/2026",2026-08,Table 6,84,706763,Rajkot-Kanalus 111.20 km,Ministry of Railways
DQ09,info,Revised completion earlier than original,"original 11/2027, revised 03/2026",2026-08,Table 6,137,618106,Widening and Strengthening to 2/4 lane with paved shoulders of Mahabubnagar Chincholi section from Km 0/0 to Km 60/255 of NH-167N in the state of Telangana under Annual plan 2021-22 on EPC modepackage-I under NHO Job No.167N-TS- 2021-22-75,Ministry of Road Transport & Highways
DQ09,info,Revised completion earlier than original,"original 01/2027, revised 12/2026",2026-08,Table 6,124,618316,4-Laning of Vairengte - Chhimluang section Package-3 of NH-306 from Existing Chainage km 43000 to Km 59700 Design Chainage km 46000 to km 60850 on Silchar - Vairengte- Sairang road in the State of Mizoram under Bharatmala Pariyojna under NHO-NE. Package-1&2 in Assam state,Ministry of Road Transport & Highways
DQ09,info,Revised completion earlier than original,"original 01/2027, revised 12/2026",2026-08,Table 6,124,618317,4-Laning of chhimluang-Kolasib from section pkg-4 of NH-306 & NH-6 existing chainage km 59700 to km 86000 design chainage km 61000 to km 77500 on Silchar- vairengte-sairang road in the state of Mizoram under Bharatmala Pariyojna on EPC mode Vairengte - Sairang Pkg-4,Ministry of Road Transport & Highways
DQ09,info,Revised completion earlier than original,"original 07/2027, revised 06/2027",2026-08,Table 6,124,618318,4-Laning of Kolasib - Sethawn section Package-5 of NH-6 from Existing Chainage km 86000 to km 107850 Design Chainage km 77500 to km 95500 on silchar - vairengte - sairang road under Bharatmala Pariyojna on EPC mode under NHO-NE Vairengte - Sairang Pkg-5,Ministry of Road Transport & Highways
DQ09,info,Revised completion earlier than original,"original 01/2027, revised 12/2026",2026-08,Table 6,124,618319,"4-Laning of Sethawn - N. Kawnpui section Package-6 of NH-6 from Existing Chainage km 107850 to km 126315 Design Chainage km 95500 to km 111850 on Silchar- Vairengte- Sairang road, Vairengte - Sairang Pkg-6",Ministry of Road Transport & Highways
DQ09,info,Revised completion earlier than original,"original 06/2028, revised 12/2026",2026-08,Table 6,143,618842,"2L PS Greenfield bypass lalganj ajhara, mohanganj and Raniganj on Raebareli - Jaunpur Section Design km 0.00 to Km 53177 of NH-31",Ministry of Road Transport & Highways
DQ09,info,Revised completion earlier than original,"original 04/2028, revised 03/2028",2026-08,Table 6,139,619009,Upgradation to Two Lane with Paved Shoulders from Km 0.000 to Km 41.920 Green Field Alignment of Gowrelly to Valigonda Section of NH-930P in the State of Telangana on EPC Mode under Annual Plan 2022-23,Ministry of Road Transport & Highways
DQ09,info,Revised completion earlier than original,"original 02/2026, revised 02/2023",2026-08,Table 6,121,619042,"Construction of six lane Flyover at Katraj junction at Km, 3/880 of NH 548-DD Vadgaon - Katraj - Kondhwa - Mantarwadi Chowk - Loni Kalbhor - Theur Phata - Lonikand Road in Pune Dist of the State of Maharashtra. On Engineering Procurement and construction EPC Basis mode L.1.326 Km,",Ministry of Road Transport & Highways
DQ09,info,Revised completion earlier than original,"original 01/2029, revised 08/2028",2026-08,Table 6,134,619270,"Upgradation of 6 laned Jaipur- Kishangarh section of NH-48 from km 274100 to 363885 involving construction of flyovers and Service road in Rajasthan On Engineering, Procurement & Construction EPC Mode",Ministry of Road Transport & Highways
DQ09,info,Revised completion earlier than original,"original 12/2027, revised 12/2026",2026-08,Table 6,103,619276,Development of 4-lane with paved shoulders from Budhel Junction to Vartej Y- Junction Km 0900 to Km 9400 on EPC mode under NHO in the State of Gujarat,Ministry of Road Transport & Highways
DQ09,info,Revised completion earlier than original,"original 10/2027, revised 06/2027",2026-08,Table 6,82,400174,"New Sinter Plant at BSL, SAIL",Ministry of Steel
DQ09,info,Revised completion earlier than original,"original 12/2028, revised 03/2028",2026-08,Table 6,81,615202,Capacity expansion of Deposit-14 and 14 NMZ at Kirandul,Ministry of Steel
DQ18,info,Actual completion long before report,"actual completion 12/2021, reported in 2026-06 (54 months later)",2026-06,Table 3,36,701105,Goa Airport Terminal Building Extension Project,Ministry of Civil Aviation
DQ18,info,Actual completion long before report,"actual completion 10/2022, reported in 2026-06 (44 months later)",2026-06,Table 3,36,701263,Rajasthan Refinery Project,Ministry of Petroleum & Natural Gas
DQ18,info,Actual completion long before report,"actual completion 04/2025, reported in 2026-06 (14 months later)",2026-06,Table 3,36,611948,Transmission system for evacuation of power from REZ in Rajasthan 20 GW under Phase-III part H,Ministry of Power
DQ18,info,Actual completion long before report,"actual completion 11/2024, reported in 2026-06 (19 months later)",2026-06,Table 3,36,900808,Transmission System for Kurnool Wind Energy Zone/ Solar Energy Zone Part-A and Part-B,Ministry of Power
DQ18,info,Actual completion long before report,"actual completion 08/2024, reported in 2026-06 (22 months later)",2026-06,Table 3,40,617891,"Construction of Two lane with Paved Shoulder for Fatehpur Bypass Design Km 0.000 to Km 7.400 , Mandawa Bypass Design Km 20.925 to Km 27.300 & Jhunjhunu Bypass Design Km 41.625 to Km 54.689 of NH-11 on EPC Mode in the state of Rajasthan .",Ministry of Road Transport & Highways
DQ18,info,Actual completion long before report,"actual completion 09/2024, reported in 2026-06 (21 months later)",2026-06,Table 3,40,617900,Upgradation to Two Lane Paved Shoulder in km 33/0 to 126/520 of NH-23 Old NH-11B Kothun-Lalsot-Karoli-Dholpur road in the state of Rajasthan under EPC mode Length-93.52 Km.,Ministry of Road Transport & Highways
DQ18,info,Actual completion long before report,"actual completion 09/2024, reported in 2026-06 (21 months later)",2026-06,Table 3,36,617907,Rehabilitation and Up-gradation from Km 170700 Bhadrachalam to Km 234567 Konta on NH-30 to Two lane with Paved Shoulder in the State of Andra Pradesh on EPC mode.,Ministry of Road Transport & Highways
DQ18,info,Actual completion long before report,"actual completion 07/2025, reported in 2026-08 (13 months later)",2026-08,Table 3,37,617917,"Construction of 4 Lane Flyover at Nagpur RTO Chowk To Nagpur University Campus from Ch 2/250 to 5/100 and 4 lane flyover at wadi/midc junction from km 8/360 to km, 10/300 on NH 53 in state of Maharashtra.",Ministry of Road Transport & Highways
DQ18,info,Actual completion long before report,"actual completion 04/2025, reported in 2026-06 (14 months later)",2026-06,Table 3,40,617924,Construction of bypass to Nayagarh town from km 235.469 to 252.482 of NH-57 including land acquisition in the state of Odisha.,Ministry of Road Transport & Highways
DQ18,info,Actual completion long before report,"actual completion 02/2025, reported in 2026-06 (16 months later)",2026-06,Table 3,38,617954,Balance work of Rehabilitation and upgrading to 2lane/2lane with paved shoulder configuration and strengthening from from Km 343.80 to 400.33 of Gowribidanur- Chik Ballapur section in the state of Karnataka Under Annual Plan 2021-22 under EPC Mode.-952,Ministry of Road Transport & Highways
DQ18,info,Actual completion long before report,"actual completion 01/2025, reported in 2026-06 (17 months later)",2026-06,Table 3,37,617959,Rehabilitation & Widening work for 2 Lane with Paved Shoulder of Existing NH-80 from km 70.15 to Km 121.025 of Munger-Suttanganj -BhagatpurMirzachowki section on EPC Mode in the State of Bihar.,Ministry of Road Transport & Highways
DQ18,info,Actual completion long before report,"actual completion 06/2019, reported in 2026-06 (84 months later)",2026-06,Table 3,41,617970,Reconstruction of existing 2 L/IL to 2L with paved shoulder from existing km 52.200 to 92.880 of NH-,Ministry of Road Transport & Highways
DQ18,info,Actual completion long before report,"actual completion 11/2020, reported in 2026-06 (67 months later)",2026-06,Table 3,37,617973,Strengthening and widening of existing 2 lane road to two lane paved shoulder from km 7.750 to 26.542 & km. 32.093 to 45.786 of NH-130 on EPC mode in the state of chhattisgarh.job No. 130-CG-2017-18-348,Ministry of Road Transport & Highways
DQ18,info,Actual completion long before report,"actual completion 11/2019, reported in 2026-06 (79 months later)",2026-06,Table 3,41,617975,Rehabilitation and upgradation to 2 lane with paved shoulder configuration from km 122.00 Dharasu Bend to km 147.230 Silkyara Bend of NH-94 in the state of Uttarakhand,Ministry of Road Transport & Highways
DQ18,info,Actual completion long before report,"actual completion 09/2024, reported in 2026-08 (23 months later)",2026-08,Table 3,37,617977,Development of Chiloda - Gandhinagar- Sarkhej ofNH-147 Package -II,Ministry of Road Transport & Highways
DQ18,info,Actual completion long before report,"actual completion 10/2024, reported in 2026-07 (21 months later)",2026-07,Table 3,36,617981,Widening to Two with Paved shoulders from Km 59.500 to Km 132.033 of Manneguda- Ravunapally section of NH-163 Erstwhile SH-4 in the State of Telangana on EPC mode under NH O Annual Plan 2016-17,Ministry of Road Transport & Highways
DQ18,info,Actual completion long before report,"actual completion 11/2024, reported in 2026-07 (20 months later)",2026-07,Table 3,36,617982,Widening and strengthening of existing 2-lane to 2- lane with paved shoulders from km 159/0 to 165/4 and 186/0 to 215/0 of NH-163 on EPC mode int the state of Telangana,Ministry of Road Transport & Highways
DQ18,info,Actual completion long before report,"actual completion 09/2020, reported in 2026-06 (69 months later)",2026-06,Table 3,41,617992,Rehabilitation & upgradation of NH - 167 from design km 187.723 to 234.434 Miryalaguda to Kodad section to two lane with paved shoulder on EPC mode in the state of Telangana,Ministry of Road Transport & Highways
DQ18,info,Actual completion long before report,"actual completion 07/2025, reported in 2026-08 (13 months later)",2026-08,Table 3,38,617995,Widening to Two Lane with Paved Shoulders from Km 67.000 to Km 114.425 of Kalwakurthy- Mallapally Section of NH 167 Erstwhile section of SH 18 in the State of Telangana on EPC mode under NH O Annual Plan 2016-17,Ministry of Road Transport & Highways
DQ18,info,Actual completion long before report,"actual completion 02/2019, reported in 2026-06 (88 months later)",2026-06,Table 3,41,617996,Widening to 2/4 Lane with paved shoulders from Km 182.120 to Km 227.600 of NH 167 on Haggari-Jadcherla Road on EPC mode under NHO in the state of Telangana,Ministry of Road Transport & Highways
DQ18,info,Actual completion long before report,"actual completion 09/2024, reported in 2026-08 (23 months later)",2026-08,Table 3,37,618005,Sheohar-Sitamarhi Section km 40.000 to 79.400 km Lot-I,Ministry of Road Transport & Highways
DQ18,info,Actual completion long before report,"actual completion 09/2023, reported in 2026-06 (33 months later)",2026-06,Table 3,41,618008,"Construction of four-lane elevated viaduct from km.4634 to km.6345 on NH-24A including Retaining wall, service lane, at grade road and improvement of junctions, on EPC mode",Ministry of Road Transport & Highways
DQ18,info,Actual completion long before report,"actual completion 10/2019, reported in 2026-06 (80 months later)",2026-06,Table 3,41,618026,Rehabilitation and upgradation to two lane with paved shoulders from Km 0/000 to 72/6 of NH-365 Nakrekal to Tanamcherla section under NHDP IV in the state of Telangana under EPC mode,Ministry of Road Transport & Highways
DQ18,info,Actual completion long before report,"actual completion 12/2024, reported in 2026-06 (18 months later)",2026-06,Table 3,38,618045,"Construction of Mihona bypass, Lahar bypass, Daboh bypass & Bhander Bypass total length 20.60 km to 2-lane with paved shoulder from on Mihona-Bhander- MP/UP border section of NH 552E in the State of Madhya Pradesh on EPC mode",Ministry of Road Transport & Highways
DQ18,info,Actual completion long before report,"actual completion 09/2023, reported in 2026-06 (33 months later)",2026-06,Table 3,38,618050,Rehabilitation and Upgradation to 2-lane/Intermediate lane configuration of Ashyari-Shri Kyari Section km 50.000 to km 75.000 of NH-707 in the state of Himachal Pradesh under Green National Highways Corridor Project GNHCP with the loan assistance of World Bank on EPC mode.,Ministry of Road Transport & Highways
DQ18,info,Actual completion long before report,"actual completion 05/2024, reported in 2026-06 (25 months later)",2026-06,Table 3,37,618064,Up-gradation of NH-930 Sherpar to Kohka from Km.67880 to Km.114860 to 2LPS in Chhattisgarh under EPC mode,Ministry of Road Transport & Highways
DQ18,info,Actual completion long before report,"actual completion 09/2023, reported in 2026-06 (33 months later)",2026-06,Table 3,37,618078,Up-gradation of NH-130C Abhanpur to Paund from NH Km. 0000 to KM 40380 to two lane with paved shoulders in the State of Chhattisgarh on EPC mode.,Ministry of Road Transport & Highways
DQ18,info,Actual completion long before report,"actual completion 01/2024, reported in 2026-08 (31 months later)",2026-08,Table 3,38,618090,Sarsam - Kothari of NH-161A - 2L PS from Km.33/00 to 90/00,Ministry of Road Transport & Highways
DQ18,info,Actual completion long before report,"actual completion 05/2024, reported in 2026-06 (25 months later)",2026-06,Table 3,41,618110,Improvement and upgradation to two lane with Paved Shoulder configuration from existing km 55.00 to km 90.00 Design length 34.76 of NH-227A near Chhapia Village to near Sikriganj in the State of UP on EPC Mode.,Ministry of Road Transport & Highways
DQ18,info,Actual completion long before report,"actual completion 07/2024, reported in 2026-06 (23 months later)",2026-06,Table 3,40,618118,Upgradation of two lane paved shoulder from Shahpura existing km. 0.00 Design Ch. 000 to Thanagazi existing Km.37352 Design Ch. 36810 of NH- 248A on EPC mode in the State of Rajasthan.,Ministry of Road Transport & Highways
DQ18,info,Actual completion long before report,"actual completion 06/2020, reported in 2026-06 (72 months later)",2026-06,Table 3,41,618132,Widening & strengthening of existing carriageway in 2 lane with paved shoulders from km 25/0 to 59/2 design Ch km 25.467 to 59.200 of NH - 353C on EPC mode in the state of Telangana,Ministry of Road Transport & Highways
DQ18,info,Actual completion long before report,"actual completion 05/2019, reported in 2026-06 (85 months later)",2026-06,Table 3,41,618142,Widening to Two lane with Paved shoulders from km.40/410 to 84/037 of Thirumanlagiri-- Suryapet Section of NH-365B earstwhile section of SH-16,Ministry of Road Transport & Highways
DQ18,info,Actual completion long before report,"actual completion 10/2019, reported in 2026-06 (80 months later)",2026-06,Table 3,41,618143,widening to two lane with Paved shoulders from Km.0/970 to Km.40/410 of Jangaon - Thirumal giriof NH- 365B in the state of Telanganaon EPC mode under NHO Annual Plan 2016-17,Ministry of Road Transport & Highways
DQ18,info,Actual completion long before report,"actual completion 01/2025, reported in 2026-06 (17 months later)",2026-06,Table 3,36,618145,Widening to two lane with paved shoulder of Rampachodavaram - Koyyuru section of NH 516E from Km 43700 to Km 113820 in the State of Andhra Pradesh on EPC mode Job No. 737,Ministry of Road Transport & Highways
DQ18,info,Actual completion long before report,"actual completion 01/2025, reported in 2026-06 (17 months later)",2026-06,Table 3,36,618191,"Rehabilitation and upgradation of NH-167AD from Macherla to Dachepalli via Paluvai Junction, Rentachinthala, Gurazala from Km.0.000 to 43.659 to two lane with paved shoulders in the state of Andhra Pradesh job-729",Ministry of Road Transport & Highways
DQ18,info,Actual completion long before report,"actual completion 04/2025, reported in 2026-08 (16 months later)",2026-08,Table 3,38,618229,Rehabilitation and upgradation to 2-lane with paved sholuders configuration of Near Karri village-Etawah section Km30.000 to Km 57.346 Pakage-II of NH-92 in state of Uttar Pradesh undergreen national Highway Corridor Project GNHCP with the loan assistance of world Bank on EPC mode.,Ministry of Road Transport & Highways
DQ18,info,Actual completion long before report,"actual completion 09/2019, reported in 2026-06 (81 months later)",2026-06,Table 3,36,618237,Rehabilitation and Up-gradation of Pasarlapudi to Dhindi section from Km 105/170 to Km 126/510 of NH -214 New NH -216 to two lane with paved shoulder in the state of Andhra Pradesh under NHDP-IV,Ministry of Road Transport & Highways
DQ18,info,Actual completion long before report,"actual completion 09/2023, reported in 2026-06 (33 months later)",2026-06,Table 3,36,618258,Two laning with paved shoulders of Gondiguda to Araku uptoBhallaguda section of NH 516E,Ministry of Road Transport & Highways
DQ18,info,Actual completion long before report,"actual completion 03/2023, reported in 2026-06 (39 months later)",2026-06,Table 3,36,618259,Two laning with paved shoulders of Paderu to GundigudaSection of NH 516E,Ministry of Road Transport & Highways
DQ18,info,Actual completion long before report,"actual completion 07/2024, reported in 2026-06 (23 months later)",2026-06,Table 3,37,618327,Widening/Improvement to 4-Lane with Paved Shoulder from KM 113300 to Km 146230 Design Chainage 113830 to 145712 of Kwaram Taro Village - Dillai Section in Assam on EPC Package-6,Ministry of Road Transport & Highways
DQ18,info,Actual completion long before report,"actual completion 09/2020, reported in 2026-06 (69 months later)",2026-06,Table 3,40,618329,Construction of 4/6 Laning from Km 132.375 to Km 153.058 Total New Alignment length of 20.683 Km of Daboka-Dimapur Section Dimapur Bypass Nagaland Portion of NH-36 & 39 in the State of Nagaland on EPC basis under PhaseA of SARDP-NE,Ministry of Road Transport & Highways
DQ18,info,Actual completion long before report,"actual completion 11/2022, reported in 2026-06 (43 months later)",2026-06,Table 3,37,618330,Construction of 4/6 Laning from existing Km 159.400 of NH-36 to existing Km 102.500 of NH-39 and upto end point of Assam portion [Design Km 118.050 to design Km 132.375] Total New Alignment length of 14.325 Km of Daboka - Dimapur Section Dimapur Bypass in the state of Assam under SARDP-NE 'Phase-A' on EPC mode Assam Portion,Ministry of Road Transport & Highways
DQ18,info,Actual completion long before report,"actual completion 02/2025, reported in 2026-06 (16 months later)",2026-06,Table 3,39,618341,Up-gradation to 2-lane with paved shoulders of Ngopa - Pawlrang section of NH 102B of Aizawl - Imphal Economic Corridor from Existing Chainage km 32.796 to km 72.030 [Design Chainage km 31.280 to km 68.170] in the State of Mizoram under Bharatmala Pariyojna on EPC mode under NHO-NE Package-2 Keifang- Tuivai Pkg-2,Ministry of Road Transport & Highways
DQ18,info,Actual completion long before report,"actual completion 06/2024, reported in 2026-07 (25 months later)",2026-07,Table 3,37,618342,Rehabilitation and upgradation to 2 Lane with Paved shoulder of Economic corridor of NH-6 from Design chaiange Km 0.000 to Km 13.510 Package-1 in the state of Mizoram under Bharatmala Pariyojana on EPC mode,Ministry of Road Transport & Highways
DQ18,info,Actual completion long before report,"actual completion 10/2024, reported in 2026-07 (21 months later)",2026-07,Table 3,37,618343,"Rehabilitation and Up gradation to 2-lane with paved shoulder of Keifang Section Economic Corridor of NH-06 from Existing Chainage Km 30050 Keifang to Km 50360 Keifang, Design Chainage Km 27400 to Km 45040 PkgIII in the State of Mizoram under Bharatmala Pariyojna on EPC Mode Seling-Dulte - III",Ministry of Road Transport & Highways
DQ18,info,Actual completion long before report,"actual completion 01/2025, reported in 2026-06 (17 months later)",2026-06,Table 3,37,618372,"Widening / Improvement to 4-Lane with Paved Shoulder configuration of existing single lane road from Kachukhana Harichara Paglagaunj to Dhubri - Phulbari Bridge approach Package-II of Srirampur - Dhubri Section of NH-127B from existing Km 28.050 to Km 55.060 Design Km 27.650 to Km 54.154, Design Length26.504 Km under JICA ODA Loan assistance Phase-V [Srirampur - Dhubri Pkg-2]",Ministry of Road Transport & Highways
DQ18,info,Actual completion long before report,"actual completion 06/2023, reported in 2026-06 (36 months later)",2026-06,Table 3,39,618381,Widening and up-gradation to 2-lane with paved shoulder configuration and geometric improvements from km 250.00 Lunglei to km 298.00 on Aizawl- Tuipang section under JICA ODA Loan assistance Phase-I Package-6,Ministry of Road Transport & Highways
DQ18,info,Actual completion long before report,"actual completion 04/2024, reported in 2026-06 (26 months later)",2026-06,Table 3,39,618382,Widening and up-gradation to 2-lane with paved shoulder configuration and geometric improvements from km 298.00 to km 339.00 on Aizawl-Tuipang section under JICA ODA Loan assistance Phase-I Package-7,Ministry of Road Transport & Highways
DQ18,info,Actual completion long before report,"actual completion 04/2023, reported in 2026-06 (38 months later)",2026-06,Table 3,39,618384,Widening and Up-gradation to 2- Lane with Paved Shoulder Configuration and geometric improvement from Km. 166. 000 to Km 208.000 Package-4 on Aizawl Tuipang Section of NH-54 in the State of Mizoram Package-4,Ministry of Road Transport & Highways
DQ18,info,Actual completion long before report,"actual completion 01/2022, reported in 2026-06 (53 months later)",2026-06,Table 3,41,618386,Rehabilitation & Upgradation of Road from Km 0.00 to Km 18.600 Total length- 18.600 km of Kumarghat-Kailashahar section on NH-208 to 2-lane with Paved shoulder on EPC bais under NHO,Ministry of Road Transport & Highways
DQ18,info,Actual completion long before report,"actual completion 09/2022, reported in 2026-06 (45 months later)",2026-06,Table 3,38,618396,Construction & Upgradation to 2 lane with paved shoulder from Design Km. 31.449 Khellani Ex. Km 44.946 to Km 51.700 Prem Nagar Ex. Km 68617 of 20.251 Km length on Khellani - Kishtwar - Chattroo section of NH-244 in the UT of J&K on EPC Mode under NHO-Gen PKG- 1,Ministry of Road Transport & Highways
DQ18,info,Actual completion long before report,"actual completion 09/2024, reported in 2026-07 (22 months later)",2026-07,Table 3,37,618432,Construction of Balance work of 2-Lane with PS of Joram-Koloriang Road NH- 713 on EPC basis from Design Km 44.989 to Km 61.547 Existing Km 50.050 to Km 70.000 in the state of Arunachal Pradesh under SARDP-NE Pkg-3,Ministry of Road Transport & Highways
DQ18,info,Actual completion long before report,"actual completion 09/2024, reported in 2026-08 (23 months later)",2026-08,Table 3,39,618454,"Earthwork in Formation, Road Work, Construction of Bridges, Blanketing, P. Way Linking works including Supply of P. Way Fittings and Track Ballast in connection with Construction of Railway Siding from Jogighopa Railway Station to MMLP at Jogighopa from Ch. 00 to 3760 on Item Rate basis Package -3, Railway Siding from Jogighopa Railway Station to MMLP",Ministry of Road Transport & Highways
DQ18,info,Actual completion long before report,"actual completion 09/2024, reported in 2026-08 (23 months later)",2026-08,Table 3,39,618455,Development of External Trunk Connectivity and Internal Infrastructure Works at Multi Model Logistics ParkMMLP at Jogighopa in the State of Assam on EPC Mode Package-I Road and Utility Works,Ministry of Road Transport & Highways
DQ18,info,Actual completion long before report,"actual completion 05/2023, reported in 2026-06 (37 months later)",2026-06,Table 3,40,618456,Delhi-Vadodara Greenfield Alignment NH-148N Pkg-14 Ch. 388.420 to Ch. 419.000 [Junction with NH- 76 to Junction with NH-12 near village Ummedpura],Ministry of Road Transport & Highways
DQ18,info,Actual completion long before report,"actual completion 12/2023, reported in 2026-06 (30 months later)",2026-06,Table 3,38,618464,Vadodara Mumbai Expressway Ena -Kim Phase IB - Pkg VI [Km 217.500 to Km 254.430],Ministry of Road Transport & Highways
DQ18,info,Actual completion long before report,"actual completion 11/2023, reported in 2026-06 (31 months later)",2026-06,Table 3,38,618465,Vadodara Mumbai Expressway Gandeva to Ena Phase IB - Pkg VII [Km 190.00 to Km 217.500],Ministry of Road Transport & Highways
DQ18,info,Actual completion long before report,"actual completion 05/2024, reported in 2026-06 (25 months later)",2026-06,Table 3,39,618468,Vadodara Mumbai Expressway Phase II - Pkg XI [Km. 77.000 to Km. 103.400] Ganjad - Talsari,Ministry of Road Transport & Highways
DQ18,info,Actual completion long before report,"actual completion 12/2023, reported in 2026-06 (30 months later)",2026-06,Table 3,38,618484,Delhi-Amritsar-Katra Expressway Phase-I Pkg-III from Junction with Jind-Panipat road NH-352A near Gangana village to Junction with Jind-Karnal road NH-709A near Alewa village Km 60800 to Km 91400,Ministry of Road Transport & Highways
DQ18,info,Actual completion long before report,"actual completion 12/2023, reported in 2026-06 (30 months later)",2026-06,Table 3,38,618485,Delhi-Amritsar-Katra Expressway Phase-I Pkg-IV from Junction with Jind-Karnal road NH-709A near Alewa village to Junction with Ambala-Kaithal-Hissar road NH-152 near Kharak Pandwa village Km 91400 to Km 120250,Ministry of Road Transport & Highways
DQ18,info,Actual completion long before report,"actual completion 07/2024, reported in 2026-06 (23 months later)",2026-06,Table 3,40,618487,Delhi-Amritsar-Katra Expressway Phase-I Pkg-VII from Junction with Patiala- Bathinda road NH-7 near Bhawanigarh to Junction with Ludhiana-Malerhkotla SH-11 near Bhogiwal village Km 188830 to km 225770,Ministry of Road Transport & Highways
DQ18,info,Actual completion long before report,"actual completion 05/2025, reported in 2026-06 (13 months later)",2026-06,Table 3,41,618498,6L Greenfield Kanpur - Lucknow Expressway Pkg II from km. 28.500 to km. 73.744,Ministry of Road Transport & Highways
DQ18,info,Actual completion long before report,"actual completion 01/2024, reported in 2026-06 (29 months later)",2026-06,Table 3,38,618501,Ahmedabad - Dholera Pkg I from km. 0.00 to km. 22.00 [Sardar Patel Ring Road - Sindhrej Village],Ministry of Road Transport & Highways
DQ18,info,Actual completion long before report,"actual completion 01/2024, reported in 2026-06 (29 months later)",2026-06,Table 3,38,618502,Ahmedabad - Dholera Pkg II from km. 22.00 to km. 48.52 [Sindhrej Village - Vejallka Village],Ministry of Road Transport & Highways
DQ18,info,Actual completion long before report,"actual completion 06/2025, reported in 2026-08 (14 months later)",2026-08,Table 3,38,618504,Ahmedabad - Dholera Pkg IV from km. 71.06 to km. 109.019 [Start of DSIR zone - Adhelai Village],Ministry of Road Transport & Highways
DQ18,info,Actual completion long before report,"actual completion 04/2025, reported in 2026-06 (14 months later)",2026-06,Table 3,39,618515,6L from Belgaum to Sankeshwar Bypass from Km. 515.000 to Km. 555.017 of NH-48 Pkg-I,Ministry of Road Transport & Highways
DQ18,info,Actual completion long before report,"actual completion 07/2023, reported in 2026-08 (37 months later)",2026-08,Table 3,38,618526,6L of Gundugolanu Design km 1023.280 to Kalaparru Design km 1050.680 of NH-5 New NH-16,Ministry of Road Transport & Highways
DQ18,info,Actual completion long before report,"actual completion 01/2024, reported in 2026-06 (29 months later)",2026-06,Table 3,36,618527,Six Laning of Vijayawada Bypass from Gollapudi to Chinnakakani in Vijayawada - Gundugolanu Section from km. 30.00 to km. 47.881 Pkg-IV,Ministry of Road Transport & Highways
DQ18,info,Actual completion long before report,"actual completion 03/2024, reported in 2026-06 (27 months later)",2026-06,Table 3,39,618532,6L of Aurangabad to Bihar-Jharkhand border Chordaha section from km. 209.827 to Km. 249.525 of NH-19 PKG-02,Ministry of Road Transport & Highways
DQ18,info,Actual completion long before report,"actual completion 02/2025, reported in 2026-06 (16 months later)",2026-06,Table 3,41,618553,6L of Agra Bypass Northern connecting Km. 174.500 of NH-2 new NH-19 to Km. 141.000 of Yamuna Expressways,Ministry of Road Transport & Highways
DQ18,info,Actual completion long before report,"actual completion 01/2009, reported in 2026-06 (209 months later)",2026-06,Table 3,40,618562,Dindigul Bypass - Samyanallore from km. 373.275 to km. 426.00,Ministry of Road Transport & Highways
DQ18,info,Actual completion long before report,"actual completion 03/2025, reported in 2026-06 (15 months later)",2026-06,Table 3,41,618565,Strengthening of existing 4L Ayodhya Bypass Section from design Km. 121 600 to Km. 144020 of NH 28 New NH 27Pkg-3,Ministry of Road Transport & Highways
DQ18,info,Actual completion long before report,"actual completion 08/2024, reported in 2026-06 (22 months later)",2026-06,Table 3,37,618570,4L Elevated Highway and at grade improvements at Gopalganj Town from Km. 384.000 to Km. 386.750 on NH-27,Ministry of Road Transport & Highways
DQ18,info,Actual completion long before report,"actual completion 06/2024, reported in 2026-06 (24 months later)",2026-06,Table 3,37,618576,"6L Standalone Flyovers at Raha, Demow, Borghat, Kathiatali junctions and ROB at Jagiroad on stretches of NH 36 and NH 27",Ministry of Road Transport & Highways
DQ18,info,Actual completion long before report,"actual completion 05/2024, reported in 2026-07 (26 months later)",2026-07,Table 3,36,618577,Dwarka Expressway Pkg-III Delhi/HR Border to Start of RoB Gurugram,Ministry of Road Transport & Highways
DQ18,info,Actual completion long before report,"actual completion 07/2024, reported in 2026-06 (23 months later)",2026-06,Table 3,37,618578,6L Access Controlled Highway from DND Maharani Bagh - Jn. with Jaitpur - Pushta Road of NH-148NA from km. 0.00 to km. 9.00 in NCR,Ministry of Road Transport & Highways
DQ18,info,Actual completion long before report,"actual completion 01/2024, reported in 2026-06 (29 months later)",2026-06,Table 3,37,618582,4L of Galgalia - Bahadurganj section from Km 0.000 to Km 49.000 Package-I of NH327E,Ministry of Road Transport & Highways
DQ18,info,Actual completion long before report,"actual completion 01/2024, reported in 2026-06 (29 months later)",2026-06,Table 3,37,618583,4L of Bahadurganj Araria section from Km 49.000 to Km 94.000 Package-II of NH-327E,Ministry of Road Transport & Highways
DQ18,info,Actual completion long before report,"actual completion 08/2023, reported in 2026-06 (34 months later)",2026-06,Table 3,38,618614,Sanchore - Santalpur from km 67.000 - km 99.000 of NH-754K AJ-RGBS- Package-3,Ministry of Road Transport & Highways
DQ18,info,Actual completion long before report,"actual completion 04/2021, reported in 2026-06 (62 months later)",2026-06,Table 3,39,618624,Mangloor to Telangana Maharashtra Border,Ministry of Road Transport & Highways
DQ18,info,Actual completion long before report,"actual completion 02/2013, reported in 2026-06 (160 months later)",2026-06,Table 3,38,618625,Indore - Gujarat / MP Border from km. Km 9.500 to Km 171.000 of NH-59 in MP,Ministry of Road Transport & Highways
DQ18,info,Actual completion long before report,"actual completion 07/2021, reported in 2026-06 (59 months later)",2026-06,Table 3,39,618638,Tarsod - Fagne section of NH-6,Ministry of Road Transport & Highways
DQ18,info,Actual completion long before report,"actual completion 03/2021, reported in 2026-06 (63 months later)",2026-06,Table 3,39,618652,Chakur Loha Section of NH-361 from km 114.600 to km 187.80,Ministry of Road Transport & Highways
DQ18,info,Actual completion long before report,"actual completion 04/2024, reported in 2026-06 (26 months later)",2026-06,Table 3,39,618665,4L of Sagar - Mohari from Km.8 to Km.50 Pkg-I,Ministry of Road Transport & Highways
DQ18,info,Actual completion long before report,"actual completion 03/2024, reported in 2026-06 (27 months later)",2026-06,Table 3,39,618676,6L of Dhanara - Hatibena Section from Km 124.611 to km 146.50 of NH-130-CD Package OD-1,Ministry of Road Transport & Highways
DQ18,info,Actual completion long before report,"actual completion 12/2024, reported in 2026-07 (19 months later)",2026-07,Table 3,37,618692,Aligarh-Kanpur Pkg I [Aligarh-Bhadwas],Ministry of Road Transport & Highways
DQ18,info,Actual completion long before report,"actual completion 10/2023, reported in 2026-06 (32 months later)",2026-06,Table 3,39,618695,Indore - Harda Pkg-III [Nanasa to Pidgaon Section from km 95.000 to km 142.445],Ministry of Road Transport & Highways
DQ18,info,Actual completion long before report,"actual completion 01/2023, reported in 2026-06 (41 months later)",2026-06,Table 3,38,618698,Challakere to Hariyur section from km 358.500 to km 414.205 of NH-150 A,Ministry of Road Transport & Highways
DQ18,info,Actual completion long before report,"actual completion 09/2021, reported in 2026-06 (57 months later)",2026-06,Table 3,38,618699,Pipli Bhavnagar-Package 1 from km 136.025 to km 169.328,Ministry of Road Transport & Highways
DQ18,info,Actual completion long before report,"actual completion 07/2023, reported in 2026-06 (35 months later)",2026-06,Table 3,39,618701,Balance work of 4L of Nauradehi Sanctuary de-scoped stretch of Hiran River to Sindoor River from Km. 66.00 to 130.00 NH-12 New NH-45,Ministry of Road Transport & Highways
DQ18,info,Actual completion long before report,"actual completion 07/2010, reported in 2026-06 (191 months later)",2026-06,Table 3,40,618743,Trichy 135.800 to Karur 218.000 section of NH-67 - Trichy Bypass,Ministry of Road Transport & Highways
DQ18,info,Actual completion long before report,"actual completion 04/2025, reported in 2026-06 (14 months later)",2026-06,Table 3,40,618745,4L of Vadugapatti to Therkuvenganallur Rajapalyam section from km 36.000 to km 71.600 of NH-744,Ministry of Road Transport & Highways
DQ18,info,Actual completion long before report,"actual completion 09/2024, reported in 2026-06 (21 months later)",2026-06,Table 3,36,618748,Khammam-Devarapalle Pkg IV [4L Access Controlled Greenfield from Recherla village to Gurvaygudem village Design Chainage 105236 to 132664],Ministry of Road Transport & Highways
DQ18,info,Actual completion long before report,"actual completion 07/2024, reported in 2026-06 (23 months later)",2026-06,Table 3,39,618760,4L Greenfield a Malout bypass from ch. Km 44.500 to ch. Km 35.500 on NH-07 and Ch. Km 0.000 to Km 6.984 on NH-09 bMandi Dabwali Bypass from Ch. 38.450 Km to Km 27.910 Pkg-02,Ministry of Road Transport & Highways
DQ18,info,Actual completion long before report,"actual completion 10/2024, reported in 2026-06 (20 months later)",2026-06,Table 3,41,618770,4L Spur of Panipat - Shamli connecting NH-709AD Panipat Shamli Muzaffarnagar and NH-709A Karnal Meerut bypassing Shamli district UP,Ministry of Road Transport & Highways
DQ18,info,Actual completion long before report,"actual completion 12/2024, reported in 2026-06 (18 months later)",2026-06,Table 3,39,618771,6L of Varadharajula to Kumarajapet from km 0.000 to km 43.800 of NH-716B Pkg-I,Ministry of Road Transport & Highways
DQ18,info,Actual completion long before report,"actual completion 04/2012, reported in 2026-06 (170 months later)",2026-06,Table 3,40,618773,Tuticorin - Tirunelveli from km. 0.00 to km. 47.250,Ministry of Road Transport & Highways
DQ18,info,Actual completion long before report,"actual completion 07/2023, reported in 2026-06 (35 months later)",2026-06,Table 3,37,618774,Ara - Mohania Pkg-II,Ministry of Road Transport & Highways
DQ18,info,Actual completion long before report,"actual completion 07/2024, reported in 2026-06 (23 months later)",2026-06,Table 3,37,618779,4L of Aurangabad-Paithan,Ministry of Road Transport & Highways
DQ18,info,Actual completion long before report,"actual completion 03/2022, reported in 2026-06 (51 months later)",2026-06,Table 3,40,618819,Balance work of Panikoili Rimoli Section of new NH-20 from Km 0.00 to Km. 163.000,Ministry of Road Transport & Highways
DQ18,info,Actual completion long before report,"actual completion 10/2023, reported in 2026-06 (32 months later)",2026-06,Table 3,38,618829,4L from km 196.87 Sankha to km 219.6 Khajuri on NH-75 [Rehla / Garhwa Bypass],Ministry of Road Transport & Highways
DQ18,info,Actual completion long before report,"actual completion 09/2023, reported in 2026-06 (33 months later)",2026-06,Table 3,38,618834,4L Kodinar - Veraval Package VI from km. 222.400 to km. 230.00 Kodinar Bypass of NH-8E NH 51 new,Ministry of Road Transport & Highways
DQ18,info,Actual completion long before report,"actual completion 09/2022, reported in 2026-06 (45 months later)",2026-06,Table 3,38,618835,4L of Bal Works of Talaja - Mahuva from 54.990 km. to 100.450 km. of Old NH- 8E Package-II,Ministry of Road Transport & Highways
DQ18,info,Actual completion long before report,"actual completion 02/2022, reported in 2026-06 (52 months later)",2026-06,Table 3,37,618839,Aunta - Simaria including Ganga Bridge,Ministry of Road Transport & Highways
DQ18,info,Actual completion long before report,"actual completion 03/2024, reported in 2026-06 (27 months later)",2026-06,Table 3,37,618849,Conversion of Partially Excavated Escape Tunnel to Uni-Directional 2L Tunnelincluding construction of cross passages and approach roads on either side of the tunnel from Km 12.732 to Km 14.568 of Kiratpur to Nerchowk Section of NH-21,Ministry of Road Transport & Highways
DQ18,info,Actual completion long before report,"actual completion 01/2024, reported in 2026-06 (29 months later)",2026-06,Table 3,41,618854,2L PS of Raebareli - Jagdishpur with 4L Jagdishpur Bypass Spur,Ministry of Road Transport & Highways
DQ18,info,Actual completion long before report,"actual completion 02/2025, reported in 2026-06 (16 months later)",2026-06,Table 3,41,618855,"Improvement and Up-Gradation of Existing Road to 2/4L PS from Km 40.000 to 88.750, start of Khutar bypass to start of Shahjahanpur bypass of NH 731Pkg-I",Ministry of Road Transport & Highways
DQ18,info,Actual completion long before report,"actual completion 03/2025, reported in 2026-06 (15 months later)",2026-06,Table 3,41,618864,4L from Mathura Bypass Start at Existing Km. 154.20 of NH-44 to Gaju Village at Km 32.982 of NH-530B Pkg-IB,Ministry of Road Transport & Highways
DQ18,info,Actual completion long before report,"actual completion 01/2025, reported in 2026-06 (17 months later)",2026-06,Table 3,41,618865,4L from Gaju Village at Km. 32.982 to Devinagar Bypass End at Km. 208.000 of NH-530B Pkg-1C.,Ministry of Road Transport & Highways
DQ18,info,Actual completion long before report,"actual completion 07/2010, reported in 2026-06 (191 months later)",2026-06,Table 3,40,618874,Four Laning of Trichy - Dindigul from km. 333.00 to km. 421.273 of NH-45,Ministry of Road Transport & Highways
DQ18,info,Actual completion long before report,"actual completion 12/2024, reported in 2026-08 (20 months later)",2026-08,Table 3,39,618893,Varanasi Gorakhpur Section Packege IV from km. 149.540 to km. 215.160 Mau- Gorakhpur,Ministry of Road Transport & Highways
DQ18,info,Actual completion long before report,"actual completion 08/2020, reported in 2026-06 (70 months later)",2026-06,Table 3,40,618897,4L of Sethiyathope -Cholapuram section from Km. 65.960 to Km. 116.440 section of NH45 C Pkg-II,Ministry of Road Transport & Highways
DQ18,info,Actual completion long before report,"actual completion 06/2021, reported in 2026-06 (60 months later)",2026-06,Table 3,40,618913,4-L of Rajamunda to Barkote Section of NH-23 from km. 287.200 to km. 337.185,Ministry of Road Transport & Highways
DQ18,info,Actual completion long before report,"actual completion 11/2022, reported in 2026-06 (43 months later)",2026-06,Table 3,37,618915,4L of Bal. works of Patna - Gaya -Dobhi Pkg-II from km. 39.00 to km. 83.00 of Old NH-83,Ministry of Road Transport & Highways
DQ18,info,Actual completion long before report,"actual completion 11/2022, reported in 2026-06 (43 months later)",2026-06,Table 3,37,618916,4L of Bal. works of Patna - Gaya -Dobhi Pkg-III from km. 83.00 to km. 127.217 of Old NH-83,Ministry of Road Transport & Highways
DQ18,info,Actual completion long before report,"actual completion 10/2024, reported in 2026-06 (20 months later)",2026-06,Table 3,39,618938,4L of Rajura-Korpana-Adilabad Road upto M.S. Border from km 32.910 to km 89.090 of NH-353B,Ministry of Road Transport & Highways
DQ18,info,Actual completion long before report,"actual completion 01/2011, reported in 2026-06 (185 months later)",2026-06,Table 3,40,618943,Salem - Ulundurpet section from km 0.313 to km 136.670 of NH-68,Ministry of Road Transport & Highways
DQ18,info,Actual completion long before report,"actual completion 05/2025, reported in 2026-06 (13 months later)",2026-06,Table 3,38,618946,4L of Mehgama - Hansdiha from km. 41.900 to km. 93.000 of NH -133A Pkg-II,Ministry of Road Transport & Highways
DQ18,info,Actual completion long before report,"actual completion 03/2025, reported in 2026-06 (15 months later)",2026-06,Table 3,41,618959,4L Prayagraj Greenfield By-pass from design Km 50860 near Nibi Kala Uperhar to design Km 64763 on NH-19 near Khodaypur Kasgaon including Interchange loop at NH-19,Ministry of Road Transport & Highways
DQ18,info,Actual completion long before report,"actual completion 11/2024, reported in 2026-06 (19 months later)",2026-06,Table 3,40,619063,4L Greenfield spur from Delhi-Vadodara Greenfield expressway near Bandikui to Jaipur,Ministry of Road Transport & Highways
DQ18,info,Actual completion long before report,"actual completion 05/2019, reported in 2026-06 (85 months later)",2026-06,Table 3,38,619067,6L of Chiloda-Naroda section from Km. 540.595 to Km. 555.595 of NH- 8Package-VII,Ministry of Road Transport & Highways
DQ18,info,Actual completion long before report,"actual completion 06/2014, reported in 2026-06 (144 months later)",2026-06,Table 3,40,619075,6L of Bhubaneswar - Jagatpur - Chandikhole Section of NH-16,Ministry of Road Transport & Highways
DQ18,info,Actual completion long before report,"actual completion 02/2009, reported in 2026-06 (208 months later)",2026-06,Table 3,40,619083,Thumbipadi-Namakkal from km. 180.00 to km. 248.625 Package No. NS- 2/BOT/TN-02,Ministry of Road Transport & Highways
DQ18,info,Actual completion long before report,"actual completion 04/2009, reported in 2026-06 (206 months later)",2026-06,Table 3,41,619084,Start of Karur Bypass - Dindigul from km. 292.600 to km. 305.600 Contract Package No. NS2/BOT/TN-4,Ministry of Road Transport & Highways
DQ18,info,Actual completion long before report,"actual completion 12/2019, reported in 2026-06 (78 months later)",2026-06,Table 3,40,619104,4L/2L PS of Govindpur Raiganj - Chas - WB border section of from km. 0.00 to km. 56.889 of Old NH-32,Ministry of Road Transport & Highways
DQ18,info,Actual completion long before report,"actual completion 03/2020, reported in 2026-06 (75 months later)",2026-06,Table 3,38,619121,4L of Hubli - Hospet Section of NH-63 from Km 128.850 to Km 272.571,Ministry of Road Transport & Highways
DQ18,info,Actual completion long before report,"actual completion 12/2024, reported in 2026-06 (18 months later)",2026-06,Table 3,39,619122,Akshardham - DL/UP Border Pkg-01,Ministry of Road Transport & Highways
DQ18,info,Actual completion long before report,"actual completion 08/2018, reported in 2026-06 (94 months later)",2026-06,Table 3,38,619144,Hospet - Chitradurga from km. 299.00 to km. 418.750,Ministry of Road Transport & Highways
DQ18,info,Actual completion long before report,"actual completion 09/2022, reported in 2026-06 (45 months later)",2026-06,Table 3,38,619147,4L of Bal Works of Mahuva to Kagvadar from 100.450 Km. to 140.470 Km. of NH-8E Pkg- III,Ministry of Road Transport & Highways
DQ18,info,Actual completion long before report,"actual completion 08/2019, reported in 2026-06 (82 months later)",2026-06,Table 3,38,619148,4L of Bhavnagar - Talaja Package-I from Km. 6.945 to Km. 54.990 of Old NH-8E,Ministry of Road Transport & Highways
DQ18,info,Actual completion long before report,"actual completion 01/2018, reported in 2026-08 (103 months later)",2026-08,Table 3,39,619165,Thanamcherla-Jamandlapally 2LPS,Ministry of Road Transport & Highways
DQ18,info,Actual completion long before report,"actual completion 05/2024, reported in 2026-06 (25 months later)",2026-06,Table 3,39,619209,4L of existing 2/4L stretch from Lonand to Dive Ghat Km 166.400 to Km 220.900 of Mohol Alandi section of NH-965 Pkg - V,Ministry of Road Transport & Highways
DQ18,info,Actual completion long before report,"actual completion 11/2013, reported in 2026-06 (151 months later)",2026-06,Table 3,37,619320,Muzaffarpur - Sonbarsa Section of NH-77 from km 2.800 to km 89.000,Ministry of Road Transport & Highways
