project_code,event,month,reason,reason_text
108841,first_observed,2026-06,,
108841,newly_added,2026-06,,
124199,first_observed,2026-07,,
124199,newly_added,2026-07,,
167179,first_observed,2026-08,,
167179,newly_added,2026-08,,
168896,first_observed,2026-08,,
168896,newly_added,2026-08,,
171218,first_observed,2026-07,,
171218,newly_added,2026-07,,
175860,first_observed,2026-07,,
175860,newly_added,2026-07,,
198592,first_observed,2026-08,,
198592,newly_added,2026-08,,
210914,first_observed,2026-07,,
210914,newly_added,2026-07,,
222253,first_observed,2026-06,,
222253,newly_added,2026-06,,
240484,first_observed,2026-07,,
240484,newly_added,2026-07,,
244981,first_observed,2026-08,,
244981,newly_added,2026-08,,
245986,first_observed,2026-07,,
245986,newly_added,2026-07,,
298178,first_observed,2026-07,,
298178,newly_added,2026-07,,
304532,first_observed,2026-08,,
304532,newly_added,2026-08,,
308266,first_observed,2026-08,,
308266,newly_added,2026-08,,
317725,first_observed,2026-07,,
317725,newly_added,2026-07,,
364934,first_observed,2026-07,,
364934,newly_added,2026-07,,
368840,first_observed,2026-08,,
368840,newly_added,2026-08,,
400005,first_observed,2026-04,,
400005,completed,2026-05,completed,Listed in the Completed Projects table (Table 3)
400006,first_observed,2026-04,,
400006,exited,2026-08,railways_irpsm_onboarding,Ministry of Railways; report note: projects are re-onboarded via IRPSM API after vetting
400010,first_observed,2026-04,,
400012,first_observed,2026-04,,
400013,first_observed,2026-04,,
400018,first_observed,2026-04,,
400019,first_observed,2026-04,,
400019,exited,2026-07,railways_irpsm_onboarding,Ministry of Railways; report note: projects are re-onboarded via IRPSM API after vetting
400022,first_observed,2026-04,,
400023,first_observed,2026-04,,
400023,exited,2026-08,railways_irpsm_onboarding,Ministry of Railways; report note: projects are re-onboarded via IRPSM API after vetting
400033,first_observed,2026-04,,
400035,first_observed,2026-04,,
400035,completed,2026-06,completed,Listed in the Completed Projects table (Table 3)
400043,first_observed,2026-04,,
400045,first_observed,2026-04,,
400045,exited,2026-08,railways_irpsm_onboarding,Ministry of Railways; report note: projects are re-onboarded via IRPSM API after vetting
400047,first_observed,2026-04,,
400047,exited,2026-08,railways_irpsm_onboarding,Ministry of Railways; report note: projects are re-onboarded via IRPSM API after vetting
400048,first_observed,2026-04,,
400048,exited,2026-08,railways_irpsm_onboarding,Ministry of Railways; report note: projects are re-onboarded via IRPSM API after vetting
400062,first_observed,2026-04,,
400073,first_observed,2026-04,,
400074,first_observed,2026-04,,
400078,first_observed,2026-04,,
400078,completed,2026-07,completed,Listed in the Completed Projects table (Table 3)
400081,first_observed,2026-04,,
400087,first_observed,2026-04,,
400093,first_observed,2026-04,,
400093,exited,2026-05,unexplained,"No completion record, report note or re-entry explains the absence"
400095,first_observed,2026-04,,
400095,exited,2026-05,unexplained,"No completion record, report note or re-entry explains the absence"
400096,first_observed,2026-04,,
400096,exited,2026-05,unexplained,"No completion record, report note or re-entry explains the absence"
400097,first_observed,2026-04,,
400097,exited,2026-05,unexplained,"No completion record, report note or re-entry explains the absence"
400100,first_observed,2026-04,,
400101,first_observed,2026-04,,
400102,first_observed,2026-04,,
400103,first_observed,2026-04,,
400105,first_observed,2026-04,,
400105,exited,2026-05,unexplained,"No completion record, report note or re-entry explains the absence"
400107,first_observed,2026-04,,
400107,exited,2026-05,unexplained,"No completion record, report note or re-entry explains the absence"
400109,first_observed,2026-04,,
400109,exited,2026-05,unexplained,"No completion record, report note or re-entry explains the absence"
400111,first_observed,2026-04,,
400112,first_observed,2026-04,,
400112,exited,2026-05,unexplained,"No completion record, report note or re-entry explains the absence"
400115,first_observed,2026-04,,
400116,first_observed,2026-04,,
400119,first_observed,2026-04,,
400120,first_observed,2026-04,,
400121,first_observed,2026-04,,
400136,first_observed,2026-04,,
400138,first_observed,2026-04,,
400139,first_observed,2026-04,,
400141,first_observed,2026-04,,
400142,first_observed,2026-04,,
400144,first_observed,2026-04,,
400148,first_observed,2026-04,,
400149,first_observed,2026-04,,
400150,first_observed,2026-04,,
400151,first_observed,2026-04,,
400153,first_observed,2026-04,,
400154,first_observed,2026-04,,
400155,first_observed,2026-04,,
400156,first_observed,2026-04,,
400160,first_observed,2026-04,,
400162,first_observed,2026-04,,
400165,first_observed,2026-04,,
400166,first_observed,2026-04,,
400167,first_observed,2026-04,,
400168,first_observed,2026-04,,
400169,first_observed,2026-04,,
400171,first_observed,2026-04,,
400172,first_observed,2026-04,,
400173,first_observed,2026-04,,
400174,first_observed,2026-04,,
400177,first_observed,2026-04,,
400178,first_observed,2026-04,,
400180,first_observed,2026-04,,
400181,first_observed,2026-04,,
400182,first_observed,2026-04,,
400182,exited,2026-05,unexplained,"No completion record, report note or re-entry explains the absence"
400183,first_observed,2026-04,,
400185,first_observed,2026-04,,
400186,first_observed,2026-04,,
400187,first_observed,2026-04,,
400188,first_observed,2026-04,,
400192,first_observed,2026-04,,
400203,first_observed,2026-04,,
400204,first_observed,2026-04,,
400205,first_observed,2026-04,,
400220,first_observed,2026-04,,
400220,exited,2026-08,railways_irpsm_onboarding,Ministry of Railways; report note: projects are re-onboarded via IRPSM API after vetting
400223,first_observed,2026-04,,
400231,first_observed,2026-04,,
400232,first_observed,2026-04,,
400247,first_observed,2026-04,,
400253,first_observed,2026-04,,
400253,exited,2026-07,railways_irpsm_onboarding,Ministry of Railways; report note: projects are re-onboarded via IRPSM API after vetting
400254,first_observed,2026-04,,
400259,first_observed,2026-04,,
400259,completed,2026-05,completed,Listed in the Completed Projects table (Table 3)
400261,first_observed,2026-04,,
400271,first_observed,2026-04,,
400271,exited,2026-07,railways_irpsm_onboarding,Ministry of Railways; report note: projects are re-onboarded via IRPSM API after vetting
400273,first_observed,2026-04,,
400273,exited,2026-08,railways_irpsm_onboarding,Ministry of Railways; report note: projects are re-onboarded via IRPSM API after vetting
400275,first_observed,2026-04,,
400275,exited,2026-08,railways_irpsm_onboarding,Ministry of Railways; report note: projects are re-onboarded via IRPSM API after vetting
400277,first_observed,2026-04,,
400277,exited,2026-07,railways_irpsm_onboarding,Ministry of Railways; report note: projects are re-onboarded via IRPSM API after vetting
400280,first_observed,2026-04,,
400280,exited,2026-08,railways_irpsm_onboarding,Ministry of Railways; report note: projects are re-onboarded via IRPSM API after vetting
400291,first_observed,2026-04,,
400298,first_observed,2026-04,,
400299,first_observed,2026-04,,
400301,first_observed,2026-04,,
400312,first_observed,2026-04,,
400315,first_observed,2026-04,,
400321,first_observed,2026-04,,
400352,first_observed,2026-04,,
400353,first_observed,2026-04,,
400354,first_observed,2026-04,,
400369,first_observed,2026-04,,
400382,first_observed,2026-04,,
400382,exited,2026-07,unexplained,"No completion record, report note or re-entry explains the absence"
400392,first_observed,2026-04,,
400416,first_observed,2026-04,,
400424,first_observed,2026-04,,
400425,first_observed,2026-04,,
400426,first_observed,2026-04,,
409131,first_observed,2026-08,,
409131,newly_added,2026-08,,
425828,first_observed,2026-07,,
425828,newly_added,2026-07,,
432726,first_observed,2026-08,,
432726,newly_added,2026-08,,
437130,first_observed,2026-07,,
437130,newly_added,2026-07,,
462136,first_observed,2026-07,,
462136,newly_added,2026-07,,
476006,first_observed,2026-07,,
476006,newly_added,2026-07,,
478482,first_observed,2026-07,,
478482,newly_added,2026-07,,
496150,first_observed,2026-08,,
496150,newly_added,2026-08,,
503783,first_observed,2026-08,,
503783,newly_added,2026-08,,
505106,first_observed,2026-08,,
505106,newly_added,2026-08,,
505491,first_observed,2026-07,,
505491,newly_added,2026-07,,
540543,first_observed,2026-08,,
540543,newly_added,2026-08,,
547243,first_observed,2026-07,,
547243,newly_added,2026-07,,
553920,first_observed,2026-08,,
553920,newly_added,2026-08,,
589703,first_observed,2026-07,,
589703,newly_added,2026-07,,
601812,first_observed,2026-04,,
601812,newly_added,2026-04,,
602096,first_observed,2026-04,,
602098,first_observed,2026-04,,
602099,first_observed,2026-04,,
602181,first_observed,2026-04,,
602182,first_observed,2026-04,,
602184,first_observed,2026-04,,
602185,first_observed,2026-04,,
602195,first_observed,2026-04,,
602223,first_observed,2026-04,,
602525,first_observed,2026-04,,
602532,first_observed,2026-04,,
602535,first_observed,2026-04,,
602538,first_observed,2026-04,,
602579,first_observed,2026-04,,
602582,first_observed,2026-04,,
602593,first_observed,2026-04,,
602792,first_observed,2026-04,,
602792,exited,2026-08,railways_irpsm_onboarding,Ministry of Railways; report note: projects are re-onboarded via IRPSM API after vetting
602797,first_observed,2026-04,,
602961,first_observed,2026-04,,
603210,first_observed,2026-05,,
603210,newly_added,2026-05,,
603293,first_observed,2026-04,,
603945,first_observed,2026-04,,
604791,first_observed,2026-04,,
604795,first_observed,2026-04,,
604833,first_observed,2026-04,,
604852,first_observed,2026-04,,
604853,first_observed,2026-04,,
604859,first_observed,2026-04,,
604863,first_observed,2026-04,,
605155,first_observed,2026-04,,
605156,first_observed,2026-04,,
605292,first_observed,2026-04,,
606013,first_observed,2026-04,,
606112,first_observed,2026-04,,
606431,first_observed,2026-04,,
606479,first_observed,2026-04,,
607653,first_observed,2026-04,,
607653,newly_added,2026-04,,
607653,exited,2026-08,railways_irpsm_onboarding,Ministry of Railways; report note: projects are re-onboarded via IRPSM API after vetting
607701,first_observed,2026-04,,
607701,completed,2026-05,completed,Listed in the Completed Projects table (Table 3)
607709,first_observed,2026-04,,
609019,first_observed,2026-04,,
609424,first_observed,2026-04,,
609736,first_observed,2026-04,,
609996,first_observed,2026-04,,
610315,first_observed,2026-04,,
610984,first_observed,2026-04,,
611016,first_observed,2026-04,,
611016,exited,2026-05,unexplained,"No completion record, report note or re-entry explains the absence"
611017,first_observed,2026-04,,
611017,exited,2026-05,unexplained,"No completion record, report note or re-entry explains the absence"
611047,first_observed,2026-04,,
611452,first_observed,2026-04,,
611452,exited,2026-07,railways_irpsm_onboarding,Ministry of Railways; report note: projects are re-onboarded via IRPSM API after vetting
611495,first_observed,2026-04,,
611509,first_observed,2026-04,,
611570,first_observed,2026-04,,
611586,first_observed,2026-04,,
611602,first_observed,2026-04,,
611669,first_observed,2026-04,,
611669,exited,2026-08,railways_irpsm_onboarding,Ministry of Railways; report note: projects are re-onboarded via IRPSM API after vetting
611698,first_observed,2026-04,,
611699,first_observed,2026-04,,
611716,first_observed,2026-04,,
611716,newly_added,2026-04,,
611735,first_observed,2026-04,,
611751,first_observed,2026-04,,
611752,first_observed,2026-04,,
611752,exited,2026-06,temporarily_absent,"Absent for one or more months, then listed as ongoing again"
611754,first_observed,2026-04,,
611855,first_observed,2026-04,,
611861,first_observed,2026-04,,
611861,exited,2026-07,railways_irpsm_onboarding,Ministry of Railways; report note: projects are re-onboarded via IRPSM API after vetting
611864,first_observed,2026-04,,
611884,first_observed,2026-04,,
611917,first_observed,2026-04,,
611918,first_observed,2026-04,,
611927,first_observed,2026-04,,
611927,exited,2026-08,railways_irpsm_onboarding,Ministry of Railways; report note: projects are re-onboarded via IRPSM API after vetting
611929,first_observed,2026-04,,
611929,exited,2026-08,railways_irpsm_onboarding,Ministry of Railways; report note: projects are re-onboarded via IRPSM API after vetting
611930,first_observed,2026-04,,
611943,first_observed,2026-04,,
611945,first_observed,2026-04,,
611947,first_observed,2026-04,,
611947,completed,2026-05,completed,Listed in the Completed Projects table (Table 3)
611948,first_observed,2026-04,,
611948,completed,2026-06,completed,Listed in the Completed Projects table (Table 3)
611949,first_observed,2026-04,,
611951,completed,2026-04,completed,Listed in the Completed Projects table (Table 3)
611957,first_observed,2026-04,,
611961,first_observed,2026-04,,
611961,newly_added,2026-04,,
611963,first_observed,2026-04,,
611966,first_observed,2026-04,,
611966,completed,2026-07,completed,Listed in the Completed Projects table (Table 3)
611967,first_observed,2026-04,,
611967,completed,2026-06,completed,Listed in the Completed Projects table (Table 3)
611970,first_observed,2026-04,,
611971,first_observed,2026-04,,
611974,first_observed,2026-04,,
611977,first_observed,2026-04,,
611977,exited,2026-07,railways_irpsm_onboarding,Ministry of Railways; report note: projects are re-onboarded via IRPSM API after vetting
611978,first_observed,2026-04,,
611978,exited,2026-07,railways_irpsm_onboarding,Ministry of Railways; report note: projects are re-onboarded via IRPSM API after vetting
611979,first_observed,2026-04,,
611979,exited,2026-07,railways_irpsm_onboarding,Ministry of Railways; report note: projects are re-onboarded via IRPSM API after vetting
612066,first_observed,2026-05,,
612066,newly_added,2026-05,,
612068,first_observed,2026-05,,
612068,newly_added,2026-05,,
612072,first_observed,2026-04,,
612096,first_observed,2026-04,,
612096,exited,2026-08,railways_irpsm_onboarding,Ministry of Railways; report note: projects are re-onboarded via IRPSM API after vetting
612128,first_observed,2026-04,,
612132,first_observed,2026-04,,
612133,first_observed,2026-04,,
612134,first_observed,2026-04,,
612138,first_observed,2026-04,,
612139,first_observed,2026-04,,
612140,first_observed,2026-04,,
612142,first_observed,2026-04,,
612151,completed,2026-04,completed,Listed in the Completed Projects table (Table 3)
612167,first_observed,2026-04,,
612178,completed,2026-04,completed,Listed in the Completed Projects table (Table 3)
612183,first_observed,2026-04,,
612186,first_observed,2026-04,,
612188,first_observed,2026-04,,
612188,completed,2026-05,completed,Listed in the Completed Projects table (Table 3)
612194,first_observed,2026-04,,
612201,first_observed,2026-04,,
612201,completed,2026-05,completed,Listed in the Completed Projects table (Table 3)
612211,first_observed,2026-04,,
612213,first_observed,2026-04,,
612259,first_observed,2026-04,,
612513,first_observed,2026-04,,
612745,first_observed,2026-04,,
612748,first_observed,2026-04,,
612781,first_observed,2026-04,,
612786,first_observed,2026-04,,
612787,first_observed,2026-04,,
612788,first_observed,2026-04,,
612789,first_observed,2026-04,,
612790,first_observed,2026-04,,
612791,first_observed,2026-04,,
612793,first_observed,2026-04,,
612815,first_observed,2026-04,,
612816,first_observed,2026-04,,
612819,first_observed,2026-04,,
612819,completed,2026-05,completed,Listed in the Completed Projects table (Table 3)
612827,first_observed,2026-04,,
612834,first_observed,2026-04,,
612845,first_observed,2026-04,,
612845,newly_added,2026-04,,
612851,first_observed,2026-04,,
612851,completed,2026-08,completed,Listed in the Completed Projects table (Table 3)
612853,first_observed,2026-04,,
612855,first_observed,2026-04,,
612876,first_observed,2026-04,,
612877,first_observed,2026-04,,
612877,completed,2026-08,completed,Listed in the Completed Projects table (Table 3)
612878,first_observed,2026-04,,
612878,newly_added,2026-04,,
612883,first_observed,2026-04,,
612885,first_observed,2026-04,,
612894,first_observed,2026-04,,
612894,exited,2026-08,unexplained,"No completion record, report note or re-entry explains the absence"
612898,first_observed,2026-04,,
612916,first_observed,2026-04,,
613002,first_observed,2026-04,,
613002,exited,2026-08,railways_irpsm_onboarding,Ministry of Railways; report note: projects are re-onboarded via IRPSM API after vetting
613008,first_observed,2026-04,,
613013,first_observed,2026-04,,
613015,first_observed,2026-04,,
613015,exited,2026-08,railways_irpsm_onboarding,Ministry of Railways; report note: projects are re-onboarded via IRPSM API after vetting
613785,first_observed,2026-04,,
613785,exited,2026-07,railways_irpsm_onboarding,Ministry of Railways; report note: projects are re-onboarded via IRPSM API after vetting
613786,first_observed,2026-04,,
613786,exited,2026-07,railways_irpsm_onboarding,Ministry of Railways; report note: projects are re-onboarded via IRPSM API after vetting
613787,first_observed,2026-04,,
613793,first_observed,2026-04,,
613794,first_observed,2026-04,,
613798,first_observed,2026-04,,
613799,first_observed,2026-04,,
613800,first_observed,2026-04,,
613801,first_observed,2026-04,,
613802,first_observed,2026-04,,
613803,first_observed,2026-04,,
613804,first_observed,2026-04,,
613808,first_observed,2026-04,,
615183,first_observed,2026-04,,
615184,first_observed,2026-04,,
615185,first_observed,2026-04,,
615186,first_observed,2026-04,,
615187,first_observed,2026-04,,
615188,first_observed,2026-04,,
615189,first_observed,2026-04,,
615190,first_observed,2026-04,,
615191,first_observed,2026-04,,
615192,first_observed,2026-04,,
615193,first_observed,2026-04,,
615193,exited,2026-05,unexplained,"No completion record, report note or re-entry explains the absence"
615194,first_observed,2026-04,,
615195,first_observed,2026-04,,
615199,first_observed,2026-04,,
615202,first_observed,2026-04,,
615206,first_observed,2026-04,,
615327,first_observed,2026-04,,
615327,completed,2026-05,completed,Listed in the Completed Projects table (Table 3)
615330,first_observed,2026-04,,
615331,first_observed,2026-04,,
615332,first_observed,2026-04,,
615333,first_observed,2026-04,,
615334,first_observed,2026-04,,
615335,first_observed,2026-04,,
615336,first_observed,2026-04,,
615336,newly_added,2026-04,,
615337,first_observed,2026-04,,
615338,first_observed,2026-04,,
615339,first_observed,2026-04,,
615340,first_observed,2026-04,,
615342,first_observed,2026-04,,
615343,first_observed,2026-04,,
615344,first_observed,2026-04,,
615345,first_observed,2026-04,,
615346,first_observed,2026-04,,
615347,first_observed,2026-04,,
615349,first_observed,2026-04,,
615818,first_observed,2026-04,,
615820,first_observed,2026-04,,
615821,first_observed,2026-04,,
615822,first_observed,2026-04,,
615843,first_observed,2026-04,,
615857,first_observed,2026-04,,
615858,first_observed,2026-04,,
615860,first_observed,2026-04,,
615861,first_observed,2026-04,,
615862,first_observed,2026-04,,
615863,first_observed,2026-04,,
615865,first_observed,2026-04,,
615914,first_observed,2026-04,,
615915,first_observed,2026-04,,
615915,newly_added,2026-04,,
615916,first_observed,2026-04,,
615917,first_observed,2026-04,,
615918,first_observed,2026-04,,
615919,first_observed,2026-04,,
615982,first_observed,2026-04,,
616044,first_observed,2026-04,,
616050,first_observed,2026-04,,
616221,first_observed,2026-05,,
616221,newly_added,2026-05,,
616223,first_observed,2026-04,,
616225,first_observed,2026-04,,
616226,first_observed,2026-04,,
616227,first_observed,2026-04,,
616229,first_observed,2026-04,,
616230,first_observed,2026-04,,
616231,first_observed,2026-04,,
616232,first_observed,2026-04,,
616233,first_observed,2026-04,,
616234,first_observed,2026-04,,
616236,first_observed,2026-04,,
616253,first_observed,2026-04,,
616254,first_observed,2026-04,,
616586,first_observed,2026-04,,
616587,first_observed,2026-04,,
616587,exited,2026-07,railways_irpsm_onboarding,Ministry of Railways; report note: projects are re-onboarded via IRPSM API after vetting
616588,first_observed,2026-04,,
616594,first_observed,2026-04,,
616600,first_observed,2026-04,,
616604,first_observed,2026-04,,
616605,first_observed,2026-04,,
616611,first_observed,2026-04,,
616612,first_observed,2026-04,,
616615,first_observed,2026-04,,
616616,first_observed,2026-04,,
616670,first_observed,2026-04,,
616671,first_observed,2026-04,,
616672,first_observed,2026-04,,
616691,first_observed,2026-04,,
616694,first_observed,2026-04,,
616695,first_observed,2026-04,,
616697,first_observed,2026-04,,
616699,first_observed,2026-04,,
616701,first_observed,2026-04,,
616839,first_observed,2026-04,,
616839,newly_added,2026-04,,
616841,first_observed,2026-04,,
616842,first_observed,2026-04,,
616842,exited,2026-08,railways_irpsm_onboarding,Ministry of Railways; report note: projects are re-onboarded via IRPSM API after vetting
616843,first_observed,2026-04,,
616856,first_observed,2026-04,,
616856,exited,2026-07,railways_irpsm_onboarding,Ministry of Railways; report note: projects are re-onboarded via IRPSM API after vetting
616857,first_observed,2026-04,,
616858,first_observed,2026-04,,
616879,first_observed,2026-04,,
616886,first_observed,2026-04,,
616933,first_observed,2026-04,,
616950,first_observed,2026-04,,
616983,first_observed,2026-04,,
616983,newly_added,2026-04,,
616983,exited,2026-08,railways_irpsm_onboarding,Ministry of Railways; report note: projects are re-onboarded via IRPSM API after vetting
617068,first_observed,2026-04,,
617069,first_observed,2026-04,,
617179,first_observed,2026-04,,
617181,first_observed,2026-04,,
617182,first_observed,2026-04,,
617183,first_observed,2026-04,,
617184,first_observed,2026-04,,
617185,first_observed,2026-04,,
617186,first_observed,2026-04,,
617188,first_observed,2026-04,,
617200,first_observed,2026-04,,
617200,exited,2026-07,railways_irpsm_onboarding,Ministry of Railways; report note: projects are re-onboarded via IRPSM API after vetting
617201,first_observed,2026-04,,
617201,exited,2026-07,railways_irpsm_onboarding,Ministry of Railways; report note: projects are re-onboarded via IRPSM API after vetting
617206,first_observed,2026-04,,
617207,first_observed,2026-04,,
617210,first_observed,2026-04,,
617211,first_observed,2026-04,,
617211,exited,2026-07,railways_irpsm_onboarding,Ministry of Railways; report note: projects are re-onboarded via IRPSM API after vetting
617212,first_observed,2026-04,,
617212,exited,2026-07,railways_irpsm_onboarding,Ministry of Railways; report note: projects are re-onboarded via IRPSM API after vetting
617213,first_observed,2026-04,,
617214,first_observed,2026-04,,
617215,first_observed,2026-04,,
617216,first_observed,2026-04,,
617221,first_observed,2026-04,,
617224,first_observed,2026-04,,
617225,first_observed,2026-04,,
617226,first_observed,2026-04,,
617231,first_observed,2026-04,,
617233,first_observed,2026-04,,
617239,first_observed,2026-04,,
617239,newly_added,2026-04,,
617242,first_observed,2026-04,,
617243,first_observed,2026-04,,
617245,first_observed,2026-04,,
617246,first_observed,2026-04,,
617248,first_observed,2026-04,,
617249,first_observed,2026-04,,
617250,first_observed,2026-04,,
617251,first_observed,2026-04,,
617252,first_observed,2026-04,,
617253,first_observed,2026-04,,
617253,completed,2026-06,completed,Listed in the Completed Projects table (Table 3)
617254,first_observed,2026-04,,
617255,first_observed,2026-04,,
617256,first_observed,2026-04,,
617257,first_observed,2026-04,,
617269,first_observed,2026-04,,
617270,first_observed,2026-04,,
617271,first_observed,2026-04,,
617272,first_observed,2026-04,,
617278,first_observed,2026-04,,
617279,first_observed,2026-04,,
617280,first_observed,2026-04,,
617284,first_observed,2026-04,,
617284,exited,2026-07,railways_irpsm_onboarding,Ministry of Railways; report note: projects are re-onboarded via IRPSM API after vetting
617287,first_observed,2026-04,,
617288,first_observed,2026-04,,
617299,first_observed,2026-04,,
617302,first_observed,2026-04,,
617304,first_observed,2026-04,,
617326,first_observed,2026-04,,
617327,first_observed,2026-04,,
617333,first_observed,2026-04,,
617338,first_observed,2026-04,,
617345,first_observed,2026-04,,
617345,exited,2026-07,railways_irpsm_onboarding,Ministry of Railways; report note: projects are re-onboarded via IRPSM API after vetting
617361,first_observed,2026-04,,
617361,exited,2026-07,railways_irpsm_onboarding,Ministry of Railways; report note: projects are re-onboarded via IRPSM API after vetting
617364,first_observed,2026-04,,
617370,first_observed,2026-04,,
617372,first_observed,2026-04,,
617372,exited,2026-06,temporarily_absent,"Absent for one or more months, then listed as ongoing again"
617374,first_observed,2026-04,,
617374,exited,2026-07,railways_irpsm_onboarding,Ministry of Railways; report note: projects are re-onboarded via IRPSM API after vetting
617375,first_observed,2026-04,,
617379,first_observed,2026-04,,
617379,exited,2026-07,railways_irpsm_onboarding,Ministry of Railways; report note: projects are re-onboarded via IRPSM API after vetting
617390,first_observed,2026-04,,
617390,exited,2026-07,railways_irpsm_onboarding,Ministry of Railways; report note: projects are re-onboarded via IRPSM API after vetting
617391,first_observed,2026-04,,
617403,first_observed,2026-04,,
617403,exited,2026-08,railways_irpsm_onboarding,Ministry of Railways; report note: projects are re-onboarded via IRPSM API after vetting
617404,first_observed,2026-04,,
617405,first_observed,2026-04,,
617406,first_observed,2026-04,,
617406,exited,2026-07,railways_irpsm_onboarding,Ministry of Railways; report note: projects are re-onboarded via IRPSM API after vetting
617408,first_observed,2026-04,,
617408,exited,2026-07,railways_irpsm_onboarding,Ministry of Railways; report note: projects are re-onboarded via IRPSM API after vetting
617409,first_observed,2026-04,,
617409,exited,2026-08,railways_irpsm_onboarding,Ministry of Railways; report note: projects are re-onboarded via IRPSM API after vetting
617412,first_observed,2026-04,,
617413,first_observed,2026-04,,
617416,first_observed,2026-04,,
617421,first_observed,2026-08,,
617421,newly_added,2026-08,,
617422,first_observed,2026-04,,
617727,first_observed,2026-04,,
617727,newly_added,2026-04,,
617729,first_observed,2026-04,,
617729,newly_added,2026-04,,
617730,first_observed,2026-04,,
617764,first_observed,2026-04,,
617764,newly_added,2026-04,,
617801,first_observed,2026-04,,
617802,first_observed,2026-04,,
617803,first_observed,2026-04,,
617804,first_observed,2026-04,,
617806,first_observed,2026-04,,
617807,first_observed,2026-04,,
617808,first_observed,2026-04,,
617818,first_observed,2026-04,,
617819,first_observed,2026-04,,
617822,first_observed,2026-04,,
617827,first_observed,2026-04,,
617828,first_observed,2026-04,,
617829,first_observed,2026-04,,
617830,first_observed,2026-04,,
617832,first_observed,2026-04,,
617836,first_observed,2026-04,,
617837,first_observed,2026-04,,
617838,first_observed,2026-04,,
617839,first_observed,2026-04,,
617877,first_observed,2026-04,,
617878,first_observed,2026-04,,
617880,first_observed,2026-04,,
617880,newly_added,2026-04,,
617880,exited,2026-07,railways_irpsm_onboarding,Ministry of Railways; report note: projects are re-onboarded via IRPSM API after vetting
617882,first_observed,2026-04,,
617883,first_observed,2026-04,,
617885,first_observed,2026-04,,
617886,first_observed,2026-04,,
617887,first_observed,2026-04,,
617887,completed,2026-07,completed,Listed in the Completed Projects table (Table 3)
617888,first_observed,2026-04,,
617889,first_observed,2026-04,,
617890,first_observed,2026-04,,
617891,first_observed,2026-04,,
617891,completed,2026-06,completed,Listed in the Completed Projects table (Table 3)
617892,first_observed,2026-04,,
617893,first_observed,2026-04,,
617894,first_observed,2026-04,,
617895,first_observed,2026-04,,
617896,first_observed,2026-04,,
617897,first_observed,2026-04,,
617898,first_observed,2026-04,,
617899,first_observed,2026-04,,
617900,first_observed,2026-04,,
617900,completed,2026-06,completed,Listed in the Completed Projects table (Table 3)
617901,first_observed,2026-04,,
617902,first_observed,2026-04,,
617904,first_observed,2026-04,,
617905,first_observed,2026-04,,
617906,first_observed,2026-04,,
617907,first_observed,2026-04,,
617907,completed,2026-06,completed,Listed in the Completed Projects table (Table 3)
617908,first_observed,2026-04,,
617909,first_observed,2026-04,,
617911,first_observed,2026-04,,
617912,first_observed,2026-04,,
617913,first_observed,2026-04,,
617914,first_observed,2026-04,,
617915,first_observed,2026-04,,
617915,completed,2026-07,completed,Listed in the Completed Projects table (Table 3)
617916,first_observed,2026-04,,
617917,first_observed,2026-04,,
617917,exited,2026-06,withheld_data_inconsistency,Named in the report note as not published due to inconsistent cumulative expenditure
617917,withheld_by_mospi,2026-06,withheld_data_inconsistency,Named in the report note as not published due to inconsistent cumulative expenditure
617917,withheld_by_mospi,2026-07,withheld_data_inconsistency,Named in the report note as not published due to inconsistent cumulative expenditure
617917,completed,2026-08,completed,Listed in the Completed Projects table (Table 3)
617918,first_observed,2026-07,,
617918,newly_added,2026-07,,
617919,first_observed,2026-04,,
617920,first_observed,2026-04,,
617921,first_observed,2026-04,,
617922,first_observed,2026-04,,
617923,first_observed,2026-04,,
617924,first_observed,2026-04,,
617924,completed,2026-06,completed,Listed in the Completed Projects table (Table 3)
617925,first_observed,2026-04,,
617926,first_observed,2026-04,,
617927,first_observed,2026-04,,
617928,first_observed,2026-04,,
617929,first_observed,2026-04,,
617930,first_observed,2026-04,,
617931,first_observed,2026-04,,
617932,first_observed,2026-04,,
617933,first_observed,2026-04,,
617933,exited,2026-06,withheld_data_inconsistency,Named in the report note as not published due to inconsistent cumulative expenditure
617933,withheld_by_mospi,2026-06,withheld_data_inconsistency,Named in the report note as not published due to inconsistent cumulative expenditure
617933,withheld_by_mospi,2026-07,withheld_data_inconsistency,Named in the report note as not published due to inconsistent cumulative expenditure
617933,completed,2026-08,completed,Listed in the Completed Projects table (Table 3)
617934,first_observed,2026-04,,
617935,first_observed,2026-04,,
617936,first_observed,2026-04,,
617937,first_observed,2026-04,,
617937,newly_added,2026-04,,
617938,first_observed,2026-04,,
617939,first_observed,2026-04,,
617940,first_observed,2026-04,,
617941,first_observed,2026-04,,
617942,first_observed,2026-04,,
617943,first_observed,2026-05,,
617943,newly_added,2026-05,,
617944,first_observed,2026-04,,
617944,exited,2026-06,withheld_data_inconsistency,Named in the report note as not published due to inconsistent cumulative expenditure
617944,withheld_by_mospi,2026-06,withheld_data_inconsistency,Named in the report note as not published due to inconsistent cumulative expenditure
617944,withheld_by_mospi,2026-07,withheld_data_inconsistency,Named in the report note as not published due to inconsistent cumulative expenditure
617944,completed,2026-08,completed,Listed in the Completed Projects table (Table 3)
617945,first_observed,2026-04,,
617946,first_observed,2026-04,,
617947,first_observed,2026-04,,
617948,first_observed,2026-04,,
617949,first_observed,2026-04,,
617949,completed,2026-07,completed,Listed in the Completed Projects table (Table 3)
617950,first_observed,2026-04,,
617951,first_observed,2026-04,,
617951,newly_added,2026-04,,
617954,first_observed,2026-04,,
617954,completed,2026-06,completed,Listed in the Completed Projects table (Table 3)
617955,first_observed,2026-04,,
617957,first_observed,2026-04,,
617957,exited,2026-06,withheld_data_inconsistency,Named in the report note as not published due to inconsistent cumulative expenditure
617957,withheld_by_mospi,2026-06,withheld_data_inconsistency,Named in the report note as not published due to inconsistent cumulative expenditure
617957,withheld_by_mospi,2026-07,withheld_data_inconsistency,Named in the report note as not published due to inconsistent cumulative expenditure
617957,completed,2026-08,completed,Listed in the Completed Projects table (Table 3)
617958,first_observed,2026-04,,
617959,first_observed,2026-04,,
617959,completed,2026-06,completed,Listed in the Completed Projects table (Table 3)
617960,first_observed,2026-04,,
617961,first_observed,2026-04,,
617962,first_observed,2026-04,,
617963,first_observed,2026-04,,
617964,first_observed,2026-04,,
617965,first_observed,2026-04,,
617966,first_observed,2026-04,,
617967,first_observed,2026-04,,
617968,first_observed,2026-04,,
617969,first_observed,2026-04,,
617970,first_observed,2026-04,,
617970,completed,2026-06,completed,Listed in the Completed Projects table (Table 3)
617971,first_observed,2026-04,,
617972,first_observed,2026-04,,
617973,first_observed,2026-04,,
617973,completed,2026-06,completed,Listed in the Completed Projects table (Table 3)
617974,first_observed,2026-04,,
617975,first_observed,2026-04,,
617975,completed,2026-06,completed,Listed in the Completed Projects table (Table 3)
617976,first_observed,2026-04,,
617977,first_observed,2026-04,,
617977,exited,2026-06,withheld_data_inconsistency,Named in the report note as not published due to inconsistent cumulative expenditure
617977,withheld_by_mospi,2026-06,withheld_data_inconsistency,Named in the report note as not published due to inconsistent cumulative expenditure
617977,withheld_by_mospi,2026-07,withheld_data_inconsistency,Named in the report note as not published due to inconsistent cumulative expenditure
617977,completed,2026-08,completed,Listed in the Completed Projects table (Table 3)
617978,first_observed,2026-04,,
617979,first_observed,2026-04,,
617980,first_observed,2026-04,,
617981,first_observed,2026-04,,
617981,exited,2026-06,withheld_data_inconsistency,Named in the report note as not published due to inconsistent cumulative expenditure
617981,withheld_by_mospi,2026-06,withheld_data_inconsistency,Named in the report note as not published due to inconsistent cumulative expenditure
617981,completed,2026-07,completed,Listed in the Completed Projects table (Table 3)
617982,first_observed,2026-04,,
617982,exited,2026-06,withheld_data_inconsistency,Named in the report note as not published due to inconsistent cumulative expenditure
617982,withheld_by_mospi,2026-06,withheld_data_inconsistency,Named in the report note as not published due to inconsistent cumulative expenditure
617982,completed,2026-07,completed,Listed in the Completed Projects table (Table 3)
617983,first_observed,2026-04,,
617984,first_observed,2026-04,,
617985,first_observed,2026-04,,
617986,first_observed,2026-04,,
617987,first_observed,2026-04,,
617988,first_observed,2026-04,,
617989,first_observed,2026-04,,
617990,first_observed,2026-04,,
617990,completed,2026-06,completed,Listed in the Completed Projects table (Table 3)
617991,first_observed,2026-04,,
617992,first_observed,2026-04,,
617992,completed,2026-06,completed,Listed in the Completed Projects table (Table 3)
617993,first_observed,2026-04,,
617993,exited,2026-06,withheld_data_inconsistency,Named in the report note as not published due to inconsistent cumulative expenditure
617993,withheld_by_mospi,2026-06,withheld_data_inconsistency,Named in the report note as not published due to inconsistent cumulative expenditure
617993,completed,2026-07,completed,Listed in the Completed Projects table (Table 3)
617994,first_observed,2026-04,,
617995,first_observed,2026-04,,
617995,completed,2026-08,completed,Listed in the Completed Projects table (Table 3)
617996,first_observed,2026-04,,
617996,completed,2026-06,completed,Listed in the Completed Projects table (Table 3)
617997,first_observed,2026-05,,
617997,newly_added,2026-05,,
617998,first_observed,2026-04,,
617999,first_observed,2026-04,,
618000,first_observed,2026-04,,
618000,completed,2026-08,completed,Listed in the Completed Projects table (Table 3)
618001,first_observed,2026-04,,
618002,first_observed,2026-04,,
618002,completed,2026-06,completed,Listed in the Completed Projects table (Table 3)
618003,first_observed,2026-04,,
618004,first_observed,2026-04,,
618005,first_observed,2026-04,,
618005,exited,2026-07,withheld_data_inconsistency,Named in the report note as not published due to inconsistent cumulative expenditure
618005,withheld_by_mospi,2026-07,withheld_data_inconsistency,Named in the report note as not published due to inconsistent cumulative expenditure
618005,completed,2026-08,completed,Listed in the Completed Projects table (Table 3)
618006,first_observed,2026-04,,
618006,exited,2026-06,withheld_data_inconsistency,Named in the report note as not published due to inconsistent cumulative expenditure
618006,withheld_by_mospi,2026-06,withheld_data_inconsistency,Named in the report note as not published due to inconsistent cumulative expenditure
618006,withheld_by_mospi,2026-07,withheld_data_inconsistency,Named in the report note as not published due to inconsistent cumulative expenditure
618006,completed,2026-08,completed,Listed in the Completed Projects table (Table 3)
618007,first_observed,2026-04,,
618007,exited,2026-06,withheld_data_inconsistency,Named in the report note as not published due to inconsistent cumulative expenditure
618007,withheld_by_mospi,2026-06,withheld_data_inconsistency,Named in the report note as not published due to inconsistent cumulative expenditure
618007,withheld_by_mospi,2026-07,withheld_data_inconsistency,Named in the report note as not published due to inconsistent cumulative expenditure
618007,completed,2026-08,completed,Listed in the Completed Projects table (Table 3)
618008,first_observed,2026-04,,
618008,completed,2026-06,completed,Listed in the Completed Projects table (Table 3)
618009,first_observed,2026-04,,
618010,first_observed,2026-04,,
618011,first_observed,2026-04,,
618012,first_observed,2026-04,,
618013,first_observed,2026-04,,
618014,first_observed,2026-04,,
618015,first_observed,2026-04,,
618016,first_observed,2026-04,,
618017,first_observed,2026-04,,
618018,first_observed,2026-04,,
618019,first_observed,2026-04,,
618020,first_observed,2026-04,,
618021,first_observed,2026-04,,
618022,first_observed,2026-04,,
618023,first_observed,2026-04,,
618023,exited,2026-07,withheld_data_inconsistency,Named in the report note as not published due to inconsistent cumulative expenditure
618023,withheld_by_mospi,2026-07,withheld_data_inconsistency,Named in the report note as not published due to inconsistent cumulative expenditure
618023,completed,2026-08,completed,Listed in the Completed Projects table (Table 3)
618024,first_observed,2026-04,,
618025,first_observed,2026-04,,
618026,first_observed,2026-04,,
618026,completed,2026-06,completed,Listed in the Completed Projects table (Table 3)
618027,first_observed,2026-04,,
618028,first_observed,2026-04,,
618029,first_observed,2026-04,,
618030,first_observed,2026-04,,
618030,exited,2026-07,unexplained,"No completion record, report note or re-entry explains the absence"
618031,first_observed,2026-04,,
618033,first_observed,2026-04,,
618033,exited,2026-07,unexplained,"No completion record, report note or re-entry explains the absence"
618034,first_observed,2026-04,,
618035,first_observed,2026-04,,
618036,first_observed,2026-04,,
618037,first_observed,2026-04,,
618038,first_observed,2026-04,,
618039,first_observed,2026-04,,
618040,first_observed,2026-04,,
618041,first_observed,2026-04,,
618042,first_observed,2026-04,,
618043,first_observed,2026-04,,
618044,first_observed,2026-04,,
618044,newly_added,2026-04,,
618045,first_observed,2026-04,,
618045,completed,2026-06,completed,Listed in the Completed Projects table (Table 3)
618046,first_observed,2026-04,,
618046,exited,2026-06,withheld_data_inconsistency,Named in the report note as not published due to inconsistent cumulative expenditure
618046,withheld_by_mospi,2026-06,withheld_data_inconsistency,Named in the report note as not published due to inconsistent cumulative expenditure
618046,withheld_by_mospi,2026-07,withheld_data_inconsistency,Named in the report note as not published due to inconsistent cumulative expenditure
618046,completed,2026-08,completed,Listed in the Completed Projects table (Table 3)
618047,first_observed,2026-04,,
618049,first_observed,2026-04,,
618050,first_observed,2026-04,,
618050,completed,2026-06,completed,Listed in the Completed Projects table (Table 3)
618051,withheld_by_mospi,2026-04,withheld_data_inconsistency,Named in the report note as not published due to inconsistent cumulative expenditure
618051,withheld_by_mospi,2026-05,withheld_data_inconsistency,Named in the report note as not published due to inconsistent cumulative expenditure
618051,first_observed,2026-06,,
618051,completed,2026-07,completed,Listed in the Completed Projects table (Table 3)
618052,first_observed,2026-04,,
618053,first_observed,2026-04,,
618054,first_observed,2026-04,,
618055,first_observed,2026-04,,
618056,first_observed,2026-04,,
618057,first_observed,2026-04,,
618059,first_observed,2026-04,,
618060,first_observed,2026-04,,
618061,first_observed,2026-04,,
618062,first_observed,2026-04,,
618062,exited,2026-06,withheld_data_inconsistency,Named in the report note as not published due to inconsistent cumulative expenditure
618062,withheld_by_mospi,2026-06,withheld_data_inconsistency,Named in the report note as not published due to inconsistent cumulative expenditure
618062,withheld_by_mospi,2026-07,withheld_data_inconsistency,Named in the report note as not published due to inconsistent cumulative expenditure
618062,completed,2026-08,completed,Listed in the Completed Projects table (Table 3)
618063,first_observed,2026-04,,
618064,first_observed,2026-04,,
618064,completed,2026-06,completed,Listed in the Completed Projects table (Table 3)
618065,first_observed,2026-04,,
618066,first_observed,2026-04,,
618067,first_observed,2026-04,,
618068,first_observed,2026-04,,
618069,first_observed,2026-04,,
618070,first_observed,2026-04,,
618071,first_observed,2026-04,,
618072,first_observed,2026-04,,
618072,completed,2026-08,completed,Listed in the Completed Projects table (Table 3)
618073,first_observed,2026-04,,
618074,first_observed,2026-04,,
618075,first_observed,2026-04,,
618076,first_observed,2026-04,,
618078,first_observed,2026-04,,
618078,completed,2026-06,completed,Listed in the Completed Projects table (Table 3)
618079,first_observed,2026-04,,
618080,first_observed,2026-04,,
618081,first_observed,2026-04,,
618082,first_observed,2026-04,,
618083,first_observed,2026-04,,
618083,exited,2026-06,temporarily_absent,"Absent for one or more months, then listed as ongoing again"
618084,first_observed,2026-04,,
618085,first_observed,2026-04,,
618086,first_observed,2026-04,,
618087,first_observed,2026-04,,
618088,first_observed,2026-04,,
618089,first_observed,2026-04,,
618090,first_observed,2026-04,,
618090,exited,2026-06,withheld_data_inconsistency,Named in the report note as not published due to inconsistent cumulative expenditure
618090,withheld_by_mospi,2026-06,withheld_data_inconsistency,Named in the report note as not published due to inconsistent cumulative expenditure
618090,withheld_by_mospi,2026-07,withheld_data_inconsistency,Named in the report note as not published due to inconsistent cumulative expenditure
618090,completed,2026-08,completed,Listed in the Completed Projects table (Table 3)
618091,first_observed,2026-04,,
618092,first_observed,2026-04,,
618093,first_observed,2026-04,,
618093,completed,2026-06,completed,Listed in the Completed Projects table (Table 3)
618094,first_observed,2026-04,,
618095,first_observed,2026-04,,
618096,first_observed,2026-04,,
618097,first_observed,2026-04,,
618098,first_observed,2026-04,,
618099,first_observed,2026-04,,
618099,completed,2026-06,completed,Listed in the Completed Projects table (Table 3)
618101,first_observed,2026-04,,
618103,first_observed,2026-04,,
618104,first_observed,2026-04,,
618105,first_observed,2026-04,,
618106,first_observed,2026-04,,
618107,first_observed,2026-04,,
618108,first_observed,2026-04,,
618109,first_observed,2026-04,,
618110,first_observed,2026-04,,
618110,completed,2026-06,completed,Listed in the Completed Projects table (Table 3)
618111,first_observed,2026-04,,
618112,first_observed,2026-04,,
618113,first_observed,2026-04,,
618114,first_observed,2026-04,,
618114,newly_added,2026-04,,
618116,first_observed,2026-04,,
618117,first_observed,2026-04,,
618118,first_observed,2026-04,,
618118,completed,2026-06,completed,Listed in the Completed Projects table (Table 3)
618119,first_observed,2026-04,,
618120,first_observed,2026-04,,
618121,first_observed,2026-04,,
618122,first_observed,2026-04,,
618123,first_observed,2026-04,,
618123,exited,2026-07,unexplained,"No completion record, report note or re-entry explains the absence"
618124,first_observed,2026-04,,
618125,first_observed,2026-04,,
618126,first_observed,2026-04,,
618127,first_observed,2026-04,,
618129,first_observed,2026-04,,
618130,first_observed,2026-04,,
618132,first_observed,2026-04,,
618132,completed,2026-06,completed,Listed in the Completed Projects table (Table 3)
618133,first_observed,2026-04,,
618134,first_observed,2026-04,,
618136,first_observed,2026-04,,
618136,exited,2026-06,withheld_data_inconsistency,Named in the report note as not published due to inconsistent cumulative expenditure
618136,withheld_by_mospi,2026-06,withheld_data_inconsistency,Named in the report note as not published due to inconsistent cumulative expenditure
618136,completed,2026-07,completed,Listed in the Completed Projects table (Table 3)
618137,first_observed,2026-04,,
618138,first_observed,2026-04,,
618139,first_observed,2026-04,,
618140,first_observed,2026-04,,
618141,first_observed,2026-04,,
618142,first_observed,2026-04,,
618142,completed,2026-06,completed,Listed in the Completed Projects table (Table 3)
618143,first_observed,2026-04,,
618143,completed,2026-06,completed,Listed in the Completed Projects table (Table 3)
618144,first_observed,2026-04,,
618144,exited,2026-06,withheld_data_inconsistency,Named in the report note as not published due to inconsistent cumulative expenditure
618144,withheld_by_mospi,2026-06,withheld_data_inconsistency,Named in the report note as not published due to inconsistent cumulative expenditure
618144,withheld_by_mospi,2026-07,withheld_data_inconsistency,Named in the report note as not published due to inconsistent cumulative expenditure
618144,completed,2026-08,completed,Listed in the Completed Projects table (Table 3)
618145,first_observed,2026-04,,
618145,completed,2026-06,completed,Listed in the Completed Projects table (Table 3)
618146,first_observed,2026-04,,
618147,first_observed,2026-04,,
618148,first_observed,2026-05,,
618148,newly_added,2026-05,,
618149,first_observed,2026-04,,
618150,first_observed,2026-04,,
618151,first_observed,2026-05,,
618151,newly_added,2026-05,,
618152,first_observed,2026-04,,
618153,first_observed,2026-04,,
618154,first_observed,2026-04,,
618155,first_observed,2026-04,,
618156,first_observed,2026-04,,
618157,first_observed,2026-04,,
618158,first_observed,2026-04,,
618159,first_observed,2026-04,,
618160,first_observed,2026-04,,
618161,first_observed,2026-04,,
618161,completed,2026-06,completed,Listed in the Completed Projects table (Table 3)
618162,first_observed,2026-04,,
618163,first_observed,2026-04,,
618164,first_observed,2026-04,,
618165,first_observed,2026-04,,
618165,exited,2026-07,withheld_data_inconsistency,Named in the report note as not published due to inconsistent cumulative expenditure
618165,withheld_by_mospi,2026-07,withheld_data_inconsistency,Named in the report note as not published due to inconsistent cumulative expenditure
618165,completed,2026-08,completed,Listed in the Completed Projects table (Table 3)
618166,first_observed,2026-04,,
618167,first_observed,2026-04,,
618167,exited,2026-06,withheld_data_inconsistency,Named in the report note as not published due to inconsistent cumulative expenditure
618167,withheld_by_mospi,2026-06,withheld_data_inconsistency,Named in the report note as not published due to inconsistent cumulative expenditure
618167,withheld_by_mospi,2026-07,withheld_data_inconsistency,Named in the report note as not published due to inconsistent cumulative expenditure
618167,completed,2026-08,completed,Listed in the Completed Projects table (Table 3)
618168,first_observed,2026-04,,
618169,first_observed,2026-04,,
618170,first_observed,2026-04,,
618171,first_observed,2026-04,,
618172,first_observed,2026-04,,
618173,first_observed,2026-04,,
618174,first_observed,2026-04,,
618175,first_observed,2026-04,,
618175,completed,2026-07,completed,Listed in the Completed Projects table (Table 3)
618176,first_observed,2026-04,,
618177,first_observed,2026-04,,
618178,first_observed,2026-04,,
618179,first_observed,2026-04,,
618179,exited,2026-07,withheld_data_inconsistency,Named in the report note as not published due to inconsistent cumulative expenditure
618179,withheld_by_mospi,2026-07,withheld_data_inconsistency,Named in the report note as not published due to inconsistent cumulative expenditure
618179,completed,2026-08,completed,Listed in the Completed Projects table (Table 3)
618180,first_observed,2026-04,,
618181,first_observed,2026-04,,
618181,exited,2026-06,withheld_data_inconsistency,Named in the report note as not published due to inconsistent cumulative expenditure
618181,withheld_by_mospi,2026-06,withheld_data_inconsistency,Named in the report note as not published due to inconsistent cumulative expenditure
618181,withheld_by_mospi,2026-07,withheld_data_inconsistency,Named in the report note as not published due to inconsistent cumulative expenditure
618181,completed,2026-08,completed,Listed in the Completed Projects table (Table 3)
618182,first_observed,2026-04,,
618183,first_observed,2026-04,,
618184,first_observed,2026-04,,
618185,first_observed,2026-04,,
618186,first_observed,2026-04,,
618187,first_observed,2026-04,,
618188,first_observed,2026-04,,
618188,completed,2026-08,completed,Listed in the Completed Projects table (Table 3)
618189,first_observed,2026-04,,
618190,first_observed,2026-04,,
618191,first_observed,2026-04,,
618191,completed,2026-06,completed,Listed in the Completed Projects table (Table 3)
618192,first_observed,2026-04,,
618192,exited,2026-06,withheld_data_inconsistency,Named in the report note as not published due to inconsistent cumulative expenditure
618192,withheld_by_mospi,2026-06,withheld_data_inconsistency,Named in the report note as not published due to inconsistent cumulative expenditure
618192,withheld_by_mospi,2026-07,withheld_data_inconsistency,Named in the report note as not published due to inconsistent cumulative expenditure
618192,completed,2026-08,completed,Listed in the Completed Projects table (Table 3)
618193,first_observed,2026-04,,
618194,first_observed,2026-04,,
618196,first_observed,2026-04,,
618197,first_observed,2026-04,,
618198,first_observed,2026-04,,
618199,first_observed,2026-04,,
618200,first_observed,2026-04,,
618201,first_observed,2026-04,,
618202,first_observed,2026-04,,
618203,first_observed,2026-04,,
618204,first_observed,2026-04,,
618205,first_observed,2026-04,,
618206,first_observed,2026-04,,
618207,first_observed,2026-04,,
618208,first_observed,2026-04,,
618208,exited,2026-06,withheld_data_inconsistency,Named in the report note as not published due to inconsistent cumulative expenditure
618208,withheld_by_mospi,2026-06,withheld_data_inconsistency,Named in the report note as not published due to inconsistent cumulative expenditure
618208,withheld_by_mospi,2026-07,withheld_data_inconsistency,Named in the report note as not published due to inconsistent cumulative expenditure
618208,completed,2026-08,completed,Listed in the Completed Projects table (Table 3)
618209,first_observed,2026-04,,
618210,first_observed,2026-04,,
618211,first_observed,2026-04,,
618212,first_observed,2026-04,,
618213,first_observed,2026-04,,
618214,first_observed,2026-04,,
618215,first_observed,2026-04,,
618216,first_observed,2026-04,,
618217,first_observed,2026-04,,
618218,first_observed,2026-04,,
618219,first_observed,2026-04,,
618220,first_observed,2026-04,,
618220,exited,2026-06,withheld_data_inconsistency,Named in the report note as not published due to inconsistent cumulative expenditure
618220,withheld_by_mospi,2026-06,withheld_data_inconsistency,Named in the report note as not published due to inconsistent cumulative expenditure
618220,withheld_by_mospi,2026-07,withheld_data_inconsistency,Named in the report note as not published due to inconsistent cumulative expenditure
618220,completed,2026-08,completed,Listed in the Completed Projects table (Table 3)
618221,first_observed,2026-04,,
618222,first_observed,2026-04,,
618223,first_observed,2026-04,,
618224,first_observed,2026-04,,
618225,first_observed,2026-04,,
618226,first_observed,2026-04,,
618227,first_observed,2026-04,,
618228,first_observed,2026-04,,
618229,first_observed,2026-04,,
618229,exited,2026-06,withheld_data_inconsistency,Named in the report note as not published due to inconsistent cumulative expenditure
618229,withheld_by_mospi,2026-06,withheld_data_inconsistency,Named in the report note as not published due to inconsistent cumulative expenditure
618229,withheld_by_mospi,2026-07,withheld_data_inconsistency,Named in the report note as not published due to inconsistent cumulative expenditure
618229,completed,2026-08,completed,Listed in the Completed Projects table (Table 3)
618230,first_observed,2026-04,,
618231,first_observed,2026-04,,
618232,first_observed,2026-04,,
618233,first_observed,2026-04,,
618234,first_observed,2026-04,,
618235,first_observed,2026-04,,
618236,first_observed,2026-04,,
618237,first_observed,2026-04,,
618237,completed,2026-06,completed,Listed in the Completed Projects table (Table 3)
618238,first_observed,2026-04,,
618239,first_observed,2026-04,,
618240,first_observed,2026-04,,
618240,completed,2026-08,completed,Listed in the Completed Projects table (Table 3)
618242,first_observed,2026-04,,
618243,first_observed,2026-04,,
618244,first_observed,2026-04,,
618246,first_observed,2026-04,,
618247,first_observed,2026-04,,
618248,first_observed,2026-04,,
618249,first_observed,2026-04,,
618250,first_observed,2026-04,,
618251,first_observed,2026-04,,
618252,first_observed,2026-04,,
618253,first_observed,2026-04,,
618253,newly_added,2026-04,,
618254,first_observed,2026-04,,
618255,first_observed,2026-04,,
618256,first_observed,2026-04,,
618257,first_observed,2026-04,,
618258,first_observed,2026-04,,
618258,completed,2026-06,completed,Listed in the Completed Projects table (Table 3)
618259,first_observed,2026-04,,
618259,completed,2026-06,completed,Listed in the Completed Projects table (Table 3)
618260,first_observed,2026-04,,
618262,first_observed,2026-04,,
618263,first_observed,2026-04,,
618264,first_observed,2026-04,,
618265,first_observed,2026-04,,
618266,first_observed,2026-04,,
618267,first_observed,2026-05,,
618267,newly_added,2026-05,,
618282,first_observed,2026-04,,
618283,first_observed,2026-04,,
618284,first_observed,2026-04,,
618285,first_observed,2026-04,,
618285,completed,2026-06,completed,Listed in the Completed Projects table (Table 3)
618286,first_observed,2026-04,,
618287,first_observed,2026-04,,
618288,first_observed,2026-04,,
618289,first_observed,2026-04,,
618290,first_observed,2026-04,,
618291,first_observed,2026-04,,
618292,first_observed,2026-04,,
618293,first_observed,2026-04,,
618294,first_observed,2026-04,,
618295,first_observed,2026-04,,
618296,first_observed,2026-04,,
618297,first_observed,2026-04,,
618298,first_observed,2026-04,,
618299,first_observed,2026-04,,
618300,first_observed,2026-04,,
618301,first_observed,2026-04,,
618302,first_observed,2026-04,,
618303,first_observed,2026-04,,
618304,first_observed,2026-04,,
618305,first_observed,2026-04,,
618306,first_observed,2026-04,,
618307,withheld_by_mospi,2026-04,withheld_data_inconsistency,Named in the report note as not published due to inconsistent cumulative expenditure
618307,withheld_by_mospi,2026-05,withheld_data_inconsistency,Named in the report note as not published due to inconsistent cumulative expenditure
618307,first_observed,2026-06,,
618308,first_observed,2026-04,,
618309,first_observed,2026-04,,
618310,first_observed,2026-04,,
618311,first_observed,2026-04,,
618312,first_observed,2026-04,,
618313,first_observed,2026-04,,
618314,first_observed,2026-04,,
618315,first_observed,2026-04,,
618316,first_observed,2026-04,,
618317,first_observed,2026-04,,
618318,first_observed,2026-04,,
618319,first_observed,2026-04,,
618320,first_observed,2026-04,,
618321,first_observed,2026-04,,
618323,first_observed,2026-04,,
618324,first_observed,2026-04,,
618325,first_observed,2026-04,,
618325,exited,2026-07,unexplained,"No completion record, report note or re-entry explains the absence"
618326,first_observed,2026-04,,
618327,first_observed,2026-04,,
618327,completed,2026-06,completed,Listed in the Completed Projects table (Table 3)
618328,first_observed,2026-04,,
618329,first_observed,2026-04,,
618329,completed,2026-06,completed,Listed in the Completed Projects table (Table 3)
618330,first_observed,2026-04,,
618330,completed,2026-06,completed,Listed in the Completed Projects table (Table 3)
618331,first_observed,2026-04,,
618333,first_observed,2026-04,,
618334,first_observed,2026-04,,
618335,first_observed,2026-04,,
618336,first_observed,2026-04,,
618337,first_observed,2026-04,,
618337,completed,2026-08,completed,Listed in the Completed Projects table (Table 3)
618338,first_observed,2026-04,,
618339,first_observed,2026-04,,
618339,exited,2026-07,unexplained,"No completion record, report note or re-entry explains the absence"
618340,first_observed,2026-04,,
618341,first_observed,2026-04,,
618341,completed,2026-06,completed,Listed in the Completed Projects table (Table 3)
618342,first_observed,2026-04,,
618342,exited,2026-06,withheld_data_inconsistency,Named in the report note as not published due to inconsistent cumulative expenditure
618342,withheld_by_mospi,2026-06,withheld_data_inconsistency,Named in the report note as not published due to inconsistent cumulative expenditure
618342,completed,2026-07,completed,Listed in the Completed Projects table (Table 3)
618343,first_observed,2026-04,,
618343,exited,2026-06,withheld_data_inconsistency,Named in the report note as not published due to inconsistent cumulative expenditure
618343,withheld_by_mospi,2026-06,withheld_data_inconsistency,Named in the report note as not published due to inconsistent cumulative expenditure
618343,completed,2026-07,completed,Listed in the Completed Projects table (Table 3)
618344,first_observed,2026-04,,
618345,first_observed,2026-04,,
618346,first_observed,2026-04,,
618347,first_observed,2026-04,,
618347,completed,2026-08,completed,Listed in the Completed Projects table (Table 3)
618348,first_observed,2026-04,,
618349,first_observed,2026-04,,
618350,first_observed,2026-04,,
618351,first_observed,2026-04,,
618352,first_observed,2026-04,,
618353,first_observed,2026-04,,
618354,first_observed,2026-04,,
618355,first_observed,2026-04,,
618356,first_observed,2026-04,,
618357,first_observed,2026-04,,
618358,first_observed,2026-04,,
618359,first_observed,2026-04,,
618362,first_observed,2026-04,,
618363,first_observed,2026-04,,
618364,first_observed,2026-04,,
618365,first_observed,2026-04,,
618366,first_observed,2026-04,,
618367,first_observed,2026-04,,
618368,first_observed,2026-04,,
618369,first_observed,2026-04,,
618370,first_observed,2026-04,,
618371,first_observed,2026-04,,
618372,first_observed,2026-04,,
618372,completed,2026-06,completed,Listed in the Completed Projects table (Table 3)
618373,first_observed,2026-04,,
618374,first_observed,2026-04,,
618375,first_observed,2026-04,,
618376,first_observed,2026-04,,
618377,first_observed,2026-04,,
618379,first_observed,2026-04,,
618380,first_observed,2026-04,,
618380,completed,2026-08,completed,Listed in the Completed Projects table (Table 3)
618381,first_observed,2026-04,,
618381,completed,2026-06,completed,Listed in the Completed Projects table (Table 3)
618382,first_observed,2026-04,,
618382,completed,2026-06,completed,Listed in the Completed Projects table (Table 3)
618383,first_observed,2026-04,,
618384,first_observed,2026-04,,
618384,completed,2026-06,completed,Listed in the Completed Projects table (Table 3)
618385,first_observed,2026-04,,
618386,first_observed,2026-04,,
618386,completed,2026-06,completed,Listed in the Completed Projects table (Table 3)
618387,first_observed,2026-04,,
618388,first_observed,2026-04,,
618389,first_observed,2026-04,,
618390,first_observed,2026-04,,
618391,first_observed,2026-04,,
618392,first_observed,2026-04,,
618393,first_observed,2026-04,,
618393,completed,2026-08,completed,Listed in the Completed Projects table (Table 3)
618394,first_observed,2026-04,,
618395,first_observed,2026-04,,
618396,first_observed,2026-04,,
618396,completed,2026-06,completed,Listed in the Completed Projects table (Table 3)
618397,first_observed,2026-04,,
618398,first_observed,2026-04,,
618399,first_observed,2026-04,,
618400,first_observed,2026-04,,
618401,first_observed,2026-04,,
618402,first_observed,2026-04,,
618403,first_observed,2026-04,,
618404,first_observed,2026-04,,
618405,first_observed,2026-04,,
618406,first_observed,2026-04,,
618407,first_observed,2026-04,,
618408,first_observed,2026-04,,
618409,first_observed,2026-04,,
618410,first_observed,2026-04,,
618411,first_observed,2026-04,,
618412,first_observed,2026-04,,
618413,first_observed,2026-04,,
618414,first_observed,2026-04,,
618415,first_observed,2026-04,,
618416,first_observed,2026-04,,
618417,first_observed,2026-04,,
618418,first_observed,2026-04,,
618419,first_observed,2026-04,,
618420,first_observed,2026-04,,
618421,first_observed,2026-04,,
618422,first_observed,2026-04,,
618423,first_observed,2026-04,,
618426,first_observed,2026-04,,
618427,first_observed,2026-04,,
618428,first_observed,2026-04,,
618429,first_observed,2026-04,,
618430,first_observed,2026-04,,
618431,first_observed,2026-04,,
618432,first_observed,2026-04,,
618432,exited,2026-06,withheld_data_inconsistency,Named in the report note as not published due to inconsistent cumulative expenditure
618432,withheld_by_mospi,2026-06,withheld_data_inconsistency,Named in the report note as not published due to inconsistent cumulative expenditure
618432,completed,2026-07,completed,Listed in the Completed Projects table (Table 3)
618433,first_observed,2026-04,,
618434,first_observed,2026-04,,
618435,first_observed,2026-04,,
618435,exited,2026-07,unexplained,"No completion record, report note or re-entry explains the absence"
618436,first_observed,2026-04,,
618437,first_observed,2026-04,,
618438,first_observed,2026-04,,
618439,first_observed,2026-04,,
618439,exited,2026-07,unexplained,"No completion record, report note or re-entry explains the absence"
618440,first_observed,2026-04,,
618441,first_observed,2026-04,,
618442,first_observed,2026-04,,
618443,first_observed,2026-04,,
618443,exited,2026-07,unexplained,"No completion record, report note or re-entry explains the absence"
618444,first_observed,2026-04,,
618444,exited,2026-07,unexplained,"No completion record, report note or re-entry explains the absence"
618445,first_observed,2026-04,,
618446,first_observed,2026-04,,
618447,first_observed,2026-04,,
618448,first_observed,2026-04,,
618449,first_observed,2026-04,,
618450,first_observed,2026-04,,
618452,first_observed,2026-04,,
618454,first_observed,2026-04,,
618454,completed,2026-08,completed,Listed in the Completed Projects table (Table 3)
618455,first_observed,2026-04,,
618455,completed,2026-08,completed,Listed in the Completed Projects table (Table 3)
618456,first_observed,2026-04,,
618456,completed,2026-06,completed,Listed in the Completed Projects table (Table 3)
618457,first_observed,2026-04,,
618458,first_observed,2026-04,,
618459,first_observed,2026-04,,
618460,first_observed,2026-04,,
618460,completed,2026-07,completed,Listed in the Completed Projects table (Table 3)
618462,first_observed,2026-04,,
618463,first_observed,2026-04,,
618464,first_observed,2026-04,,
618464,completed,2026-06,completed,Listed in the Completed Projects table (Table 3)
618465,first_observed,2026-04,,
618465,completed,2026-06,completed,Listed in the Completed Projects table (Table 3)
618466,first_observed,2026-04,,
618466,exited,2026-07,unexplained,"No completion record, report note or re-entry explains the absence"
618467,first_observed,2026-04,,
618468,first_observed,2026-04,,
618468,completed,2026-06,completed,Listed in the Completed Projects table (Table 3)
618469,first_observed,2026-04,,
618470,first_observed,2026-04,,
618471,first_observed,2026-04,,
618472,first_observed,2026-04,,
618473,first_observed,2026-04,,
618475,first_observed,2026-04,,
618476,first_observed,2026-04,,
618477,first_observed,2026-04,,
618478,first_observed,2026-04,,
618479,first_observed,2026-04,,
618480,first_observed,2026-04,,
618481,first_observed,2026-04,,
618482,first_observed,2026-04,,
618483,first_observed,2026-04,,
618484,first_observed,2026-04,,
618484,completed,2026-06,completed,Listed in the Completed Projects table (Table 3)
618485,first_observed,2026-04,,
618485,completed,2026-06,completed,Listed in the Completed Projects table (Table 3)
618486,first_observed,2026-04,,
618487,first_observed,2026-04,,
618487,completed,2026-06,completed,Listed in the Completed Projects table (Table 3)
618488,first_observed,2026-04,,
618488,exited,2026-07,unexplained,"No completion record, report note or re-entry explains the absence"
618489,first_observed,2026-04,,
618490,first_observed,2026-04,,
618490,exited,2026-07,unexplained,"No completion record, report note or re-entry explains the absence"
618491,first_observed,2026-04,,
618491,exited,2026-07,unexplained,"No completion record, report note or re-entry explains the absence"
618492,first_observed,2026-04,,
618493,first_observed,2026-04,,
618494,first_observed,2026-04,,
618495,first_observed,2026-04,,
618496,first_observed,2026-04,,
618497,first_observed,2026-04,,
618498,first_observed,2026-04,,
618498,completed,2026-06,completed,Listed in the Completed Projects table (Table 3)
618499,first_observed,2026-04,,
618500,first_observed,2026-04,,
618501,first_observed,2026-04,,
618501,completed,2026-06,completed,Listed in the Completed Projects table (Table 3)
618502,first_observed,2026-04,,
618502,completed,2026-06,completed,Listed in the Completed Projects table (Table 3)
618503,first_observed,2026-04,,
618503,completed,2026-08,completed,Listed in the Completed Projects table (Table 3)
618504,first_observed,2026-04,,
618504,completed,2026-08,completed,Listed in the Completed Projects table (Table 3)
618505,first_observed,2026-04,,
618506,first_observed,2026-04,,
618507,first_observed,2026-04,,
618508,first_observed,2026-04,,
618509,first_observed,2026-04,,
618511,first_observed,2026-04,,
618512,first_observed,2026-04,,
618513,first_observed,2026-04,,
618514,first_observed,2026-04,,
618515,first_observed,2026-04,,
618515,completed,2026-06,completed,Listed in the Completed Projects table (Table 3)
618516,first_observed,2026-04,,
618517,first_observed,2026-04,,
618518,first_observed,2026-04,,
618519,first_observed,2026-04,,
618520,first_observed,2026-04,,
618521,first_observed,2026-04,,
618522,first_observed,2026-04,,
618523,first_observed,2026-04,,
618524,first_observed,2026-04,,
618525,first_observed,2026-04,,
618526,first_observed,2026-04,,
618526,completed,2026-08,completed,Listed in the Completed Projects table (Table 3)
618527,first_observed,2026-04,,
618527,completed,2026-06,completed,Listed in the Completed Projects table (Table 3)
618529,first_observed,2026-04,,
618530,first_observed,2026-04,,
618531,first_observed,2026-04,,
618532,first_observed,2026-04,,
618532,completed,2026-06,completed,Listed in the Completed Projects table (Table 3)
618533,first_observed,2026-04,,
618534,first_observed,2026-05,,
618534,newly_added,2026-05,,
618535,first_observed,2026-04,,
618536,first_observed,2026-04,,
618537,first_observed,2026-04,,
618538,first_observed,2026-04,,
618539,first_observed,2026-04,,
618540,first_observed,2026-04,,
618541,first_observed,2026-04,,
618542,first_observed,2026-05,,
618542,newly_added,2026-05,,
618543,first_observed,2026-04,,
618544,first_observed,2026-04,,
618545,first_observed,2026-04,,
618547,first_observed,2026-04,,
618549,first_observed,2026-04,,
618550,first_observed,2026-04,,
618551,first_observed,2026-04,,
618552,first_observed,2026-04,,
618553,first_observed,2026-04,,
618553,completed,2026-06,completed,Listed in the Completed Projects table (Table 3)
618554,first_observed,2026-04,,
618555,completed,2026-04,completed,Listed in the Completed Projects table (Table 3)
618556,first_observed,2026-04,,
618557,first_observed,2026-04,,
618558,first_observed,2026-04,,
618558,exited,2026-07,unexplained,"No completion record, report note or re-entry explains the absence"
618559,first_observed,2026-04,,
618559,exited,2026-07,unexplained,"No completion record, report note or re-entry explains the absence"
618560,first_observed,2026-04,,
618560,exited,2026-07,unexplained,"No completion record, report note or re-entry explains the absence"
618561,first_observed,2026-04,,
618562,first_observed,2026-04,,
618562,completed,2026-06,completed,Listed in the Completed Projects table (Table 3)
618563,first_observed,2026-04,,
618564,first_observed,2026-04,,
618565,first_observed,2026-04,,
618565,completed,2026-06,completed,Listed in the Completed Projects table (Table 3)
618566,first_observed,2026-04,,
618567,first_observed,2026-04,,
618568,first_observed,2026-04,,
618569,first_observed,2026-04,,
618569,exited,2026-07,unexplained,"No completion record, report note or re-entry explains the absence"
618570,first_observed,2026-04,,
618570,completed,2026-06,completed,Listed in the Completed Projects table (Table 3)
618571,first_observed,2026-04,,
618572,first_observed,2026-04,,
618574,first_observed,2026-04,,
618576,first_observed,2026-04,,
618576,completed,2026-06,completed,Listed in the Completed Projects table (Table 3)
618577,first_observed,2026-04,,
618577,completed,2026-07,completed,Listed in the Completed Projects table (Table 3)
618578,first_observed,2026-04,,
618578,completed,2026-06,completed,Listed in the Completed Projects table (Table 3)
618579,first_observed,2026-04,,
618580,first_observed,2026-04,,
618581,first_observed,2026-04,,
618582,first_observed,2026-04,,
618582,completed,2026-06,completed,Listed in the Completed Projects table (Table 3)
618583,first_observed,2026-04,,
618583,completed,2026-06,completed,Listed in the Completed Projects table (Table 3)
618584,first_observed,2026-04,,
618585,first_observed,2026-04,,
618586,first_observed,2026-04,,
618588,first_observed,2026-04,,
618589,first_observed,2026-04,,
618590,first_observed,2026-04,,
618591,first_observed,2026-04,,
618592,first_observed,2026-04,,
618593,first_observed,2026-04,,
618594,first_observed,2026-04,,
618595,first_observed,2026-04,,
618596,first_observed,2026-04,,
618597,first_observed,2026-04,,
618598,first_observed,2026-04,,
618599,first_observed,2026-04,,
618600,first_observed,2026-04,,
618601,first_observed,2026-04,,
618602,first_observed,2026-04,,
618603,first_observed,2026-04,,
618604,first_observed,2026-04,,
618605,first_observed,2026-04,,
618606,first_observed,2026-04,,
618607,first_observed,2026-04,,
618608,first_observed,2026-04,,
618609,first_observed,2026-04,,
618610,first_observed,2026-04,,
618611,first_observed,2026-04,,
618612,first_observed,2026-04,,
618613,first_observed,2026-04,,
618614,first_observed,2026-04,,
618614,completed,2026-06,completed,Listed in the Completed Projects table (Table 3)
618615,first_observed,2026-04,,
618616,first_observed,2026-04,,
618617,first_observed,2026-04,,
618618,first_observed,2026-04,,
618619,first_observed,2026-04,,
618620,first_observed,2026-04,,
618621,first_observed,2026-04,,
618622,first_observed,2026-04,,
618623,first_observed,2026-04,,
618624,first_observed,2026-04,,
618624,completed,2026-06,completed,Listed in the Completed Projects table (Table 3)
618625,first_observed,2026-04,,
618625,completed,2026-06,completed,Listed in the Completed Projects table (Table 3)
618626,first_observed,2026-04,,
618627,first_observed,2026-04,,
618628,first_observed,2026-04,,
618629,first_observed,2026-04,,
618630,first_observed,2026-04,,
618631,first_observed,2026-04,,
618632,first_observed,2026-04,,
618633,first_observed,2026-04,,
618633,newly_added,2026-04,,
618634,first_observed,2026-04,,
618635,first_observed,2026-04,,
618636,first_observed,2026-04,,
618637,first_observed,2026-04,,
618638,first_observed,2026-04,,
618638,completed,2026-06,completed,Listed in the Completed Projects table (Table 3)
618639,first_observed,2026-04,,
618640,first_observed,2026-04,,
618641,first_observed,2026-04,,
618642,first_observed,2026-04,,
618644,first_observed,2026-04,,
618645,first_observed,2026-04,,
618646,first_observed,2026-05,,
618646,newly_added,2026-05,,
618647,first_observed,2026-04,,
618648,first_observed,2026-06,,
618648,newly_added,2026-06,,
618649,first_observed,2026-04,,
618650,first_observed,2026-04,,
618651,first_observed,2026-04,,
618652,first_observed,2026-04,,
618652,completed,2026-06,completed,Listed in the Completed Projects table (Table 3)
618653,first_observed,2026-04,,
618654,first_observed,2026-04,,
618655,first_observed,2026-04,,
618661,first_observed,2026-04,,
618662,first_observed,2026-04,,
618662,newly_added,2026-04,,
618663,first_observed,2026-04,,
618664,first_observed,2026-04,,
618665,first_observed,2026-04,,
618665,completed,2026-06,completed,Listed in the Completed Projects table (Table 3)
618666,first_observed,2026-04,,
618667,first_observed,2026-04,,
618668,first_observed,2026-04,,
618669,first_observed,2026-04,,
618671,first_observed,2026-04,,
618672,first_observed,2026-04,,
618673,first_observed,2026-04,,
618674,first_observed,2026-04,,
618675,first_observed,2026-04,,
618676,first_observed,2026-04,,
618676,completed,2026-06,completed,Listed in the Completed Projects table (Table 3)
618677,first_observed,2026-04,,
618678,first_observed,2026-04,,
618680,first_observed,2026-04,,
618680,completed,2026-08,completed,Listed in the Completed Projects table (Table 3)
618681,first_observed,2026-04,,
618682,first_observed,2026-04,,
618684,first_observed,2026-04,,
618685,first_observed,2026-04,,
618686,first_observed,2026-04,,
618687,first_observed,2026-04,,
618688,first_observed,2026-04,,
618690,first_observed,2026-04,,
618691,first_observed,2026-04,,
618692,first_observed,2026-04,,
618692,completed,2026-07,completed,Listed in the Completed Projects table (Table 3)
618693,first_observed,2026-04,,
618694,first_observed,2026-04,,
618695,first_observed,2026-04,,
618695,completed,2026-06,completed,Listed in the Completed Projects table (Table 3)
618697,first_observed,2026-04,,
618698,first_observed,2026-04,,
618698,completed,2026-06,completed,Listed in the Completed Projects table (Table 3)
618699,first_observed,2026-04,,
618699,completed,2026-06,completed,Listed in the Completed Projects table (Table 3)
618700,first_observed,2026-04,,
618701,first_observed,2026-04,,
618701,completed,2026-06,completed,Listed in the Completed Projects table (Table 3)
618702,first_observed,2026-04,,
618704,first_observed,2026-04,,
618705,first_observed,2026-04,,
618705,newly_added,2026-04,,
618706,first_observed,2026-04,,
618707,first_observed,2026-04,,
618708,first_observed,2026-04,,
618709,first_observed,2026-04,,
618710,first_observed,2026-04,,
618711,first_observed,2026-04,,
618712,first_observed,2026-04,,
618713,first_observed,2026-04,,
618714,first_observed,2026-04,,
618715,first_observed,2026-04,,
618716,first_observed,2026-04,,
618717,first_observed,2026-04,,
618718,first_observed,2026-04,,
618719,first_observed,2026-04,,
618720,first_observed,2026-04,,
618721,first_observed,2026-04,,
618722,first_observed,2026-04,,
618723,first_observed,2026-04,,
618724,first_observed,2026-04,,
618725,first_observed,2026-04,,
618726,first_observed,2026-04,,
618727,first_observed,2026-04,,
618728,first_observed,2026-04,,
618729,first_observed,2026-06,,
618729,newly_added,2026-06,,
618730,first_observed,2026-05,,
618730,newly_added,2026-05,,
618731,first_observed,2026-07,,
618731,newly_added,2026-07,,
618732,first_observed,2026-05,,
618732,newly_added,2026-05,,
618733,first_observed,2026-06,,
618733,newly_added,2026-06,,
618734,first_observed,2026-04,,
618735,first_observed,2026-04,,
618736,first_observed,2026-04,,
618737,first_observed,2026-04,,
618738,first_observed,2026-04,,
618739,first_observed,2026-04,,
618740,first_observed,2026-04,,
618741,first_observed,2026-04,,
618742,first_observed,2026-04,,
618742,newly_added,2026-04,,
618743,first_observed,2026-04,,
618743,completed,2026-06,completed,Listed in the Completed Projects table (Table 3)
618744,first_observed,2026-04,,
618745,first_observed,2026-04,,
618745,completed,2026-06,completed,Listed in the Completed Projects table (Table 3)
618746,first_observed,2026-04,,
618747,first_observed,2026-04,,
618748,first_observed,2026-04,,
618748,completed,2026-06,completed,Listed in the Completed Projects table (Table 3)
618749,first_observed,2026-04,,
618749,completed,2026-07,completed,Listed in the Completed Projects table (Table 3)
618751,first_observed,2026-04,,
618754,first_observed,2026-04,,
618755,first_observed,2026-04,,
618755,completed,2026-06,completed,Listed in the Completed Projects table (Table 3)
618756,first_observed,2026-04,,
618757,first_observed,2026-04,,
618758,first_observed,2026-04,,
618759,first_observed,2026-04,,
618760,first_observed,2026-04,,
618760,completed,2026-06,completed,Listed in the Completed Projects table (Table 3)
618761,first_observed,2026-04,,
618762,first_observed,2026-04,,
618764,first_observed,2026-04,,
618765,first_observed,2026-04,,
618766,first_observed,2026-04,,
618768,first_observed,2026-04,,
618768,newly_added,2026-04,,
618769,first_observed,2026-04,,
618770,first_observed,2026-04,,
618770,completed,2026-06,completed,Listed in the Completed Projects table (Table 3)
618771,first_observed,2026-04,,
618771,completed,2026-06,completed,Listed in the Completed Projects table (Table 3)
618772,first_observed,2026-04,,
618773,first_observed,2026-04,,
618773,completed,2026-06,completed,Listed in the Completed Projects table (Table 3)
618774,first_observed,2026-04,,
618774,completed,2026-06,completed,Listed in the Completed Projects table (Table 3)
618775,first_observed,2026-04,,
618776,first_observed,2026-04,,
618777,first_observed,2026-04,,
618778,first_observed,2026-04,,
618779,first_observed,2026-04,,
618779,completed,2026-06,completed,Listed in the Completed Projects table (Table 3)
618782,first_observed,2026-04,,
618783,first_observed,2026-04,,
618784,first_observed,2026-04,,
618785,first_observed,2026-04,,
618786,first_observed,2026-04,,
618787,first_observed,2026-04,,
618788,first_observed,2026-04,,
618790,first_observed,2026-04,,
618790,newly_added,2026-04,,
618791,first_observed,2026-04,,
618792,first_observed,2026-04,,
618793,first_observed,2026-04,,
618794,first_observed,2026-04,,
618795,first_observed,2026-04,,
618796,first_observed,2026-04,,
618797,first_observed,2026-04,,
618798,first_observed,2026-04,,
618799,first_observed,2026-04,,
618800,first_observed,2026-04,,
618801,first_observed,2026-04,,
618803,first_observed,2026-04,,
618804,first_observed,2026-04,,
618805,first_observed,2026-04,,
618806,first_observed,2026-04,,
618807,first_observed,2026-04,,
618808,first_observed,2026-04,,
618809,first_observed,2026-04,,
618810,first_observed,2026-04,,
618811,first_observed,2026-04,,
618812,first_observed,2026-04,,
618813,first_observed,2026-04,,
618814,first_observed,2026-04,,
618814,exited,2026-05,temporarily_absent,"Absent for one or more months, then listed as ongoing again"
618815,first_observed,2026-04,,
618816,withheld_by_mospi,2026-04,withheld_data_inconsistency,Named in the report note as not published due to inconsistent cumulative expenditure
618816,first_observed,2026-05,,
618816,withheld_by_mospi,2026-05,withheld_data_inconsistency,Named in the report note as not published due to inconsistent cumulative expenditure
618817,first_observed,2026-04,,
618818,first_observed,2026-04,,
618819,first_observed,2026-04,,
618819,completed,2026-06,completed,Listed in the Completed Projects table (Table 3)
618820,first_observed,2026-04,,
618821,first_observed,2026-04,,
618822,first_observed,2026-04,,
618823,first_observed,2026-04,,
618824,first_observed,2026-04,,
618825,first_observed,2026-04,,
618826,first_observed,2026-04,,
618827,first_observed,2026-04,,
618828,first_observed,2026-04,,
618828,completed,2026-06,completed,Listed in the Completed Projects table (Table 3)
618829,first_observed,2026-04,,
618829,completed,2026-06,completed,Listed in the Completed Projects table (Table 3)
618830,first_observed,2026-04,,
618831,first_observed,2026-04,,
618832,first_observed,2026-04,,
618833,first_observed,2026-04,,
618833,completed,2026-07,completed,Listed in the Completed Projects table (Table 3)
618834,first_observed,2026-04,,
618834,completed,2026-06,completed,Listed in the Completed Projects table (Table 3)
618835,first_observed,2026-04,,
618835,completed,2026-06,completed,Listed in the Completed Projects table (Table 3)
618836,first_observed,2026-04,,
618837,first_observed,2026-04,,
618838,first_observed,2026-04,,
618839,first_observed,2026-04,,
618839,completed,2026-06,completed,Listed in the Completed Projects table (Table 3)
618840,first_observed,2026-04,,
618841,first_observed,2026-04,,
618842,first_observed,2026-06,,
618842,newly_added,2026-06,,
618843,first_observed,2026-04,,
618844,first_observed,2026-04,,
618845,first_observed,2026-04,,
618846,first_observed,2026-04,,
618847,first_observed,2026-04,,
618848,first_observed,2026-04,,
618849,first_observed,2026-04,,
618849,completed,2026-06,completed,Listed in the Completed Projects table (Table 3)
618850,first_observed,2026-04,,
618851,first_observed,2026-04,,
618852,first_observed,2026-04,,
618853,first_observed,2026-04,,
618854,first_observed,2026-04,,
618854,completed,2026-06,completed,Listed in the Completed Projects table (Table 3)
618855,first_observed,2026-04,,
618855,completed,2026-06,completed,Listed in the Completed Projects table (Table 3)
618856,first_observed,2026-04,,
618858,first_observed,2026-04,,
618859,first_observed,2026-04,,
618861,first_observed,2026-04,,
618862,first_observed,2026-04,,
618863,first_observed,2026-04,,
618864,first_observed,2026-04,,
618864,completed,2026-06,completed,Listed in the Completed Projects table (Table 3)
618865,first_observed,2026-04,,
618865,completed,2026-06,completed,Listed in the Completed Projects table (Table 3)
618866,first_observed,2026-04,,
618867,first_observed,2026-04,,
618868,first_observed,2026-04,,
618869,first_observed,2026-04,,
618870,first_observed,2026-04,,
618871,first_observed,2026-04,,
618872,first_observed,2026-04,,
618873,first_observed,2026-04,,
618874,first_observed,2026-04,,
618874,completed,2026-06,completed,Listed in the Completed Projects table (Table 3)
618875,first_observed,2026-04,,
618878,first_observed,2026-04,,
618879,first_observed,2026-04,,
618880,first_observed,2026-04,,
618881,first_observed,2026-04,,
618882,first_observed,2026-04,,
618883,first_observed,2026-04,,
618883,completed,2026-08,completed,Listed in the Completed Projects table (Table 3)
618884,first_observed,2026-04,,
618885,first_observed,2026-04,,
618886,first_observed,2026-04,,
618887,first_observed,2026-04,,
618888,first_observed,2026-04,,
618889,first_observed,2026-04,,
618890,first_observed,2026-04,,
618891,first_observed,2026-04,,
618892,first_observed,2026-06,,
618892,newly_added,2026-06,,
618893,first_observed,2026-04,,
618893,completed,2026-08,completed,Listed in the Completed Projects table (Table 3)
618894,first_observed,2026-04,,
618895,first_observed,2026-04,,
618896,first_observed,2026-04,,
618897,first_observed,2026-04,,
618897,completed,2026-06,completed,Listed in the Completed Projects table (Table 3)
618898,first_observed,2026-04,,
618899,first_observed,2026-04,,
618901,first_observed,2026-04,,
618902,first_observed,2026-04,,
618903,first_observed,2026-04,,
618904,first_observed,2026-04,,
618904,exited,2026-07,unexplained,"No completion record, report note or re-entry explains the absence"
618905,first_observed,2026-04,,
618906,first_observed,2026-04,,
618907,first_observed,2026-04,,
618908,first_observed,2026-04,,
618909,first_observed,2026-04,,
618910,first_observed,2026-04,,
618910,exited,2026-07,unexplained,"No completion record, report note or re-entry explains the absence"
618911,first_observed,2026-04,,
618912,first_observed,2026-04,,
618912,completed,2026-06,completed,Listed in the Completed Projects table (Table 3)
618913,first_observed,2026-04,,
618913,completed,2026-06,completed,Listed in the Completed Projects table (Table 3)
618914,first_observed,2026-04,,
618915,first_observed,2026-04,,
618915,completed,2026-06,completed,Listed in the Completed Projects table (Table 3)
618916,first_observed,2026-04,,
618916,completed,2026-06,completed,Listed in the Completed Projects table (Table 3)
618917,first_observed,2026-04,,
618919,first_observed,2026-04,,
618919,completed,2026-06,completed,Listed in the Completed Projects table (Table 3)
618920,first_observed,2026-04,,
618921,first_observed,2026-04,,
618922,first_observed,2026-04,,
618923,first_observed,2026-04,,
618924,first_observed,2026-04,,
618925,first_observed,2026-04,,
618926,first_observed,2026-04,,
618927,first_observed,2026-04,,
618928,first_observed,2026-04,,
618929,first_observed,2026-04,,
618930,first_observed,2026-04,,
618931,first_observed,2026-04,,
618932,first_observed,2026-04,,
618933,first_observed,2026-04,,
618934,first_observed,2026-04,,
618935,first_observed,2026-04,,
618935,completed,2026-06,completed,Listed in the Completed Projects table (Table 3)
618936,first_observed,2026-04,,
618937,first_observed,2026-04,,
618938,first_observed,2026-04,,
618938,completed,2026-06,completed,Listed in the Completed Projects table (Table 3)
618939,first_observed,2026-04,,
618941,first_observed,2026-04,,
618942,first_observed,2026-04,,
618943,first_observed,2026-04,,
618943,completed,2026-06,completed,Listed in the Completed Projects table (Table 3)
618944,first_observed,2026-04,,
618945,first_observed,2026-04,,
618946,first_observed,2026-04,,
618946,completed,2026-06,completed,Listed in the Completed Projects table (Table 3)
618947,first_observed,2026-04,,
618948,first_observed,2026-04,,
618949,first_observed,2026-04,,
618950,first_observed,2026-04,,
618951,first_observed,2026-04,,
618952,first_observed,2026-04,,
618953,first_observed,2026-04,,
618954,first_observed,2026-04,,
618955,first_observed,2026-04,,
618956,first_observed,2026-04,,
618957,first_observed,2026-04,,
618958,first_observed,2026-04,,
618959,first_observed,2026-04,,
618959,completed,2026-06,completed,Listed in the Completed Projects table (Table 3)
618960,first_observed,2026-04,,
618961,first_observed,2026-04,,
618962,first_observed,2026-04,,
618963,first_observed,2026-04,,
618964,first_observed,2026-04,,
618966,first_observed,2026-04,,
618967,first_observed,2026-04,,
618968,first_observed,2026-04,,
618969,first_observed,2026-04,,
618970,first_observed,2026-04,,
618971,first_observed,2026-04,,
618972,first_observed,2026-04,,
618972,exited,2026-07,railways_irpsm_onboarding,Ministry of Railways; report note: projects are re-onboarded via IRPSM API after vetting
618976,first_observed,2026-04,,
618977,first_observed,2026-04,,
618978,first_observed,2026-04,,
618978,exited,2026-07,railways_irpsm_onboarding,Ministry of Railways; report note: projects are re-onboarded via IRPSM API after vetting
618981,first_observed,2026-04,,
618981,newly_added,2026-04,,
618982,first_observed,2026-04,,
618985,first_observed,2026-04,,
618986,first_observed,2026-04,,
618986,exited,2026-07,railways_irpsm_onboarding,Ministry of Railways; report note: projects are re-onboarded via IRPSM API after vetting
618991,first_observed,2026-04,,
618992,first_observed,2026-04,,
618995,first_observed,2026-04,,
618995,exited,2026-07,railways_irpsm_onboarding,Ministry of Railways; report note: projects are re-onboarded via IRPSM API after vetting
619003,first_observed,2026-04,,
619004,first_observed,2026-04,,
619005,first_observed,2026-04,,
619007,first_observed,2026-04,,
619008,first_observed,2026-04,,
619009,first_observed,2026-04,,
619009,newly_added,2026-04,,
619010,first_observed,2026-04,,
619013,first_observed,2026-04,,
619014,first_observed,2026-04,,
619014,newly_added,2026-04,,
619022,first_observed,2026-04,,
619024,first_observed,2026-04,,
619025,first_observed,2026-04,,
619026,first_observed,2026-04,,
619027,first_observed,2026-04,,
619028,first_observed,2026-04,,
619029,first_observed,2026-04,,
619030,first_observed,2026-04,,
619031,first_observed,2026-04,,
619032,first_observed,2026-04,,
619033,first_observed,2026-04,,
619038,first_observed,2026-04,,
619039,first_observed,2026-06,,
619039,newly_added,2026-06,,
619042,first_observed,2026-04,,
619043,first_observed,2026-07,,
619043,newly_added,2026-07,,
619045,first_observed,2026-04,,
619046,first_observed,2026-08,,
619046,newly_added,2026-08,,
619049,first_observed,2026-04,,
619051,first_observed,2026-04,,
619052,first_observed,2026-04,,
619053,first_observed,2026-04,,
619054,first_observed,2026-04,,
619055,first_observed,2026-04,,
619056,first_observed,2026-04,,
619056,newly_added,2026-04,,
619057,first_observed,2026-04,,
619059,first_observed,2026-04,,
619060,first_observed,2026-04,,
619061,first_observed,2026-05,,
619061,newly_added,2026-05,,
619063,first_observed,2026-04,,
619063,completed,2026-06,completed,Listed in the Completed Projects table (Table 3)
619064,first_observed,2026-04,,
619065,withheld_by_mospi,2026-04,withheld_data_inconsistency,Named in the report note as not published due to inconsistent cumulative expenditure
619065,withheld_by_mospi,2026-05,withheld_data_inconsistency,Named in the report note as not published due to inconsistent cumulative expenditure
619065,first_observed,2026-06,,
619066,first_observed,2026-04,,
619067,first_observed,2026-04,,
619067,completed,2026-06,completed,Listed in the Completed Projects table (Table 3)
619068,first_observed,2026-04,,
619069,first_observed,2026-04,,
619070,first_observed,2026-04,,
619070,completed,2026-05,completed,Listed in the Completed Projects table (Table 3)
619071,first_observed,2026-04,,
619072,first_observed,2026-04,,
619073,first_observed,2026-04,,
619074,first_observed,2026-04,,
619075,first_observed,2026-04,,
619075,completed,2026-06,completed,Listed in the Completed Projects table (Table 3)
619076,first_observed,2026-04,,
619077,first_observed,2026-04,,
619078,first_observed,2026-04,,
619080,first_observed,2026-04,,
619083,first_observed,2026-04,,
619083,completed,2026-06,completed,Listed in the Completed Projects table (Table 3)
619084,first_observed,2026-04,,
619084,completed,2026-06,completed,Listed in the Completed Projects table (Table 3)
619086,first_observed,2026-04,,
619087,first_observed,2026-04,,
619089,first_observed,2026-04,,
619090,first_observed,2026-04,,
619090,completed,2026-08,completed,Listed in the Completed Projects table (Table 3)
619092,first_observed,2026-04,,
619093,first_observed,2026-04,,
619094,first_observed,2026-04,,
619095,first_observed,2026-04,,
619096,first_observed,2026-04,,
619097,first_observed,2026-04,,
619098,first_observed,2026-04,,
619099,first_observed,2026-04,,
619100,first_observed,2026-04,,
619101,first_observed,2026-04,,
619102,first_observed,2026-04,,
619102,newly_added,2026-04,,
619103,first_observed,2026-04,,
619104,first_observed,2026-04,,
619104,completed,2026-06,completed,Listed in the Completed Projects table (Table 3)
619105,first_observed,2026-04,,
619106,first_observed,2026-04,,
619107,first_observed,2026-04,,
619108,first_observed,2026-04,,
619109,first_observed,2026-04,,
619111,first_observed,2026-04,,
619112,first_observed,2026-04,,
619113,withheld_by_mospi,2026-04,withheld_data_inconsistency,Named in the report note as not published due to inconsistent cumulative expenditure
619113,withheld_by_mospi,2026-05,withheld_data_inconsistency,Named in the report note as not published due to inconsistent cumulative expenditure
619113,first_observed,2026-06,,
619113,completed,2026-07,completed,Listed in the Completed Projects table (Table 3)
619114,first_observed,2026-04,,
619117,first_observed,2026-04,,
619118,first_observed,2026-04,,
619119,first_observed,2026-04,,
619120,first_observed,2026-04,,
619121,first_observed,2026-04,,
619121,completed,2026-06,completed,Listed in the Completed Projects table (Table 3)
619122,first_observed,2026-04,,
619122,completed,2026-06,completed,Listed in the Completed Projects table (Table 3)
619123,first_observed,2026-04,,
619124,first_observed,2026-04,,
619125,first_observed,2026-04,,
619126,first_observed,2026-04,,
619127,first_observed,2026-04,,
619128,first_observed,2026-04,,
619129,first_observed,2026-04,,
619130,first_observed,2026-04,,
619131,first_observed,2026-04,,
619132,first_observed,2026-04,,
619134,first_observed,2026-04,,
619136,first_observed,2026-04,,
619137,first_observed,2026-04,,
619137,completed,2026-05,completed,Listed in the Completed Projects table (Table 3)
619138,first_observed,2026-04,,
619139,first_observed,2026-04,,
619140,first_observed,2026-04,,
619141,first_observed,2026-04,,
619142,first_observed,2026-04,,
619143,first_observed,2026-04,,
619144,first_observed,2026-04,,
619144,completed,2026-06,completed,Listed in the Completed Projects table (Table 3)
619145,first_observed,2026-04,,
619146,first_observed,2026-04,,
619146,completed,2026-07,completed,Listed in the Completed Projects table (Table 3)
619147,first_observed,2026-04,,
619147,completed,2026-06,completed,Listed in the Completed Projects table (Table 3)
619148,first_observed,2026-04,,
619148,completed,2026-06,completed,Listed in the Completed Projects table (Table 3)
619149,first_observed,2026-04,,
619150,first_observed,2026-04,,
619152,first_observed,2026-04,,
619153,first_observed,2026-04,,
619154,first_observed,2026-04,,
619155,first_observed,2026-04,,
619156,first_observed,2026-05,,
619156,newly_added,2026-05,,
619157,first_observed,2026-04,,
619157,completed,2026-08,completed,Listed in the Completed Projects table (Table 3)
619158,first_observed,2026-04,,
619160,first_observed,2026-04,,
619161,first_observed,2026-04,,
619162,first_observed,2026-04,,
619162,completed,2026-08,completed,Listed in the Completed Projects table (Table 3)
619163,first_observed,2026-04,,
619164,first_observed,2026-04,,
619165,first_observed,2026-04,,
619165,completed,2026-08,completed,Listed in the Completed Projects table (Table 3)
619166,first_observed,2026-04,,
619167,first_observed,2026-04,,
619168,first_observed,2026-04,,
619171,first_observed,2026-04,,
619172,first_observed,2026-04,,
619181,first_observed,2026-04,,
619183,first_observed,2026-04,,
619184,first_observed,2026-04,,
619185,first_observed,2026-04,,
619186,first_observed,2026-04,,
619187,first_observed,2026-04,,
619191,first_observed,2026-04,,
619193,first_observed,2026-04,,
619194,first_observed,2026-05,,
619194,newly_added,2026-05,,
619196,first_observed,2026-04,,
619197,first_observed,2026-04,,
619198,first_observed,2026-04,,
619199,first_observed,2026-04,,
619200,first_observed,2026-04,,
619201,first_observed,2026-04,,
619202,first_observed,2026-04,,
619203,first_observed,2026-04,,
619204,first_observed,2026-06,,
619204,newly_added,2026-06,,
619205,first_observed,2026-04,,
619206,first_observed,2026-04,,
619207,first_observed,2026-04,,
619208,first_observed,2026-04,,
619209,first_observed,2026-04,,
619209,completed,2026-06,completed,Listed in the Completed Projects table (Table 3)
619210,first_observed,2026-04,,
619211,first_observed,2026-04,,
619212,first_observed,2026-04,,
619213,first_observed,2026-04,,
619214,first_observed,2026-04,,
619215,first_observed,2026-04,,
619216,first_observed,2026-04,,
619217,first_observed,2026-04,,
619218,first_observed,2026-04,,
619219,first_observed,2026-04,,
619220,first_observed,2026-04,,
619221,first_observed,2026-07,,
619221,newly_added,2026-07,,
619222,first_observed,2026-04,,
619223,first_observed,2026-04,,
619224,first_observed,2026-04,,
619225,first_observed,2026-04,,
619226,first_observed,2026-04,,
619227,first_observed,2026-04,,
619227,newly_added,2026-04,,
619228,first_observed,2026-04,,
619228,newly_added,2026-04,,
619229,first_observed,2026-05,,
619229,newly_added,2026-05,,
619229,exited,2026-07,unexplained,"No completion record, report note or re-entry explains the absence"
619248,first_observed,2026-06,,
619248,newly_added,2026-06,,
619251,first_observed,2026-04,,
619253,first_observed,2026-04,,
619253,newly_added,2026-04,,
619256,first_observed,2026-08,,
619256,newly_added,2026-08,,
619257,first_observed,2026-08,,
619257,newly_added,2026-08,,
619263,first_observed,2026-08,,
619263,newly_added,2026-08,,
619265,first_observed,2026-07,,
619265,newly_added,2026-07,,
619266,first_observed,2026-08,,
619266,newly_added,2026-08,,
619267,first_observed,2026-08,,
619267,newly_added,2026-08,,
619270,first_observed,2026-06,,
619270,newly_added,2026-06,,
619271,first_observed,2026-06,,
619271,newly_added,2026-06,,
619273,first_observed,2026-08,,
619273,newly_added,2026-08,,
619276,first_observed,2026-08,,
619276,newly_added,2026-08,,
619289,first_observed,2026-04,,
619291,first_observed,2026-04,,
619291,completed,2026-07,completed,Listed in the Completed Projects table (Table 3)
619292,first_observed,2026-04,,
619293,first_observed,2026-04,,
619294,first_observed,2026-04,,
619295,first_observed,2026-04,,
619297,first_observed,2026-07,,
619297,newly_added,2026-07,,
619298,first_observed,2026-06,,
619298,newly_added,2026-06,,
619299,first_observed,2026-06,,
619299,newly_added,2026-06,,
619300,first_observed,2026-06,,
619300,newly_added,2026-06,,
619301,first_observed,2026-04,,
619304,first_observed,2026-08,,
619304,newly_added,2026-08,,
619305,first_observed,2026-04,,
619306,first_observed,2026-04,,
619307,first_observed,2026-04,,
619308,first_observed,2026-04,,
619311,first_observed,2026-04,,
619311,newly_added,2026-04,,
619312,first_observed,2026-04,,
619312,newly_added,2026-04,,
619313,first_observed,2026-04,,
619313,newly_added,2026-04,,
619314,first_observed,2026-04,,
619314,newly_added,2026-04,,
619316,first_observed,2026-04,,
619316,newly_added,2026-04,,
619317,first_observed,2026-04,,
619317,newly_added,2026-04,,
619318,first_observed,2026-04,,
619318,newly_added,2026-04,,
619320,first_observed,2026-04,,
619320,newly_added,2026-04,,
619320,completed,2026-06,completed,Listed in the Completed Projects table (Table 3)
619321,first_observed,2026-05,,
619321,newly_added,2026-05,,
619326,first_observed,2026-05,,
619326,newly_added,2026-05,,
619326,exited,2026-07,railways_irpsm_onboarding,Ministry of Railways; report note: projects are re-onboarded via IRPSM API after vetting
619328,first_observed,2026-05,,
619328,newly_added,2026-05,,
619341,first_observed,2026-05,,
619341,newly_added,2026-05,,
619347,first_observed,2026-06,,
619347,newly_added,2026-06,,
635651,first_observed,2026-07,,
635651,newly_added,2026-07,,
658240,first_observed,2026-08,,
658240,newly_added,2026-08,,
660056,first_observed,2026-07,,
660056,newly_added,2026-07,,
663560,first_observed,2026-08,,
663560,newly_added,2026-08,,
665021,first_observed,2026-07,,
665021,newly_added,2026-07,,
684624,first_observed,2026-08,,
684624,newly_added,2026-08,,
687613,first_observed,2026-08,,
687613,newly_added,2026-08,,
691992,first_observed,2026-08,,
691992,newly_added,2026-08,,
701101,first_observed,2026-04,,
701105,first_observed,2026-04,,
701105,completed,2026-06,completed,Listed in the Completed Projects table (Table 3)
701107,first_observed,2026-04,,
701113,first_observed,2026-04,,
701121,first_observed,2026-04,,
701122,first_observed,2026-04,,
701126,first_observed,2026-04,,
701127,first_observed,2026-04,,
701128,first_observed,2026-04,,
701167,first_observed,2026-04,,
701168,first_observed,2026-04,,
701170,first_observed,2026-04,,
701171,first_observed,2026-04,,
701172,first_observed,2026-04,,
701173,first_observed,2026-04,,
701228,first_observed,2026-04,,
701263,first_observed,2026-04,,
701263,completed,2026-06,completed,Listed in the Completed Projects table (Table 3)
701289,first_observed,2026-04,,
701324,first_observed,2026-04,,
701329,first_observed,2026-04,,
701330,first_observed,2026-04,,
701338,first_observed,2026-04,,
701343,first_observed,2026-04,,
701343,completed,2026-07,completed,Listed in the Completed Projects table (Table 3)
701344,first_observed,2026-04,,
701346,first_observed,2026-04,,
701349,first_observed,2026-04,,
701354,first_observed,2026-04,,
701354,completed,2026-05,completed,Listed in the Completed Projects table (Table 3)
701370,first_observed,2026-04,,
701372,first_observed,2026-04,,
701376,first_observed,2026-04,,
701377,first_observed,2026-04,,
701383,first_observed,2026-04,,
701386,first_observed,2026-04,,
701391,first_observed,2026-04,,
701395,first_observed,2026-04,,
701395,exited,2026-07,unexplained,"No completion record, report note or re-entry explains the absence"
701396,first_observed,2026-04,,
701398,first_observed,2026-04,,
701399,first_observed,2026-04,,
701400,first_observed,2026-04,,
701402,first_observed,2026-04,,
701404,first_observed,2026-04,,
701405,first_observed,2026-04,,
701406,first_observed,2026-04,,
701406,completed,2026-07,completed,Listed in the Completed Projects table (Table 3)
701408,first_observed,2026-04,,
701410,first_observed,2026-04,,
701411,first_observed,2026-04,,
701412,first_observed,2026-04,,
701415,first_observed,2026-04,,
701530,first_observed,2026-04,,
701565,first_observed,2026-04,,
701565,completed,2026-08,completed,Listed in the Completed Projects table (Table 3)
701570,first_observed,2026-04,,
701574,first_observed,2026-04,,
701593,first_observed,2026-04,,
701597,first_observed,2026-04,,
701598,first_observed,2026-04,,
701599,first_observed,2026-04,,
701602,first_observed,2026-04,,
701657,first_observed,2026-04,,
701658,first_observed,2026-04,,
701661,first_observed,2026-07,,
701661,newly_added,2026-07,,
701662,first_observed,2026-07,,
701662,newly_added,2026-07,,
701668,first_observed,2026-04,,
701668,newly_added,2026-04,,
701719,first_observed,2026-04,,
701745,first_observed,2026-04,,
701766,first_observed,2026-04,,
701991,first_observed,2026-04,,
702355,first_observed,2026-04,,
702355,exited,2026-05,unexplained,"No completion record, report note or re-entry explains the absence"
702625,first_observed,2026-04,,
702626,first_observed,2026-04,,
702627,first_observed,2026-04,,
702628,first_observed,2026-04,,
702629,first_observed,2026-04,,
702630,first_observed,2026-04,,
702632,first_observed,2026-04,,
702635,first_observed,2026-04,,
702637,first_observed,2026-04,,
702637,completed,2026-08,completed,Listed in the Completed Projects table (Table 3)
702639,first_observed,2026-04,,
702639,completed,2026-05,completed,Listed in the Completed Projects table (Table 3)
702658,first_observed,2026-04,,
702664,first_observed,2026-04,,
702665,first_observed,2026-04,,
702668,first_observed,2026-04,,
702674,first_observed,2026-04,,
702699,first_observed,2026-04,,
702734,first_observed,2026-04,,
702735,completed,2026-04,completed,Listed in the Completed Projects table (Table 3)
702741,first_observed,2026-04,,
702742,first_observed,2026-04,,
702746,first_observed,2026-04,,
702760,first_observed,2026-04,,
702764,completed,2026-04,completed,Listed in the Completed Projects table (Table 3)
702793,first_observed,2026-04,,
702798,completed,2026-04,completed,Listed in the Completed Projects table (Table 3)
702808,first_observed,2026-04,,
702810,first_observed,2026-04,,
702833,first_observed,2026-04,,
702840,first_observed,2026-04,,
702840,completed,2026-05,completed,Listed in the Completed Projects table (Table 3)
702851,first_observed,2026-04,,
702851,completed,2026-07,completed,Listed in the Completed Projects table (Table 3)
702854,first_observed,2026-04,,
702854,completed,2026-05,completed,Listed in the Completed Projects table (Table 3)
702949,first_observed,2026-04,,
702958,first_observed,2026-04,,
702958,newly_added,2026-04,,
703021,first_observed,2026-04,,
703057,first_observed,2026-04,,
703585,first_observed,2026-04,,
703585,exited,2026-07,railways_irpsm_onboarding,Ministry of Railways; report note: projects are re-onboarded via IRPSM API after vetting
703586,first_observed,2026-04,,
704495,first_observed,2026-04,,
705237,first_observed,2026-04,,
705237,exited,2026-08,railways_irpsm_onboarding,Ministry of Railways; report note: projects are re-onboarded via IRPSM API after vetting
705244,first_observed,2026-04,,
705244,exited,2026-08,railways_irpsm_onboarding,Ministry of Railways; report note: projects are re-onboarded via IRPSM API after vetting
705252,first_observed,2026-04,,
705252,exited,2026-07,railways_irpsm_onboarding,Ministry of Railways; report note: projects are re-onboarded via IRPSM API after vetting
705253,first_observed,2026-04,,
705253,exited,2026-08,railways_irpsm_onboarding,Ministry of Railways; report note: projects are re-onboarded via IRPSM API after vetting
705298,first_observed,2026-04,,
705298,exited,2026-08,railways_irpsm_onboarding,Ministry of Railways; report note: projects are re-onboarded via IRPSM API after vetting
705356,first_observed,2026-04,,
705357,first_observed,2026-04,,
705358,first_observed,2026-04,,
705359,first_observed,2026-04,,
705362,first_observed,2026-04,,
705362,exited,2026-07,railways_irpsm_onboarding,Ministry of Railways; report note: projects are re-onboarded via IRPSM API after vetting
705364,first_observed,2026-04,,
705364,exited,2026-07,railways_irpsm_onboarding,Ministry of Railways; report note: projects are re-onboarded via IRPSM API after vetting
705366,first_observed,2026-04,,
705368,first_observed,2026-04,,
705373,first_observed,2026-04,,
705375,first_observed,2026-04,,
705385,first_observed,2026-04,,
705391,first_observed,2026-04,,
705392,first_observed,2026-04,,
705394,first_observed,2026-04,,
705394,newly_added,2026-04,,
705394,exited,2026-08,railways_irpsm_onboarding,Ministry of Railways; report note: projects are re-onboarded via IRPSM API after vetting
705396,first_observed,2026-04,,
705396,newly_added,2026-04,,
705396,exited,2026-07,railways_irpsm_onboarding,Ministry of Railways; report note: projects are re-onboarded via IRPSM API after vetting
705401,first_observed,2026-04,,
705410,first_observed,2026-04,,
705419,first_observed,2026-04,,
705424,first_observed,2026-04,,
705428,first_observed,2026-04,,
705428,exited,2026-07,railways_irpsm_onboarding,Ministry of Railways; report note: projects are re-onboarded via IRPSM API after vetting
705429,first_observed,2026-04,,
705429,exited,2026-07,railways_irpsm_onboarding,Ministry of Railways; report note: projects are re-onboarded via IRPSM API after vetting
705432,first_observed,2026-04,,
705432,exited,2026-08,railways_irpsm_onboarding,Ministry of Railways; report note: projects are re-onboarded via IRPSM API after vetting
705433,first_observed,2026-04,,
705433,exited,2026-08,railways_irpsm_onboarding,Ministry of Railways; report note: projects are re-onboarded via IRPSM API after vetting
705434,first_observed,2026-04,,
705434,exited,2026-07,railways_irpsm_onboarding,Ministry of Railways; report note: projects are re-onboarded via IRPSM API after vetting
705436,first_observed,2026-04,,
705436,exited,2026-07,railways_irpsm_onboarding,Ministry of Railways; report note: projects are re-onboarded via IRPSM API after vetting
705437,first_observed,2026-04,,
705437,exited,2026-07,railways_irpsm_onboarding,Ministry of Railways; report note: projects are re-onboarded via IRPSM API after vetting
705444,first_observed,2026-04,,
705444,exited,2026-08,railways_irpsm_onboarding,Ministry of Railways; report note: projects are re-onboarded via IRPSM API after vetting
705450,first_observed,2026-04,,
705450,exited,2026-08,railways_irpsm_onboarding,Ministry of Railways; report note: projects are re-onboarded via IRPSM API after vetting
705453,first_observed,2026-04,,
705454,first_observed,2026-04,,
705457,first_observed,2026-04,,
705458,first_observed,2026-04,,
705464,first_observed,2026-04,,
705464,newly_added,2026-04,,
705464,exited,2026-07,railways_irpsm_onboarding,Ministry of Railways; report note: projects are re-onboarded via IRPSM API after vetting
705479,first_observed,2026-04,,
705480,first_observed,2026-04,,
705481,first_observed,2026-04,,
705481,exited,2026-06,temporarily_absent,"Absent for one or more months, then listed as ongoing again"
705482,first_observed,2026-04,,
705482,exited,2026-07,railways_irpsm_onboarding,Ministry of Railways; report note: projects are re-onboarded via IRPSM API after vetting
705489,first_observed,2026-04,,
705489,newly_added,2026-04,,
705489,exited,2026-06,temporarily_absent,"Absent for one or more months, then listed as ongoing again"
705490,first_observed,2026-04,,
705491,first_observed,2026-04,,
705492,first_observed,2026-04,,
705493,first_observed,2026-04,,
705493,newly_added,2026-04,,
705494,first_observed,2026-04,,
705494,exited,2026-08,railways_irpsm_onboarding,Ministry of Railways; report note: projects are re-onboarded via IRPSM API after vetting
705495,first_observed,2026-04,,
705496,first_observed,2026-04,,
705496,exited,2026-08,railways_irpsm_onboarding,Ministry of Railways; report note: projects are re-onboarded via IRPSM API after vetting
705497,first_observed,2026-04,,
705497,newly_added,2026-04,,
705497,exited,2026-08,railways_irpsm_onboarding,Ministry of Railways; report note: projects are re-onboarded via IRPSM API after vetting
705498,first_observed,2026-04,,
705500,first_observed,2026-04,,
705502,first_observed,2026-04,,
705503,completed,2026-04,completed,Listed in the Completed Projects table (Table 3)
705504,first_observed,2026-04,,
705505,first_observed,2026-04,,
705506,first_observed,2026-04,,
705506,exited,2026-08,railways_irpsm_onboarding,Ministry of Railways; report note: projects are re-onboarded via IRPSM API after vetting
705507,first_observed,2026-04,,
705510,first_observed,2026-04,,
705511,first_observed,2026-04,,
705512,first_observed,2026-04,,
705513,first_observed,2026-04,,
705514,first_observed,2026-04,,
705514,exited,2026-08,railways_irpsm_onboarding,Ministry of Railways; report note: projects are re-onboarded via IRPSM API after vetting
705515,first_observed,2026-04,,
705526,first_observed,2026-04,,
705527,first_observed,2026-04,,
705528,first_observed,2026-04,,
705562,first_observed,2026-04,,
705567,first_observed,2026-04,,
705572,first_observed,2026-04,,
705583,first_observed,2026-04,,
705588,first_observed,2026-04,,
705598,first_observed,2026-04,,
705608,first_observed,2026-04,,
705608,exited,2026-08,railways_irpsm_onboarding,Ministry of Railways; report note: projects are re-onboarded via IRPSM API after vetting
705610,first_observed,2026-04,,
705612,first_observed,2026-04,,
705612,exited,2026-07,railways_irpsm_onboarding,Ministry of Railways; report note: projects are re-onboarded via IRPSM API after vetting
705613,first_observed,2026-04,,
705613,exited,2026-07,railways_irpsm_onboarding,Ministry of Railways; report note: projects are re-onboarded via IRPSM API after vetting
705616,first_observed,2026-04,,
705617,first_observed,2026-04,,
705628,first_observed,2026-04,,
705629,first_observed,2026-04,,
705632,first_observed,2026-04,,
705633,first_observed,2026-04,,
705633,exited,2026-07,railways_irpsm_onboarding,Ministry of Railways; report note: projects are re-onboarded via IRPSM API after vetting
705635,first_observed,2026-04,,
705638,first_observed,2026-04,,
705639,first_observed,2026-04,,
705648,first_observed,2026-04,,
705648,exited,2026-07,railways_irpsm_onboarding,Ministry of Railways; report note: projects are re-onboarded via IRPSM API after vetting
705650,first_observed,2026-04,,
705650,exited,2026-07,railways_irpsm_onboarding,Ministry of Railways; report note: projects are re-onboarded via IRPSM API after vetting
705659,first_observed,2026-04,,
705660,first_observed,2026-04,,
705660,exited,2026-07,railways_irpsm_onboarding,Ministry of Railways; report note: projects are re-onboarded via IRPSM API after vetting
705661,first_observed,2026-04,,
705663,first_observed,2026-04,,
705667,first_observed,2026-04,,
705668,first_observed,2026-04,,
705728,first_observed,2026-04,,
705728,exited,2026-08,railways_irpsm_onboarding,Ministry of Railways; report note: projects are re-onboarded via IRPSM API after vetting
705730,first_observed,2026-04,,
705730,exited,2026-07,railways_irpsm_onboarding,Ministry of Railways; report note: projects are re-onboarded via IRPSM API after vetting
705735,first_observed,2026-04,,
705741,first_observed,2026-04,,
705742,first_observed,2026-04,,
705742,exited,2026-06,temporarily_absent,"Absent for one or more months, then listed as ongoing again"
705747,first_observed,2026-04,,
705747,newly_added,2026-04,,
705747,exited,2026-07,railways_irpsm_onboarding,Ministry of Railways; report note: projects are re-onboarded via IRPSM API after vetting
705752,first_observed,2026-04,,
705761,first_observed,2026-04,,
705762,first_observed,2026-04,,
705762,newly_added,2026-04,,
705762,exited,2026-07,railways_irpsm_onboarding,Ministry of Railways; report note: projects are re-onboarded via IRPSM API after vetting
705763,first_observed,2026-04,,
705763,exited,2026-07,railways_irpsm_onboarding,Ministry of Railways; report note: projects are re-onboarded via IRPSM API after vetting
705764,first_observed,2026-04,,
705765,first_observed,2026-04,,
705766,first_observed,2026-04,,
705771,first_observed,2026-04,,
705771,exited,2026-07,railways_irpsm_onboarding,Ministry of Railways; report note: projects are re-onboarded via IRPSM API after vetting
705772,first_observed,2026-04,,
705774,first_observed,2026-04,,
705774,exited,2026-08,railways_irpsm_onboarding,Ministry of Railways; report note: projects are re-onboarded via IRPSM API after vetting
705777,first_observed,2026-04,,
705780,first_observed,2026-04,,
705782,first_observed,2026-04,,
705783,first_observed,2026-04,,
705785,first_observed,2026-04,,
705793,first_observed,2026-04,,
705793,exited,2026-08,railways_irpsm_onboarding,Ministry of Railways; report note: projects are re-onboarded via IRPSM API after vetting
705794,first_observed,2026-04,,
705794,exited,2026-07,railways_irpsm_onboarding,Ministry of Railways; report note: projects are re-onboarded via IRPSM API after vetting
705799,first_observed,2026-04,,
705799,exited,2026-07,railways_irpsm_onboarding,Ministry of Railways; report note: projects are re-onboarded via IRPSM API after vetting
705912,first_observed,2026-04,,
705912,exited,2026-07,railways_irpsm_onboarding,Ministry of Railways; report note: projects are re-onboarded via IRPSM API after vetting
705918,first_observed,2026-04,,
705918,exited,2026-07,railways_irpsm_onboarding,Ministry of Railways; report note: projects are re-onboarded via IRPSM API after vetting
705919,first_observed,2026-04,,
705919,exited,2026-08,railways_irpsm_onboarding,Ministry of Railways; report note: projects are re-onboarded via IRPSM API after vetting
705933,first_observed,2026-04,,
705941,first_observed,2026-04,,
705941,exited,2026-08,railways_irpsm_onboarding,Ministry of Railways; report note: projects are re-onboarded via IRPSM API after vetting
706718,first_observed,2026-04,,
706724,first_observed,2026-04,,
706757,first_observed,2026-04,,
706757,exited,2026-07,railways_irpsm_onboarding,Ministry of Railways; report note: projects are re-onboarded via IRPSM API after vetting
706759,first_observed,2026-04,,
706759,exited,2026-08,railways_irpsm_onboarding,Ministry of Railways; report note: projects are re-onboarded via IRPSM API after vetting
706763,first_observed,2026-04,,
706775,first_observed,2026-04,,
706776,first_observed,2026-04,,
706776,exited,2026-07,railways_irpsm_onboarding,Ministry of Railways; report note: projects are re-onboarded via IRPSM API after vetting
706777,first_observed,2026-04,,
706777,exited,2026-07,railways_irpsm_onboarding,Ministry of Railways; report note: projects are re-onboarded via IRPSM API after vetting
706779,first_observed,2026-04,,
706779,exited,2026-07,railways_irpsm_onboarding,Ministry of Railways; report note: projects are re-onboarded via IRPSM API after vetting
706780,first_observed,2026-04,,
706780,exited,2026-07,railways_irpsm_onboarding,Ministry of Railways; report note: projects are re-onboarded via IRPSM API after vetting
706781,first_observed,2026-04,,
706781,exited,2026-07,railways_irpsm_onboarding,Ministry of Railways; report note: projects are re-onboarded via IRPSM API after vetting
706811,first_observed,2026-04,,
706835,first_observed,2026-04,,
706835,exited,2026-07,railways_irpsm_onboarding,Ministry of Railways; report note: projects are re-onboarded via IRPSM API after vetting
706836,first_observed,2026-04,,
706836,newly_added,2026-04,,
706837,first_observed,2026-04,,
706837,exited,2026-08,railways_irpsm_onboarding,Ministry of Railways; report note: projects are re-onboarded via IRPSM API after vetting
706854,first_observed,2026-04,,
706860,first_observed,2026-04,,
706865,first_observed,2026-04,,
706865,newly_added,2026-04,,
706866,first_observed,2026-04,,
706898,first_observed,2026-04,,
706898,exited,2026-07,railways_irpsm_onboarding,Ministry of Railways; report note: projects are re-onboarded via IRPSM API after vetting
706922,first_observed,2026-04,,
706922,exited,2026-07,railways_irpsm_onboarding,Ministry of Railways; report note: projects are re-onboarded via IRPSM API after vetting
706940,first_observed,2026-04,,
706940,exited,2026-07,railways_irpsm_onboarding,Ministry of Railways; report note: projects are re-onboarded via IRPSM API after vetting
706942,first_observed,2026-04,,
706942,exited,2026-07,railways_irpsm_onboarding,Ministry of Railways; report note: projects are re-onboarded via IRPSM API after vetting
706950,first_observed,2026-04,,
706950,exited,2026-07,railways_irpsm_onboarding,Ministry of Railways; report note: projects are re-onboarded via IRPSM API after vetting
706965,first_observed,2026-05,,
706965,newly_added,2026-05,,
706965,exited,2026-08,unexplained,"No completion record, report note or re-entry explains the absence"
706966,first_observed,2026-05,,
706966,newly_added,2026-05,,
706966,exited,2026-08,unexplained,"No completion record, report note or re-entry explains the absence"
706988,first_observed,2026-05,,
706988,newly_added,2026-05,,
706988,exited,2026-08,unexplained,"No completion record, report note or re-entry explains the absence"
706989,first_observed,2026-05,,
706989,newly_added,2026-05,,
706989,exited,2026-08,unexplained,"No completion record, report note or re-entry explains the absence"
707016,first_observed,2026-05,,
707016,newly_added,2026-05,,
707016,exited,2026-08,unexplained,"No completion record, report note or re-entry explains the absence"
707017,first_observed,2026-05,,
707017,newly_added,2026-05,,
707017,exited,2026-08,unexplained,"No completion record, report note or re-entry explains the absence"
707018,first_observed,2026-05,,
707018,newly_added,2026-05,,
707018,exited,2026-08,unexplained,"No completion record, report note or re-entry explains the absence"
707019,first_observed,2026-05,,
707019,newly_added,2026-05,,
707019,exited,2026-08,unexplained,"No completion record, report note or re-entry explains the absence"
707020,first_observed,2026-04,,
707021,first_observed,2026-04,,
707022,first_observed,2026-04,,
707039,first_observed,2026-04,,
707044,first_observed,2026-04,,
707045,first_observed,2026-04,,
707046,first_observed,2026-04,,
707049,first_observed,2026-04,,
707050,first_observed,2026-04,,
707051,first_observed,2026-05,,
707051,newly_added,2026-05,,
707052,first_observed,2026-05,,
707052,newly_added,2026-05,,
707052,exited,2026-08,unexplained,"No completion record, report note or re-entry explains the absence"
707057,first_observed,2026-05,,
707057,newly_added,2026-05,,
707057,exited,2026-08,unexplained,"No completion record, report note or re-entry explains the absence"
707058,first_observed,2026-04,,
707059,first_observed,2026-04,,
707067,first_observed,2026-05,,
707067,newly_added,2026-05,,
707067,exited,2026-08,unexplained,"No completion record, report note or re-entry explains the absence"
707069,first_observed,2026-04,,
707070,first_observed,2026-04,,
707086,first_observed,2026-04,,
707087,first_observed,2026-04,,
707215,first_observed,2026-04,,
707229,first_observed,2026-04,,
707267,completed,2026-04,completed,Listed in the Completed Projects table (Table 3)
707410,first_observed,2026-04,,
707414,first_observed,2026-05,,
707414,newly_added,2026-05,,
707414,exited,2026-06,unexplained,"No completion record, report note or re-entry explains the absence"
707419,first_observed,2026-04,,
707419,newly_added,2026-04,,
707420,first_observed,2026-07,,
707420,newly_added,2026-07,,
708687,first_observed,2026-06,,
708687,newly_added,2026-06,,
709747,first_observed,2026-04,,
709750,first_observed,2026-04,,
709752,first_observed,2026-04,,
709753,first_observed,2026-04,,
709753,completed,2026-08,completed,Listed in the Completed Projects table (Table 3)
709754,first_observed,2026-04,,
709755,first_observed,2026-04,,
709757,first_observed,2026-04,,
709757,completed,2026-05,completed,Listed in the Completed Projects table (Table 3)
709758,first_observed,2026-04,,
709758,completed,2026-05,completed,Listed in the Completed Projects table (Table 3)
709759,first_observed,2026-04,,
709760,first_observed,2026-04,,
709760,completed,2026-06,completed,Listed in the Completed Projects table (Table 3)
709770,first_observed,2026-04,,
709771,first_observed,2026-04,,
709772,first_observed,2026-04,,
709773,first_observed,2026-04,,
709774,first_observed,2026-04,,
709776,first_observed,2026-04,,
709777,first_observed,2026-04,,
709778,first_observed,2026-04,,
709779,first_observed,2026-04,,
709780,first_observed,2026-04,,
709781,first_observed,2026-04,,
709782,first_observed,2026-04,,
709782,completed,2026-06,completed,Listed in the Completed Projects table (Table 3)
709783,first_observed,2026-04,,
709785,first_observed,2026-04,,
709786,first_observed,2026-04,,
709791,first_observed,2026-04,,
709792,first_observed,2026-04,,
709793,first_observed,2026-04,,
709794,first_observed,2026-04,,
709795,first_observed,2026-04,,
709796,first_observed,2026-04,,
709797,first_observed,2026-04,,
709798,first_observed,2026-04,,
709799,first_observed,2026-04,,
709800,first_observed,2026-04,,
709811,first_observed,2026-04,,
709811,exited,2026-07,railways_irpsm_onboarding,Ministry of Railways; report note: projects are re-onboarded via IRPSM API after vetting
709812,first_observed,2026-04,,
709813,first_observed,2026-04,,
709815,first_observed,2026-04,,
709816,first_observed,2026-04,,
709817,first_observed,2026-04,,
709817,exited,2026-06,temporarily_absent,"Absent for one or more months, then listed as ongoing again"
709818,first_observed,2026-04,,
709819,first_observed,2026-04,,
709826,first_observed,2026-04,,
709831,first_observed,2026-04,,
709832,first_observed,2026-04,,
709837,first_observed,2026-04,,
709838,first_observed,2026-04,,
709839,first_observed,2026-04,,
709840,first_observed,2026-04,,
709841,first_observed,2026-04,,
709842,first_observed,2026-04,,
709845,first_observed,2026-04,,
709847,first_observed,2026-04,,
709848,first_observed,2026-04,,
709849,first_observed,2026-04,,
709850,first_observed,2026-04,,
709851,first_observed,2026-04,,
709856,first_observed,2026-04,,
709857,first_observed,2026-04,,
709859,first_observed,2026-04,,
709864,first_observed,2026-04,,
709865,first_observed,2026-04,,
738679,first_observed,2026-07,,
738679,newly_added,2026-07,,
757296,first_observed,2026-08,,
757296,newly_added,2026-08,,
785574,first_observed,2026-08,,
785574,newly_added,2026-08,,
834015,first_observed,2026-07,,
834015,newly_added,2026-07,,
858179,first_observed,2026-08,,
858179,newly_added,2026-08,,
891687,first_observed,2026-08,,
891687,newly_added,2026-08,,
900808,first_observed,2026-04,,
900808,completed,2026-06,completed,Listed in the Completed Projects table (Table 3)
900874,first_observed,2026-04,,
914467,first_observed,2026-07,,
914467,newly_added,2026-07,,
928129,first_observed,2026-08,,
928129,newly_added,2026-08,,
929104,first_observed,2026-08,,
929104,newly_added,2026-08,,
938832,first_observed,2026-07,,
938832,newly_added,2026-07,,
944288,first_observed,2026-07,,
944288,newly_added,2026-07,,
944988,first_observed,2026-08,,
944988,newly_added,2026-08,,
946208,first_observed,2026-07,,
946208,newly_added,2026-07,,
976009,first_observed,2026-07,,
976009,newly_added,2026-07,,
994914,first_observed,2026-08,,
994914,newly_added,2026-08,,
