project_code,project_name,agency_raw,legacy_ocms_code,pmg_id,name_parse_method,state_label,states,date_of_approval,start_date,original_doc,revised_doc,original_cost_cr,revised_cost_cr,revised_cost_printed_zero,cumulative_expenditure_cr,physical_progress_pct,source_month,source_table,source_page,sl_no,ministry,sector,agency_key,agency,agency_parent,ministry_short,hml_category,is_ner_official,is_ner_by_state,cost_category,revised_cost_latest_cr,revised_cost_asof,first_seen_month,months_observed,newly_added_month,dq_flags,dq_has_error
612786,"Construction of New Domestic Terminal Building Building and miscellaneous works including maintenance, operations and AICMC at Kadapa Airport",Airport Authority of India [AAI],N04000106,,color,Andhra Pradesh,Andhra Pradesh,2023-03-01,2024-01-01,2026-01-01,2026-09-01,265.91,,True,186.36,83.0,2026-08,Table 6,57,1,Ministry of Civil Aviation,Aviation & Aviation Infrastructure,AAI,Airport Authority of India [AAI],,MoCA,Transport & Logistics,False,False,Major,265.91,2026-07,2026-04,5,,,False
701107,Construction of New Integrated Terminal Building and associated works including apron to park 3 code E type of aircraft or 6 code C type of aircraft at Vijayawada Airport.,Airport Authority of India [AAI],N04000091,4353,color,Andhra Pradesh,Andhra Pradesh,2020-06-01,2020-09-01,2022-09-01,2026-11-01,611.8,,True,600.58,91.2,2026-08,Table 6,57,2,Ministry of Civil Aviation,Aviation & Aviation Infrastructure,AAI,Airport Authority of India [AAI],,MoCA,Transport & Logistics,False,False,Major,824.28,2026-07,2026-04,5,,,False
701121,Construction of New Domestic Terminal Building at Rajahmundry Airport.,Airport Authority of India [AAI],N04000103,,color,Andhra Pradesh,Andhra Pradesh,2022-12-01,2023-08-01,2025-08-01,2026-10-01,347.15,,True,190.89,97.0,2026-08,Table 6,57,3,Ministry of Civil Aviation,Aviation & Aviation Infrastructure,AAI,Airport Authority of India [AAI],,MoCA,Transport & Logistics,False,False,Major,347.15,2026-07,2026-04,5,,,False
706724,Guwahati Airport New Integrated Terminal Building Construction Project,Adani Airport Holdings Limited,N04000083,9925,color,Assam,Assam,2016-12-01,2018-03-01,2025-03-01,2026-06-01,1712.0,,True,2670.23,99.5,2026-08,Table 6,57,4,Ministry of Civil Aviation,Aviation & Aviation Infrastructure,adani airport holdings limited,Adani Airport Holdings Limited,,MoCA,Transport & Logistics,True,True,Mega,2520.0,2026-07,2026-04,5,,,False
612183,Development of New Civil Enclave at Bihta,Airport Authority of India [AAI],,9918,color,Bihar,Bihar,2024-08-01,2025-04-01,2027-03-01,,1413.0,,True,19.44,4.48,2026-08,Table 6,57,5,Ministry of Civil Aviation,Aviation & Aviation Infrastructure,AAI,Airport Authority of India [AAI],,MoCA,Transport & Logistics,False,False,Mega,1413.0,2026-07,2026-04,5,,,False
612194,Development of New Civil Enclave and associated works at Darbhanga Airport,Airport Authority of India [AAI],N04000112,9917,color,Bihar,Bihar,2024-07-01,2024-07-01,2026-07-01,2026-11-01,911.66,,True,453.47,72.6,2026-08,Table 6,57,6,Ministry of Civil Aviation,Aviation & Aviation Infrastructure,AAI,Airport Authority of India [AAI],,MoCA,Transport & Logistics,False,False,Major,911.66,2026-07,2026-04,5,,,False
701101,"Construction of New Domestic Terminal Building [Phase-I and II] and other allied structures at JPNI Airport, Patna",Airport Authority of India [AAI],N04000082,4356,color,Bihar,Bihar,2018-10-01,2018-10-01,2026-05-01,2026-08-01,1216.9,,True,1216.11,99.35,2026-08,Table 6,57,7,Ministry of Civil Aviation,Aviation & Aviation Infrastructure,AAI,Airport Authority of India [AAI],,MoCA,Transport & Logistics,False,False,Mega,1216.9,2026-07,2026-04,5,,,False
619054,Development of Keshod Airport.,Airport Authority of India [AAI],,,color,Gujarat,Gujarat,2024-01-01,2025-07-01,2027-01-01,,363.1,,True,109.27,48.76,2026-08,Table 6,57,8,Ministry of Civil Aviation,Aviation & Aviation Infrastructure,AAI,Airport Authority of India [AAI],,MoCA,Transport & Logistics,False,False,Major,363.1,2026-07,2026-04,5,,,False
701126,"Development of Dholera International Greenfield Airport , Gujarat",Airport Authority of India [AAI],N04000099,3366,color,Gujarat,Gujarat,2022-06-01,2022-07-01,2026-06-01,2026-09-01,1305.0,,True,987.56,89.0,2026-08,Table 6,57,9,Ministry of Civil Aviation,Aviation & Aviation Infrastructure,AAI,Airport Authority of India [AAI],,MoCA,Transport & Logistics,False,False,Mega,1551.0,2026-07,2026-04,5,,,False
611047,"Construction of NTB complex including apron, taxi track and other associated civil works and electrical & mechanical installations towards Tawi River side at CA Jammu.",Airport Authority of India [AAI],N04000107,9921,color,Jammu and Kashmir,Jammu and Kashmir,2023-10-01,2023-12-01,2026-06-01,2026-11-01,861.37,,True,388.13,61.35,2026-08,Table 6,57,10,Ministry of Civil Aviation,Aviation & Aviation Infrastructure,AAI,Airport Authority of India [AAI],,MoCA,Transport & Logistics,False,False,Major,861.37,2026-07,2026-04,5,,,False
612787,Construction of New Domestic Terminal Building and Miscellaneous works at Hubli Airport,Airport Authority of India [AAI],N04000108,,color,Karnataka,Karnataka,2023-06-01,2024-01-01,2026-01-01,2026-09-01,320.47,,True,169.11,91.75,2026-08,Table 6,57,11,Ministry of Civil Aviation,Aviation & Aviation Infrastructure,AAI,Airport Authority of India [AAI],,MoCA,Transport & Logistics,False,False,Major,320.47,2026-07,2026-04,5,,,False
612788,Construction of New Domestic Terminal Building and Miscellaneous Works at Belagavi Airport.,Airport Authority of India [AAI],N04000105,,color,Karnataka,Karnataka,2023-06-01,2024-02-01,2026-02-01,2026-09-01,322.45,,True,242.16,98.0,2026-08,Table 6,57,12,Ministry of Civil Aviation,Aviation & Aviation Infrastructure,AAI,Airport Authority of India [AAI],,MoCA,Transport & Logistics,False,False,Major,322.45,2026-07,2026-04,5,,,False
612789,"Development of additional RESA on either end on Runway 10-28 at Calicut Airport. Construction of embankment with slope protection, drainage system and associated works for additional RESA on either end on Runway 10-28",Airport Authority of India [AAI],N04000111,,color,Kerala,Kerala,2023-06-01,2024-02-01,2025-09-01,2027-03-01,484.57,,True,246.96,66.14,2026-08,Table 6,57,13,Ministry of Civil Aviation,Aviation & Aviation Infrastructure,AAI,Airport Authority of India [AAI],,MoCA,Transport & Logistics,False,False,Major,484.57,2026-07,2026-04,5,,,False
400010,"Construction of Terminal Building & Associated works at Leh Airport, Ladakh",Airport Authority of India [AAI],N04000078,4665,color,Ladakh,Ladakh,2018-07-01,2018-09-01,2021-09-01,2026-09-01,480.0,,True,524.37,93.0,2026-08,Table 6,57,14,Ministry of Civil Aviation,Aviation & Aviation Infrastructure,AAI,Airport Authority of India [AAI],,MoCA,Transport & Logistics,False,False,Major,640.0,2026-07,2026-04,5,,,False
706718,C/o NITB Imphal Airport,Airport Authority of India [AAI],N04000100,,color,Manipur,Manipur,2021-11-01,2022-07-01,2024-07-01,2026-12-01,499.0,,True,215.1,53.69,2026-08,Table 6,57,15,Ministry of Civil Aviation,Aviation & Aviation Infrastructure,AAI,Airport Authority of India [AAI],,MoCA,Transport & Logistics,True,True,Major,499.0,2026-07,2026-04,5,,,False
611570,"SITC of ATM Automation System and ASMGCS [Including SMR & MLAT] for Mumbai, Navi Mumbai, Jewar [earlier MOPA, without ASMGCS], HIAL & BIAL",Airport Authority of India [AAI],,,color,Multi-States,Karnataka; Maharashtra; Telangana; Uttar Pradesh,2020-12-01,2022-10-01,2025-09-01,2026-08-01,500.48,,True,399.77,80.0,2026-08,Table 6,57,16,Ministry of Civil Aviation,Aviation & Aviation Infrastructure,AAI,Airport Authority of India [AAI],,MoCA,Transport & Logistics,False,False,Major,500.48,2026-07,2026-04,5,,,False
618977,"Development of New Greenfield Airport at Bundi, Kota Rajasthan.",Airport Authority of India [AAI],,10781,color,Rajasthan,Rajasthan,2025-08-01,2025-10-01,2027-10-01,2027-11-01,1507.0,,True,99.47,13.8,2026-08,Table 6,57,17,Ministry of Civil Aviation,Aviation & Aviation Infrastructure,AAI,Airport Authority of India [AAI],,MoCA,Transport & Logistics,False,False,Mega,1507.0,2026-07,2026-04,5,,,False
701127,Construction of New Passenger Terminal Building for Domestic Operations at Jodhpur Airport.,Airport Authority of India [AAI],N04000101,,color,Rajasthan,Rajasthan,2022-06-01,2023-05-01,2026-03-01,2026-06-01,480.0,,True,348.23,100.0,2026-08,Table 6,57,18,Ministry of Civil Aviation,Aviation & Aviation Infrastructure,AAI,Airport Authority of India [AAI],,MoCA,Transport & Logistics,False,False,Major,480.0,2026-07,2026-04,5,,,False
701128,Construction of New Integrated Passenger Terminal Building at Udaipur Airport,Airport Authority of India [AAI],N04000104,4363,color,Rajasthan,Rajasthan,2023-06-01,2023-11-01,2026-03-01,2026-09-01,887.0,,True,588.79,83.71,2026-08,Table 6,57,19,Ministry of Civil Aviation,Aviation & Aviation Infrastructure,AAI,Airport Authority of India [AAI],,MoCA,Transport & Logistics,False,False,Major,887.0,2026-07,2026-04,5,,,False
612793,"Widening of basic strip at Western Side of Runway Chainage 80m to 920m i/c slope stabilization Measures [Balance work] of uphill and Improvement of Storm Water Drainage System at Pakyong Airport, Sikkim on design & build basis [EPC] with integrated 10 years maintenance.",Airport Authority of India [AAI],N04000110,,color,Sikkim,Sikkim,2023-11-01,2023-12-01,2026-06-01,2027-06-01,323.26,,True,87.61,36.14,2026-08,Table 6,58,20,Ministry of Civil Aviation,Aviation & Aviation Infrastructure,AAI,Airport Authority of India [AAI],,MoCA,Transport & Logistics,True,True,Major,323.26,2026-07,2026-04,5,,,False
432726,"Construction of 8 Nos. RETs for Runway 07-25, 3 nos. RETs for Runway 12-30, Extension of parallel Taxi Track-R with link Taxi- track and Link Taxi-Track-K1 at Chennai Airport",Airport Authority of India [AAI],,,color,Tamil Nadu,Tamil Nadu,2024-07-01,2025-10-01,2028-01-01,,480.06,,True,9.68,3.6,2026-08,Table 6,58,21,Ministry of Civil Aviation,Aviation & Aviation Infrastructure,AAI,Airport Authority of India [AAI],,MoCA,Transport & Logistics,False,False,Major,,,2026-08,1,2026-08,,False
611602,"Modernization of Chennai Airport, Phase II, Part 2",Airport Authority of India [AAI],,5163,color,Tamil Nadu,Tamil Nadu,2018-05-01,2023-06-01,2025-07-01,2027-04-01,1207.0,,True,368.1,49.5,2026-08,Table 6,58,22,Ministry of Civil Aviation,Aviation & Aviation Infrastructure,AAI,Airport Authority of India [AAI],,MoCA,Transport & Logistics,False,False,Mega,1207.0,2026-07,2026-04,5,,,False
701113,"Development of Lal Bahadur Shastri International airport, Varanasi including C/o New Terminal Building, Apron Extension, Runway Extension, PTT and allied works.",Airport Authority of India [AAI],N04000114,9932,color,Uttar Pradesh,Uttar Pradesh,2024-07-01,2024-07-01,2027-07-01,2027-07-01,2869.65,,True,812.14,35.0,2026-08,Table 6,58,23,Ministry of Civil Aviation,Aviation & Aviation Infrastructure,AAI,Airport Authority of India [AAI],,MoCA,Transport & Logistics,False,False,Mega,2869.65,2026-07,2026-04,5,,,False
701122,Development of New Integrated Civil Enclave at Agra Airport,Airport Authority of India [AAI],N04000113,9931,color,Uttar Pradesh,Uttar Pradesh,2024-06-01,2024-07-01,2026-07-01,2026-11-01,579.0,,True,245.81,46.24,2026-08,Table 6,58,24,Ministry of Civil Aviation,Aviation & Aviation Infrastructure,AAI,Airport Authority of India [AAI],,MoCA,Transport & Logistics,False,False,Major,579.0,2026-07,2026-04,5,,,False
611495,Development of New Civil Enclave at Bagdogra Airport,Airport Authority of India [AAI],N04000115,9920,color,West Bengal,West Bengal,2024-08-01,2024-09-01,2027-03-01,2027-03-01,1549.0,,True,570.75,29.27,2026-08,Table 6,58,25,Ministry of Civil Aviation,Aviation & Aviation Infrastructure,AAI,Airport Authority of India [AAI],,MoCA,Transport & Logistics,False,False,Mega,1549.0,2026-07,2026-04,5,,,False
612791,"Re-Construction of Rigid portions of Secondary Runway, K and A Taxiway and Strengthening of C Taxiway at NSCBI Airport Kolkata.",Airport Authority of India [AAI],N04000109,,color,West Bengal,West Bengal,2023-03-01,2023-12-01,2025-10-01,2026-08-01,328.3,,True,153.75,73.9,2026-08,Table 6,58,26,Ministry of Civil Aviation,Aviation & Aviation Infrastructure,AAI,Airport Authority of India [AAI],,MoCA,Transport & Logistics,False,False,Major,328.3,2026-07,2026-04,5,,,False
615820,TIKAK EXTENSION OCP,INVALID CO.,N06000290,,color,Assam,Assam,2022-07-01,2022-07-01,2031-07-01,,159.77,,True,112.79,89.73,2026-08,Table 6,58,27,Ministry of Coal,Coal,invalid co,INVALID CO.,,MoC,Others,True,True,Major,159.77,2026-07,2026-04,5,,DQ12,True
615821,TIRAP OCP,INVALID CO.,N06000291,,color,Assam,Assam,2022-11-01,2022-11-01,2030-11-01,,289.46,,True,105.66,5.0,2026-08,Table 6,58,28,Ministry of Coal,Coal,invalid co,INVALID CO.,,MoC,Others,True,True,Major,289.46,2026-07,2026-04,5,,DQ12,True
400144,PORDA CHIMTAPANI OCP [10 MTY],SECL - CIL,N06000199,3122,color,Chhattisgarh,Chhattisgarh,2020-12-01,2020-12-01,2029-03-01,,2310.12,,True,119.2,11.81,2026-08,Table 6,58,29,Ministry of Coal,Coal,SECL,South Eastern Coalfields Limited [SECL],CIL,MoC,Others,False,False,Mega,2310.12,2026-07,2026-04,5,,,False
400149,BAROUD OC EXPANSION [3.0-10.0M,SECL - CIL,N06000197,3107,color,Chhattisgarh,Chhattisgarh,2020-08-01,2020-08-01,2029-03-01,,2309.8,,True,1040.67,55.95,2026-08,Table 6,58,30,Ministry of Coal,Coal,SECL,South Eastern Coalfields Limited [SECL],CIL,MoC,Others,False,False,Mega,2309.8,2026-07,2026-04,5,,,False
400354,DIPKA EXPANSION OCP [40 MTY],SECL - CIL,N06000200,771,color,Chhattisgarh,Chhattisgarh,2020-12-01,2020-12-01,2029-03-01,,5241.4,,True,2949.65,39.34,2026-08,Table 6,58,31,Ministry of Coal,Coal,SECL,South Eastern Coalfields Limited [SECL],CIL,MoC,Others,False,False,Mega,5241.4,2026-07,2026-04,5,,,False
400424,GEVRA OC [70 MTY],SECL - CIL,060100093,192,color,Chhattisgarh,Chhattisgarh,2016-03-01,2016-03-01,2023-03-01,2027-03-01,11816.4,,True,6984.95,78.48,2026-08,Table 6,58,32,Ministry of Coal,Coal,SECL,South Eastern Coalfields Limited [SECL],CIL,MoC,Others,False,False,Mega,11816.4,2026-07,2026-04,5,,DQ14,False
613798,AMERA OC RCE [1.0 MTY],SECL - CIL,N06000123,,color,Chhattisgarh,Chhattisgarh,2015-02-01,2015-02-01,2026-03-01,,335.97,,True,91.95,42.47,2026-08,Table 6,58,33,Ministry of Coal,Coal,SECL,South Eastern Coalfields Limited [SECL],CIL,MoC,Others,False,False,Major,335.97,2026-07,2026-04,5,,DQ10,False
613799,AMGAON OC RCE [1.0 MTY],SECL - CIL,N06000135,,color,Chhattisgarh,Chhattisgarh,2015-07-01,2015-07-01,2026-03-01,,316.11,,True,193.0,78.86,2026-08,Table 6,58,34,Ministry of Coal,Coal,SECL,South Eastern Coalfields Limited [SECL],CIL,MoC,Others,False,False,Major,316.11,2026-07,2026-04,5,,DQ10,False
613800,JAGANNATHPUR OC RCE PROJECT,SECL - CIL,N06000232,,color,Chhattisgarh,Chhattisgarh,2016-07-01,2016-07-01,2025-03-01,2027-03-01,459.49,,True,280.03,96.15,2026-08,Table 6,58,35,Ministry of Coal,Coal,SECL,South Eastern Coalfields Limited [SECL],CIL,MoC,Others,False,False,Major,459.49,2026-07,2026-04,5,,DQ14,False
613801,MAHAMAYA OCP [1.50 MTY],SECL - CIL,N06000164,,color,Chhattisgarh,Chhattisgarh,2018-05-01,2018-05-01,2026-03-01,2028-03-01,410.26,,True,188.9,54.6,2026-08,Table 6,58,36,Ministry of Coal,Coal,SECL,South Eastern Coalfields Limited [SECL],CIL,MoC,Others,False,False,Major,410.26,2026-07,2026-04,5,,,False
615191,KATKONA RO UG MINE,SECL - CIL,N06000274,,color,Chhattisgarh,Chhattisgarh,2023-01-01,2023-01-01,2029-03-01,,329.21,,True,62.01,2.01,2026-08,Table 6,58,37,Ministry of Coal,Coal,SECL,South Eastern Coalfields Limited [SECL],CIL,MoC,Others,False,False,Major,329.21,2026-07,2026-04,5,,,False
616234,PELMA OC MDO,SECL - CIL,N06000045,7367,color,Chhattisgarh,Chhattisgarh,2022-10-01,2022-10-01,2033-03-01,,1725.04,,True,16.71,23.75,2026-08,Table 6,58,38,Ministry of Coal,Coal,SECL,South Eastern Coalfields Limited [SECL],CIL,MoC,Others,False,False,Mega,1725.04,2026-07,2026-04,5,,,False
617287,KUSMUNDA OC EXPANSION PROJECT,SECL - CIL,,9611,color,Chhattisgarh,Chhattisgarh,2024-11-01,2024-11-01,2030-03-01,,4516.88,,True,847.62,23.85,2026-08,Table 6,58,39,Ministry of Coal,Coal,SECL,South Eastern Coalfields Limited [SECL],CIL,MoC,Others,False,False,Mega,4516.88,2026-07,2026-04,5,,,False
617288,MANIKPUR OC EXPANSION PROJECT,SECL - CIL,,,color,Chhattisgarh,Chhattisgarh,2025-01-01,2025-01-01,2029-03-01,,382.61,,True,139.04,21.29,2026-08,Table 6,59,40,Ministry of Coal,Coal,SECL,South Eastern Coalfields Limited [SECL],CIL,MoC,Others,False,False,Major,382.61,2026-07,2026-04,5,,,False
619171,RPR FOR DURGAPUR OCP 10 MTY,SECL - CIL,,11842,color,Chhattisgarh,Chhattisgarh,2025-09-01,2025-09-01,2032-03-01,,2415.91,,True,5.36,0.01,2026-08,Table 6,59,41,Ministry of Coal,Coal,SECL,South Eastern Coalfields Limited [SECL],CIL,MoC,Others,False,False,Mega,2415.91,2026-07,2026-04,5,,,False
619172,MADANNAGAR OCP 12 MTY - MDO,SECL - CIL,,11856,color,Chhattisgarh,Chhattisgarh,2024-12-01,2024-12-01,2033-03-01,,1859.19,,True,1.53,0.0,2026-08,Table 6,59,42,Ministry of Coal,Coal,SECL,South Eastern Coalfields Limited [SECL],CIL,MoC,Others,False,False,Mega,1859.19,2026-07,2026-04,5,,,False
400018,HURA C OCP,ECL - CIL,N06000275,4585,color,Jharkhand,Jharkhand,2022-08-01,2022-08-01,2029-03-01,,859.41,,True,457.91,63.3,2026-08,Table 6,59,43,Ministry of Coal,Coal,ECL,Eastern Coal Fields Limited [ECL],CIL,MoC,Others,False,False,Major,859.41,2026-07,2026-04,5,,,False
400073,KONAR EXPANSION OCP,CCL - CIL,N06000245,4077,color,Jharkhand,Jharkhand,2022-01-01,2022-01-01,2032-03-01,,674.65,,True,175.59,51.05,2026-08,Table 6,59,44,Ministry of Coal,Coal,CCL,CCL - CIL,CIL,MoC,Others,False,False,Major,674.65,2026-07,2026-04,5,,,False
400074,KARO EXPANSION OCP,CCL - CIL,N06000246,4074,color,Jharkhand,Jharkhand,2022-01-01,2022-01-01,2029-03-01,,849.31,,True,213.82,23.32,2026-08,Table 6,59,45,Ministry of Coal,Coal,CCL,CCL - CIL,CIL,MoC,Others,False,False,Major,849.31,2026-07,2026-04,5,,DQ14,False
400136,SANGHMITRA OC,CCL - CIL,,3190,color,Jharkhand,Jharkhand,2024-03-01,2024-03-01,2032-03-01,,2660.0,,True,17.34,16.77,2026-08,Table 6,59,46,Ministry of Coal,Coal,CCL,CCL - CIL,CIL,MoC,Others,False,False,Mega,2660.0,2026-07,2026-04,5,,,False
400138,CHANDRAGUPT OCP,CCL - CIL,N06000238,3188,color,Jharkhand,Jharkhand,2020-08-01,2020-08-01,2032-03-01,,973.5,,True,440.75,25.11,2026-08,Table 6,59,47,Ministry of Coal,Coal,CCL,CCL - CIL,CIL,MoC,Others,False,False,Major,973.5,2026-07,2026-04,5,,DQ14,False
400139,KOTRE BASANTPUR PACHMO OCP,Ministry of Coal,N06000237,3183,color,Jharkhand,Jharkhand,2020-08-01,2020-08-01,2032-03-01,,625.4,,True,456.48,46.09,2026-08,Table 6,59,48,Ministry of Coal,Coal,ministry of coal,Ministry of Coal,,MoC,Others,False,False,Major,625.4,2026-07,2026-04,5,,,False
400142,Pachwara South Coal Block,NLC India Limited,N06000193,3135,color,Jharkhand,Jharkhand,2016-03-01,2019-11-01,2028-09-01,,2242.9,,True,1448.39,87.0,2026-08,Table 6,59,49,Ministry of Coal,Coal,NLCIL,NLC India Limited [NLCIL],,MoC,Others,False,False,Mega,2242.9,2026-07,2026-04,5,,,False
400150,RPR MAGADH EXP OCP,Ministry of Coal,N06000216,3105,color,Jharkhand,Jharkhand,2020-08-01,2020-08-01,2028-03-01,,6964.33,,True,1880.46,39.48,2026-08,Table 6,59,50,Ministry of Coal,Coal,ministry of coal,Ministry of Coal,,MoC,Others,False,False,Mega,6964.33,2026-07,2026-04,5,,DQ14,False
400151,NORTH URIMARI EXPANSION OCP,Ministry of Coal,N06000218,3103,color,Jharkhand,Jharkhand,2021-07-01,2021-07-01,2029-03-01,,634.3,,True,598.45,69.08,2026-08,Table 6,59,51,Ministry of Coal,Coal,ministry of coal,Ministry of Coal,,MoC,Others,False,False,Major,634.3,2026-07,2026-04,5,,,False
400153,EPR ROHINI - KARKETTA OCP,Ministry of Coal,N06000243,3100,color,Jharkhand,Jharkhand,2021-01-01,2021-01-01,2028-03-01,,995.57,,True,85.34,24.21,2026-08,Table 6,59,52,Ministry of Coal,Coal,ministry of coal,Ministry of Coal,,MoC,Others,False,False,Major,995.57,2026-07,2026-04,5,,,False
400154,EPR PUNDI OCP,Ministry of Coal,N06000242,3099,color,Jharkhand,Jharkhand,2020-11-01,2020-11-01,2027-03-01,,639.6,,True,14.78,11.24,2026-08,Table 6,59,53,Ministry of Coal,Coal,ministry of coal,Ministry of Coal,,MoC,Others,False,False,Major,639.6,2026-07,2026-04,5,,,False
400155,EPR ASHOK OC,Ministry of Coal,N06000247,3098,color,Jharkhand,Jharkhand,2021-05-01,2021-05-01,2031-03-01,,2821.07,,True,186.02,27.96,2026-08,Table 6,59,54,Ministry of Coal,Coal,ministry of coal,Ministry of Coal,,MoC,Others,False,False,Mega,2821.07,2026-07,2026-04,5,,,False
400156,EPR AMRAPALI OCP,CCL - CIL,N06000217,3091,color,Jharkhand,Jharkhand,2020-02-01,2020-02-01,2028-03-01,,4983.57,,True,1383.71,43.78,2026-08,Table 6,59,55,Ministry of Coal,Coal,CCL,CCL - CIL,CIL,MoC,Others,False,False,Mega,4983.57,2026-07,2026-04,5,,DQ14,False
400160,RAJRAPPA RCE OCP,CCL - CIL,N06000087,3084,color,Jharkhand,Jharkhand,2009-12-01,2009-12-01,2016-03-01,2027-03-01,510.85,,True,488.71,75.78,2026-08,Table 6,59,56,Ministry of Coal,Coal,CCL,CCL - CIL,CIL,MoC,Others,False,False,Major,510.85,2026-07,2026-04,5,,,False
400172,CHITRA EAST OC,ECL - CIL,N06000169,3032,color,Jharkhand,Jharkhand,2018-08-01,2018-08-01,2026-03-01,2028-03-01,513.99,,True,276.49,53.03,2026-08,Table 6,59,57,Ministry of Coal,Coal,ECL,Eastern Coal Fields Limited [ECL],CIL,MoC,Others,False,False,Major,513.99,2026-07,2026-04,5,,,False
400352,JHARKHAND-LAIYO OCP,Ministry of Coal,N06000240,778,color,Jharkhand,Jharkhand,2020-08-01,2020-08-01,2031-03-01,,654.87,,True,26.54,32.63,2026-08,Table 6,59,58,Ministry of Coal,Coal,ministry of coal,Ministry of Coal,,MoC,Others,False,False,Major,654.87,2026-07,2026-04,5,,,False
400425,MOONIDIH XV SEAM UG,BCCL - CIL,N06000098,189,color,Jharkhand,Jharkhand,2011-08-01,2011-08-01,2019-03-01,2026-09-01,1230.27,,True,813.42,85.33,2026-08,Table 6,59,59,Ministry of Coal,Coal,BCCL,Bharat Coking Coal Limited [BCCL],CIL,MoC,Others,False,False,Mega,1230.27,2026-07,2026-04,5,,,False
611864,AMALAGAMATED NTST KUJAMA OCP 8,BCCL - CIL,N06000273,5366,color,Jharkhand,Jharkhand,2023-01-01,2023-01-01,2030-03-01,,4011.85,,True,449.34,31.64,2026-08,Table 6,59,60,Ministry of Coal,Coal,BCCL,Bharat Coking Coal Limited [BCCL],CIL,MoC,Others,False,False,Mega,4011.85,2026-07,2026-04,5,,,False
613808,MURAIDIH UG PROJECT,BCCL - CIL,N06000096,,color,Jharkhand,Jharkhand,2011-02-01,2011-02-01,2014-04-01,2026-12-01,339.87,,True,191.49,70.47,2026-08,Table 6,59,61,Ministry of Coal,Coal,BCCL,Bharat Coking Coal Limited [BCCL],CIL,MoC,Others,False,False,Major,339.87,2026-07,2026-04,5,,,False
615349,TAPIN SOUTH EXPN,CCL - CIL,N06000241,,color,Jharkhand,Jharkhand,2020-11-01,2020-11-01,2028-03-01,,230.41,,True,22.02,24.19,2026-08,Table 6,59,62,Ministry of Coal,Coal,CCL,CCL - CIL,CIL,MoC,Others,False,False,Major,230.41,2026-07,2026-04,5,,,False
615822,SIRKA OC,CCL - CIL,N06000239,,color,Jharkhand,Jharkhand,2020-05-01,2020-05-01,2028-03-01,,183.18,,True,89.92,56.92,2026-08,Table 6,60,63,Ministry of Coal,Coal,CCL,CCL - CIL,CIL,MoC,Others,False,False,Major,183.18,2026-07,2026-04,5,,,False
615843,TETARIAKHAR OC,CCL - CIL,N06000186,,color,Jharkhand,Jharkhand,2019-11-01,2019-11-01,2025-03-01,2027-03-01,232.64,,True,51.07,30.17,2026-08,Table 6,60,64,Ministry of Coal,Coal,CCL,CCL - CIL,CIL,MoC,Others,False,False,Major,232.64,2026-07,2026-04,5,,,False
616225,CHUPERBHITA SIMLONG OCP MDO 6,ECL - CIL,N06000280,6880,color,Jharkhand,Jharkhand,2023-12-01,2023-12-01,2037-03-01,,979.08,,True,0.0,0.05,2026-08,Table 6,60,65,Ministry of Coal,Coal,ECL,Eastern Coal Fields Limited [ECL],CIL,MoC,Others,False,False,Major,979.08,2026-07,2026-04,5,,,False
616236,JARANGDIH EXPN. OCP 1.5 MTY,CCL - CIL,N06000295,,color,Jharkhand,Jharkhand,2020-02-01,2020-02-01,2029-03-01,,372.06,,True,85.6,33.1,2026-08,Table 6,60,66,Ministry of Coal,Coal,CCL,CCL - CIL,CIL,MoC,Others,False,False,Major,372.06,2026-07,2026-04,5,,,False
616253,BLOCK E OCP,BCCL - CIL,N06000287,7368,color,Jharkhand,Jharkhand,2024-03-01,2024-03-01,2029-03-01,,5850.83,,True,20.32,4.56,2026-08,Table 6,60,67,Ministry of Coal,Coal,BCCL,Bharat Coking Coal Limited [BCCL],CIL,MoC,Others,False,False,Mega,5850.83,2026-07,2026-04,5,,,False
617416,"Revised Jharia Master Plan for Dealing with Fire, Subsidence & Rehabilitation of affected families in Jharia Coalfield- Reg.",Bharat Coking Coal Limited [BCCL],,9943,color,Jharkhand,Jharkhand,2025-06-01,2025-07-01,2028-12-01,,5940.47,,True,520.75,34.0,2026-08,Table 6,60,68,Ministry of Coal,Coal,BCCL,Bharat Coking Coal Limited [BCCL],CIL,MoC,Others,False,False,Mega,5940.47,2026-07,2026-04,5,,,False
617764,North Dhadu Western Part OCP,NLC India Limited [NLCIL],,9968,color,Jharkhand,Jharkhand,2023-10-01,2023-12-01,2029-03-01,,1354.2,,True,235.29,40.0,2026-08,Table 6,60,69,Ministry of Coal,Coal,NLCIL,NLC India Limited [NLCIL],,MoC,Others,False,False,Mega,1354.2,2026-07,2026-04,5,2026-04,,False
400148,AMADAND OCP[4.0MTY],SECL - CIL,N06000148,3111,color,Madhya Pradesh,Madhya Pradesh,2016-03-01,2016-03-01,2021-03-01,2027-03-01,869.44,,True,333.43,75.15,2026-08,Table 6,60,70,Ministry of Coal,Coal,SECL,South Eastern Coalfields Limited [SECL],CIL,MoC,Others,False,False,Major,869.44,2026-07,2026-04,5,,,False
400162,BLOCK B EXPANSION [3.5 TO 8.0,NCL - CIL,N06000184,3059,color,Madhya Pradesh,Madhya Pradesh,2019-07-01,2019-07-01,2023-03-01,2027-03-01,998.71,,True,548.84,51.53,2026-08,Table 6,60,71,Ministry of Coal,Coal,NCL,Northern Coalfields Limited [NCL],CIL,MoC,Others,False,False,Major,998.71,2026-07,2026-04,5,,,False
400321,NIGAHI EXPANSION [15 TO 25 MTP,NCL - CIL,N06000196,943,color,Madhya Pradesh,Madhya Pradesh,2020-11-01,2020-11-01,2025-03-01,2028-03-01,1729.68,,True,1001.52,53.74,2026-08,Table 6,60,72,Ministry of Coal,Coal,NCL,Northern Coalfields Limited [NCL],CIL,MoC,Others,False,False,Mega,1729.68,2026-07,2026-04,5,,,False
540543,RPR OF TAWA III UG MINE - 0.84,WCL - CIL,,,color,Madhya Pradesh,Madhya Pradesh,2026-03-01,2026-03-01,2032-03-01,,374.18,,True,0.0,0.01,2026-08,Table 6,60,73,Ministry of Coal,Coal,WCL,Western Coalfields Limited [WCL],CIL,MoC,Others,False,False,Major,,,2026-08,1,2026-08,,False
613802,KANCHAN OC EXP,SECL - CIL,N06000125,,color,Madhya Pradesh,Madhya Pradesh,2014-12-01,2014-12-01,2026-03-01,2028-03-01,371.04,,True,153.4,58.2,2026-08,Table 6,60,74,Ministry of Coal,Coal,SECL,South Eastern Coalfields Limited [SECL],CIL,MoC,Others,False,False,Major,371.04,2026-07,2026-04,5,,DQ14,False
613803,JHIRIA WEST OCP [1.5 MTY],SECL - CIL,N06000166,,color,Madhya Pradesh,Madhya Pradesh,2024-01-01,2024-01-01,2029-03-01,,366.94,,True,37.82,41.29,2026-08,Table 6,60,75,Ministry of Coal,Coal,SECL,South Eastern Coalfields Limited [SECL],CIL,MoC,Others,False,False,Major,366.94,2026-07,2026-04,5,,,False
613804,RPR TAWA-III UG 0.84 MTY,WCL - CIL,N06000250,,color,Madhya Pradesh,Madhya Pradesh,2021-12-01,2021-12-01,2027-03-01,,314.09,,True,17.61,17.78,2026-08,Table 6,60,76,Ministry of Coal,Coal,WCL,Western Coalfields Limited [WCL],CIL,MoC,Others,False,False,Major,314.09,2026-07,2026-04,5,,DQ14,False
615185,AMALGAMATED DHANKASA & JAMUNIA,WCL - CIL,N06000257,,color,Madhya Pradesh,Madhya Pradesh,2022-09-01,2022-09-01,2027-03-01,,399.2,,True,109.67,67.13,2026-08,Table 6,60,77,Ministry of Coal,Coal,WCL,Western Coalfields Limited [WCL],CIL,MoC,Others,False,False,Major,399.2,2026-07,2026-04,5,,DQ14,False
615187,RPR OF VISHNUPURI UG TO OC,WCL - CIL,N06000260,,color,Madhya Pradesh,Madhya Pradesh,2022-11-01,2022-11-01,2029-03-01,,220.62,,True,0.0,11.2,2026-08,Table 6,60,78,Ministry of Coal,Coal,WCL,Western Coalfields Limited [WCL],CIL,MoC,Others,False,False,Major,220.62,2026-07,2026-04,5,,,False
615194,URDHAN EXPANSION OC COST PLUS,WCL - CIL,N06000265,,color,Madhya Pradesh,Madhya Pradesh,2022-07-01,2023-01-01,2031-03-01,,206.88,,True,27.79,2.02,2026-08,Table 6,60,79,Ministry of Coal,Coal,WCL,Western Coalfields Limited [WCL],CIL,MoC,Others,False,False,Major,206.88,2026-07,2026-04,5,,DQ14,False
615195,SHARDA UG MINE,WCL - CIL,N06000266,,color,Madhya Pradesh,Madhya Pradesh,2022-07-01,2023-09-01,2028-03-01,,166.25,,True,5.27,9.39,2026-08,Table 6,60,80,Ministry of Coal,Coal,WCL,Western Coalfields Limited [WCL],CIL,MoC,Others,False,False,Major,166.25,2026-07,2026-04,5,,DQ14,False
615206,GANDHIGRAM UG MINE,WCL - CIL,N06000183,,color,Madhya Pradesh,Madhya Pradesh,2019-08-01,2019-08-01,2026-03-01,2027-03-01,414.15,,True,22.19,56.88,2026-08,Table 6,60,81,Ministry of Coal,Coal,WCL,Western Coalfields Limited [WCL],CIL,MoC,Others,False,False,Major,414.15,2026-07,2026-04,5,,DQ14,False
619032,JAYANT EXPN. [20 TO 38 MTPA],NCL - CIL,,11593,color,Madhya Pradesh,Madhya Pradesh,2025-02-01,2025-02-01,2032-03-01,,25560.48,,True,425.01,2.63,2026-08,Table 6,60,82,Ministry of Coal,Coal,NCL,Northern Coalfields Limited [NCL],CIL,MoC,Others,False,False,Mega,25560.48,2026-07,2026-04,5,,,False
619053,RPR FOR RAMPUR BATURA OCP,SECL - CIL,,11612,color,Madhya Pradesh,Madhya Pradesh,2025-05-01,2025-05-01,2030-03-01,,1604.69,,True,75.35,0.3,2026-08,Table 6,60,83,Ministry of Coal,Coal,SECL,South Eastern Coalfields Limited [SECL],CIL,MoC,Others,False,False,Mega,1604.69,2026-07,2026-04,5,,,False
400033,BHATADI EXPANSION OC,WCL - CIL,N06000254,4376,color,Maharashtra,Maharashtra,2020-02-01,2022-05-01,2028-03-01,,580.61,,True,112.17,36.38,2026-08,Table 6,60,84,Ministry of Coal,Coal,WCL,Western Coalfields Limited [WCL],CIL,MoC,Others,False,False,Major,580.61,2026-07,2026-04,5,,,False
400177,AMALGAMATED YEKONA I & YEKONA,WCL - CIL,N06000132,3012,color,Maharashtra,Maharashtra,2015-08-01,2015-08-01,2025-03-01,2027-03-01,727.28,,True,564.42,80.77,2026-08,Table 6,61,85,Ministry of Coal,Coal,WCL,Western Coalfields Limited [WCL],CIL,MoC,Others,False,False,Major,727.28,2026-07,2026-04,5,,,False
400178,DINESH[MAKARDHOKRA-III] OC,WCL - CIL,N06000222,3008,color,Maharashtra,Maharashtra,2020-02-01,2020-02-01,2027-03-01,,822.88,,True,661.7,40.63,2026-08,Table 6,61,86,Ministry of Coal,Coal,WCL,Western Coalfields Limited [WCL],CIL,MoC,Others,False,False,Major,822.88,2026-07,2026-04,5,,DQ14,False
400353,DHUPTALA OC [SASTI UG TO OC ],WCL - CIL,N06000209,776,color,Maharashtra,Maharashtra,2019-02-01,2021-10-01,2028-03-01,,711.01,,True,174.74,19.02,2026-08,Table 6,61,87,Ministry of Coal,Coal,WCL,Western Coalfields Limited [WCL],CIL,MoC,Others,False,False,Major,711.01,2026-07,2026-04,5,,,False
615184,SAONER UG MINE -1 EXPANSION 1.,WCL - CIL,N06000251,,color,Maharashtra,Maharashtra,2022-01-01,2022-01-01,2028-03-01,,228.64,,True,160.53,70.08,2026-08,Table 6,61,88,Ministry of Coal,Coal,WCL,Western Coalfields Limited [WCL],CIL,MoC,Others,False,False,Major,228.64,2026-07,2026-04,5,,,False
615186,SASTI EXPANSION OPENCAST,WCL - CIL,N06000206,,color,Maharashtra,Maharashtra,2020-08-01,2020-08-01,2026-03-01,2027-03-01,319.04,,True,114.9,32.33,2026-08,Table 6,61,89,Ministry of Coal,Coal,WCL,Western Coalfields Limited [WCL],CIL,MoC,Others,False,False,Major,319.04,2026-07,2026-04,5,,DQ14,False
615188,NEW MAJRI UG TO OC 3 MTY COST,WCL - CIL,N06000255,,color,Maharashtra,Maharashtra,2019-05-01,2022-09-01,2027-03-01,,402.27,,True,68.74,24.17,2026-08,Table 6,61,90,Ministry of Coal,Coal,WCL,Western Coalfields Limited [WCL],CIL,MoC,Others,False,False,Major,402.27,2026-07,2026-04,5,,,False
615189,MAKARDHOKRA EXPN OC 4.9 MTY,WCL - CIL,N06000253,,color,Maharashtra,Maharashtra,2022-06-01,2022-06-01,2026-03-01,2027-03-01,361.87,,True,115.46,12.2,2026-08,Table 6,61,91,Ministry of Coal,Coal,WCL,Western Coalfields Limited [WCL],CIL,MoC,Others,False,False,Major,361.87,2026-07,2026-04,5,,,False
615190,SINGHORI DEEP OC MIN 2.0 MTY,WCL - CIL,N06000252,,color,Maharashtra,Maharashtra,2022-05-01,2022-05-01,2029-03-01,,335.75,,True,54.91,9.64,2026-08,Table 6,61,92,Ministry of Coal,Coal,WCL,Western Coalfields Limited [WCL],CIL,MoC,Others,False,False,Major,335.75,2026-07,2026-04,5,,,False
615192,GOKUL EXTENSION OC MINE,WCL - CIL,N06000264,,color,Maharashtra,Maharashtra,2021-04-01,2021-04-01,2026-03-01,2027-03-01,309.58,,True,58.86,8.44,2026-08,Table 6,61,93,Ministry of Coal,Coal,WCL,Western Coalfields Limited [WCL],CIL,MoC,Others,False,False,Major,309.58,2026-07,2026-04,5,,DQ14,False
615199,KOLGAON EXPANSION DEEP OC MINE,WCL - CIL,N06000267,,color,Maharashtra,Maharashtra,2023-01-01,2023-09-01,2027-03-01,,198.71,,True,26.84,8.0,2026-08,Table 6,61,94,Ministry of Coal,Coal,WCL,Western Coalfields Limited [WCL],CIL,MoC,Others,False,False,Major,198.71,2026-07,2026-04,5,,,False
615330,BALLARPUR NORTH WEST OC MINE,WCL - CIL,N06000282,,color,Maharashtra,Maharashtra,2022-12-01,2022-12-01,2029-03-01,,360.81,,True,35.58,5.34,2026-08,Table 6,61,95,Ministry of Coal,Coal,WCL,Western Coalfields Limited [WCL],CIL,MoC,Others,False,False,Major,360.81,2026-07,2026-04,5,,,False
615331,GADEGAON OC 3 MTY,WCL - CIL,,,color,Maharashtra,Maharashtra,2023-10-01,2023-10-01,2030-03-01,,497.41,,True,101.95,7.95,2026-08,Table 6,61,96,Ministry of Coal,Coal,WCL,Western Coalfields Limited [WCL],CIL,MoC,Others,False,False,Major,497.41,2026-07,2026-04,5,,,False
615914,GHONSA EXPANSION DEEP OC MINE,WCL - CIL,N06000205,,color,Maharashtra,Maharashtra,2021-03-01,2021-04-01,2029-03-01,,184.71,,True,15.72,13.03,2026-08,Table 6,61,97,Ministry of Coal,Coal,WCL,Western Coalfields Limited [WCL],CIL,MoC,Others,False,False,Major,184.71,2026-07,2026-04,5,,,False
615916,AMLG GAURI PAUNI EXPANSION OC,WCL - CIL,N06000271,7361,color,Maharashtra,Maharashtra,2024-04-01,2024-04-01,2030-03-01,,1225.21,,True,96.19,4.21,2026-08,Table 6,61,98,Ministry of Coal,Coal,WCL,Western Coalfields Limited [WCL],CIL,MoC,Others,False,False,Mega,1225.21,2026-07,2026-04,5,,,False
615917,GAURIDEEP/GAURI CENTRAL OCP 7.,WCL - CIL,N06000278,7362,color,Maharashtra,Maharashtra,2023-08-01,2024-06-01,2030-03-01,,973.07,,True,1.54,2.31,2026-08,Table 6,61,99,Ministry of Coal,Coal,WCL,Western Coalfields Limited [WCL],CIL,MoC,Others,False,False,Major,973.07,2026-07,2026-04,5,,,False
615918,RPR OF BHANEGAON OC,WCL - CIL,N06000256,,color,Maharashtra,Maharashtra,2017-02-01,2022-09-01,2028-03-01,,405.2,,True,38.51,16.74,2026-08,Table 6,61,100,Ministry of Coal,Coal,WCL,Western Coalfields Limited [WCL],CIL,MoC,Others,False,False,Major,405.2,2026-07,2026-04,5,,DQ14,False
615919,N. EXTN. MUNGOLI NIRGUDA D OCP,WCL - CIL,N06000283,7363,color,Maharashtra,Maharashtra,2024-06-01,2024-06-01,2029-03-01,,1024.91,,True,221.04,27.92,2026-08,Table 6,61,101,Ministry of Coal,Coal,WCL,Western Coalfields Limited [WCL],CIL,MoC,Others,False,False,Mega,1024.91,2026-07,2026-04,5,,,False
615982,NILJAI EXPANSION DEEP OCP,WCL - CIL,N06000154,,color,Maharashtra,Maharashtra,2016-08-01,2016-08-01,2022-03-01,2027-03-01,319.75,,True,197.75,79.83,2026-08,Table 6,61,102,Ministry of Coal,Coal,WCL,Western Coalfields Limited [WCL],CIL,MoC,Others,False,False,Major,319.75,2026-07,2026-04,5,,,False
616044,UKNI DEEP OC MINE -COST PLUS,WCL - CIL,N06000179,764,color,Maharashtra,Maharashtra,2018-11-01,2019-01-01,2021-03-01,2027-03-01,237.06,,True,172.53,94.61,2026-08,Table 6,61,103,Ministry of Coal,Coal,WCL,Western Coalfields Limited [WCL],CIL,MoC,Others,False,False,Major,237.06,2026-07,2026-04,5,,,False
616050,AMALGAMATED INDER-KAMPTEE DEEP,WCL - CIL,N06000226,,color,Maharashtra,Maharashtra,2018-09-01,2018-09-01,2024-03-01,2027-03-01,235.9,,True,130.67,98.97,2026-08,Table 6,61,104,Ministry of Coal,Coal,WCL,Western Coalfields Limited [WCL],CIL,MoC,Others,False,False,Major,235.9,2026-07,2026-04,5,,,False
616223,ADASA UG TO OC MINE,WCL - CIL,N06000219,,color,Maharashtra,Maharashtra,2018-11-01,2018-11-01,2024-03-01,2027-03-01,316.0,,True,209.29,87.02,2026-08,Table 6,61,105,Ministry of Coal,Coal,WCL,Western Coalfields Limited [WCL],CIL,MoC,Others,False,False,Major,316.0,2026-07,2026-04,5,,,False
616229,AMAL GONDEGAON GHATROHANA EXPN,WCL - CIL,N06000284,7364,color,Maharashtra,Maharashtra,2024-09-01,2024-09-01,2029-03-01,,668.54,,True,2.95,2.55,2026-08,Table 6,61,106,Ministry of Coal,Coal,WCL,Western Coalfields Limited [WCL],CIL,MoC,Others,False,False,Major,668.54,2026-07,2026-04,5,,,False
617233,WAGHODA UG MINE [1.02 MTY],WCL - CIL,N06000293,,color,Maharashtra,Maharashtra,2024-01-01,2025-01-01,2030-03-01,,379.3,,True,0.0,0.11,2026-08,Table 6,61,107,Ministry of Coal,Coal,WCL,Western Coalfields Limited [WCL],CIL,MoC,Others,False,False,Major,379.3,2026-07,2026-04,5,,,False
617278,KOLARPIMPRI EXPANSION OC [2.5,WCL - CIL,N06000294,9897,color,Maharashtra,Maharashtra,2024-06-01,2025-02-01,2030-03-01,,630.37,,True,0.61,0.44,2026-08,Table 6,62,108,Ministry of Coal,Coal,WCL,Western Coalfields Limited [WCL],CIL,MoC,Others,False,False,Major,630.37,2026-07,2026-04,5,,,False
619055,SAONER-III EXPN UG MINE 1.54,WCL - CIL,,,color,Maharashtra,Maharashtra,2025-08-01,2025-08-01,2032-03-01,,444.42,,True,0.0,0.03,2026-08,Table 6,62,109,Ministry of Coal,Coal,WCL,Western Coalfields Limited [WCL],CIL,MoC,Others,False,False,Major,444.42,2026-07,2026-04,5,,,False
400369,BINA KAKRI AMALGAMATION EXPANS,NCL - CIL,N06000192,612,color,Multi-States,Madhya Pradesh; Uttar Pradesh,2020-08-01,2020-08-01,2024-03-01,2027-03-01,836.42,,True,840.16,92.25,2026-08,Table 6,62,110,Ministry of Coal,Coal,NCL,Northern Coalfields Limited [NCL],CIL,MoC,Others,False,False,Major,836.42,2026-07,2026-04,5,,DQ14,False
615183,KHADIA EXPANSION [10 TO 16 MTP,NCL - CIL,N06000208,7021,color,Multi-States,Madhya Pradesh; Uttar Pradesh,2021-06-01,2021-06-01,2025-03-01,2027-03-01,491.67,,True,276.39,58.23,2026-08,Table 6,62,111,Ministry of Coal,Coal,NCL,Northern Coalfields Limited [NCL],CIL,MoC,Others,False,False,Major,491.67,2026-07,2026-04,5,,DQ14,False
400165,SUBHADRA OCP,MCL - CIL,N06000249,3048,color,Odisha,Odisha,2021-05-01,2021-05-01,2032-04-01,,1693.81,,True,1335.11,46.78,2026-08,Table 6,62,112,Ministry of Coal,Coal,MCL,Mahanadi Coalfields Limited [MCL],CIL,MoC,Others,False,False,Mega,1693.81,2026-07,2026-04,5,,,False
400166,SIARMAL OCP,Mahanadi Coalfields Limited [MCL],N06000113,3045,color,Odisha,Odisha,2021-02-01,2021-02-01,2029-03-01,,5194.95,,True,3496.21,61.91,2026-08,Table 6,62,113,Ministry of Coal,Coal,MCL,Mahanadi Coalfields Limited [MCL],CIL,MoC,Others,False,False,Mega,5194.95,2026-07,2026-04,5,,DQ14,False
400183,BALARAM EXPANSION OCP,MCL - CIL,N06000230,2997,color,Odisha,Odisha,2020-08-01,2020-08-01,2029-03-01,,3504.21,,True,964.2,64.76,2026-08,Table 6,62,114,Ministry of Coal,Coal,MCL,Mahanadi Coalfields Limited [MCL],CIL,MoC,Others,False,False,Mega,3504.21,2026-07,2026-04,5,,,False
400185,GOPALJI KANIHA OCP [10 TO 30 M,MCL - CIL,N06000229,2994,color,Odisha,Odisha,2022-04-01,2022-04-01,2030-03-01,,8416.19,,True,1779.77,36.01,2026-08,Table 6,62,115,Ministry of Coal,Coal,MCL,Mahanadi Coalfields Limited [MCL],CIL,MoC,Others,False,False,Mega,6107.87,2026-07,2026-04,5,,,False
400187,INTEGRATED LAKHANPUR-BELPAHAR-,MCL - CIL,N06000167,2986,color,Odisha,Odisha,2018-05-01,2018-05-01,2027-03-01,,2434.75,,True,2149.98,83.3,2026-08,Table 6,62,116,Ministry of Coal,Coal,MCL,Mahanadi Coalfields Limited [MCL],CIL,MoC,Others,False,False,Mega,2434.75,2026-07,2026-04,5,,,False
400392,BHARATPUR RE-ORGANIZATION OCP,MCL - CIL,N06000171,501,color,Odisha,Odisha,2018-11-01,2018-11-01,2029-03-01,,2838.86,,True,1716.51,53.54,2026-08,Table 6,62,117,Ministry of Coal,Coal,MCL,Mahanadi Coalfields Limited [MCL],CIL,MoC,Others,False,False,Mega,2838.86,2026-07,2026-04,5,,,False
615857,Naini Coal Mine,Singareni Collieries Company Limited [SCCL],N06000203,,color,Odisha,Odisha,2020-03-01,2020-03-01,2026-03-01,,494.3,,True,491.33,80.0,2026-08,Table 6,62,118,Ministry of Coal,Coal,SCCL,Singareni Collieries Company Limited [SCCL],,MoC,Others,False,False,Major,494.3,2026-07,2026-04,5,,DQ10,False
616226,INTEGRATED KULDA GARJANBAHAL O,MCL - CIL,N06000289,7097,color,Odisha,Odisha,2023-04-01,2023-04-01,2033-03-01,,3563.5,,True,693.62,10.43,2026-08,Table 6,62,119,Ministry of Coal,Coal,MCL,Mahanadi Coalfields Limited [MCL],CIL,MoC,Others,False,False,Mega,3563.5,2026-07,2026-04,5,,,False
616231,BHUBANESWARI EXPN OCP 50 MTY,MCL - CIL,N06000286,9687,color,Odisha,Odisha,2024-03-01,2024-03-01,2033-03-01,,5366.27,,True,478.44,34.36,2026-08,Table 6,62,120,Ministry of Coal,Coal,MCL,Mahanadi Coalfields Limited [MCL],CIL,MoC,Others,False,False,Mega,5366.27,2026-07,2026-04,5,,,False
616232,HINGULA II OC EXPN PH III 15 M,MCL - CIL,N06000285,7365,color,Odisha,Odisha,2022-11-01,2022-11-01,2029-03-01,,1561.85,,True,284.32,33.89,2026-08,Table 6,62,121,Ministry of Coal,Coal,MCL,Mahanadi Coalfields Limited [MCL],CIL,MoC,Others,False,False,Mega,1561.85,2026-07,2026-04,5,,,False
616233,BALABHADRA OCP,MCL - CIL,N06000288,7366,color,Odisha,Odisha,2023-04-01,2023-04-01,2030-03-01,,978.44,,True,253.17,19.48,2026-08,Table 6,62,122,Ministry of Coal,Coal,MCL,Mahanadi Coalfields Limited [MCL],CIL,MoC,Others,False,False,Major,978.44,2026-07,2026-04,5,,DQ14,False
618982,Talabira II & III OCP - FMC,NLC India Limited [NLCIL],,10777,color,Odisha,Odisha,2022-10-01,2023-05-01,2026-06-01,2026-12-01,522.45,,True,334.44,74.8,2026-08,Table 6,62,123,Ministry of Coal,Coal,NLCIL,NLC India Limited [NLCIL],,MoC,Others,False,False,Major,522.45,2026-07,2026-04,5,,,False
615818,Jawahar Khani Open Cast Mine,Singareni Collieries Company Limited [SCCL],N06000259,,color,Telangana,Telangana,2021-12-01,2021-12-01,2025-03-01,2027-03-01,297.88,,True,50.39,20.0,2026-08,Table 6,62,124,Ministry of Coal,Coal,SCCL,Singareni Collieries Company Limited [SCCL],,MoC,Others,False,False,Major,297.88,2026-07,2026-04,5,,,False
615858,Kalyanikhani Opencast Project,Singareni Collieries Company Limited [SCCL],N06000213,,color,Telangana,Telangana,2016-03-01,2017-05-01,2026-03-01,,384.32,,True,304.46,77.0,2026-08,Table 6,62,125,Ministry of Coal,Coal,SCCL,Singareni Collieries Company Limited [SCCL],,MoC,Others,False,False,Major,384.32,2026-07,2026-04,5,,DQ10,False
615860,Godavarikhani Coal Mine - 5,Singareni Collieries Company Limited [SCCL],N06000202,9915,color,Telangana,Telangana,2019-07-01,2019-05-01,2025-03-01,2026-03-01,607.04,,True,201.0,71.0,2026-08,Table 6,62,126,Ministry of Coal,Coal,SCCL,Singareni Collieries Company Limited [SCCL],,MoC,Others,False,False,Major,607.04,2026-07,2026-04,5,,,False
615861,Indaram Opencast Project,Singareni Collieries Company Limited [SCCL],N06000211,,color,Telangana,Telangana,2017-08-01,2022-12-01,2025-03-01,2026-03-01,424.81,,True,409.12,81.0,2026-08,Table 6,62,127,Ministry of Coal,Coal,SCCL,Singareni Collieries Company Limited [SCCL],,MoC,Others,False,False,Major,424.81,2026-07,2026-04,5,,,False
615862,Goleti Opencast Mine,Singareni Collieries Company Limited [SCCL],N06000258,,color,Telangana,Telangana,2021-07-01,2021-08-01,2026-03-01,,345.6,,True,111.94,33.0,2026-08,Table 6,62,128,Ministry of Coal,Coal,SCCL,Singareni Collieries Company Limited [SCCL],,MoC,Others,False,False,Major,345.6,2026-07,2026-04,5,,DQ10,False
615863,Venkatesh Khani Coal Mine,Singareni Collieries Company Limited [SCCL],N06000204,,color,Telangana,Telangana,2020-10-01,2020-06-01,2026-03-01,,484.5,,True,477.14,97.0,2026-08,Table 6,62,129,Ministry of Coal,Coal,SCCL,Singareni Collieries Company Limited [SCCL],,MoC,Others,False,False,Major,484.5,2026-07,2026-04,5,,DQ10,False
615865,Kakatiyakhani OC - 2 Project,Singareni Collieries Company Limited [SCCL],N06000214,,color,Telangana,Telangana,2017-08-01,2017-09-01,2025-03-01,2026-03-01,442.42,,True,257.04,64.0,2026-08,Table 6,62,130,Ministry of Coal,Coal,SCCL,Singareni Collieries Company Limited [SCCL],,MoC,Others,False,False,Major,442.42,2026-07,2026-04,5,,,False
400173,MOHANPUR EXPANSION OC -PHASE I,ECL - CIL,N06000236,3029,color,West Bengal,West Bengal,2020-11-01,2020-11-01,2026-03-01,2030-03-01,888.99,,True,143.68,31.52,2026-08,Table 6,63,131,Ministry of Coal,Coal,ECL,Eastern Coal Fields Limited [ECL],CIL,MoC,Others,False,False,Major,888.99,2026-07,2026-04,5,,DQ14,False
400180,BONJEMEHARI EXPANSION OCP,ECL - CIL,N06000244,3004,color,West Bengal,West Bengal,2021-08-01,2021-08-01,2026-03-01,2030-03-01,570.11,,True,88.99,17.13,2026-08,Table 6,63,132,Ministry of Coal,Coal,ECL,Eastern Coal Fields Limited [ECL],CIL,MoC,Others,False,False,Major,570.11,2026-07,2026-04,5,,DQ14,False
400181,NAKRAKONDA KUMARDIH- B OCP,ECL - CIL,N06000170,3001,color,West Bengal,West Bengal,2018-08-01,2018-08-01,2029-03-01,,502.68,,True,89.81,28.65,2026-08,Table 6,63,133,Ministry of Coal,Coal,ECL,Eastern Coal Fields Limited [ECL],CIL,MoC,Others,False,False,Major,502.67,2026-07,2026-04,5,,,False
400186,TILABONI UG,ECL - CIL,N06000276,2989,color,West Bengal,West Bengal,2023-01-01,2023-01-01,2029-03-01,,749.08,,True,87.71,12.16,2026-08,Table 6,63,134,Ministry of Coal,Coal,ECL,Eastern Coal Fields Limited [ECL],CIL,MoC,Others,False,False,Major,749.07,2026-07,2026-04,5,,,False
400312,JHANJRA EXPANSION UG,ECL - CIL,N06000223,995,color,West Bengal,West Bengal,2020-04-01,2020-04-01,2029-03-01,,1210.12,,True,633.57,52.1,2026-08,Table 6,63,135,Ministry of Coal,Coal,ECL,Eastern Coal Fields Limited [ECL],CIL,MoC,Others,False,False,Mega,1210.12,2026-07,2026-04,5,,,False
400315,SONEPUR BAZARI EXPANSION OCP [,ECL - CIL,N06000220,966,color,West Bengal,West Bengal,2021-07-01,2021-07-01,2029-03-01,,5365.88,,True,629.96,18.5,2026-08,Table 6,63,136,Ministry of Coal,Coal,ECL,Eastern Coal Fields Limited [ECL],CIL,MoC,Others,False,False,Mega,5365.88,2026-07,2026-04,5,,DQ14,False
612816,ITAPARA OCP,ECL - CIL,N06000272,5529,color,West Bengal,West Bengal,2023-12-01,2023-12-01,2030-03-01,,929.1,,True,71.89,8.53,2026-08,Table 6,63,137,Ministry of Coal,Coal,ECL,Eastern Coal Fields Limited [ECL],CIL,MoC,Others,False,False,Major,929.1,2026-07,2026-04,5,,DQ14,False
613793,SHYAMSUNDARPUR UG INCLUDING SA,ECL - CIL,N06000191,,color,West Bengal,West Bengal,2020-04-01,2020-04-01,2026-03-01,2028-03-01,483.65,,True,84.82,16.79,2026-08,Table 6,63,138,Ministry of Coal,Coal,ECL,Eastern Coal Fields Limited [ECL],CIL,MoC,Others,False,False,Major,483.65,2026-07,2026-04,5,,DQ14,False
613794,PARASEA-BELBAID UG PROJECT,ECL - CIL,N06000277,,color,West Bengal,West Bengal,2023-01-01,2023-01-01,2028-03-01,,389.1,,True,133.27,23.22,2026-08,Table 6,63,139,Ministry of Coal,Coal,ECL,Eastern Coal Fields Limited [ECL],CIL,MoC,Others,False,False,Major,389.1,2026-07,2026-04,5,,,False
616230,PARASCOLE JAMBAD OCP,ECL - CIL,N06000281,6881,color,West Bengal,West Bengal,2024-11-01,2024-11-01,2037-03-01,,1193.55,,True,12.32,0.24,2026-08,Table 6,63,140,Ministry of Coal,Coal,ECL,Eastern Coal Fields Limited [ECL],CIL,MoC,Others,False,False,Mega,1193.55,2026-07,2026-04,5,,,False
617299,50 MW Wind Power Project,NLC India Limited,N06000292,,color,Gujarat,Gujarat,2022-07-01,2024-01-01,2025-06-01,2026-12-01,383.84,,True,333.34,52.0,2026-08,Table 6,63,141,Ministry of Coal,Electricity Generation,NLCIL,NLC India Limited [NLCIL],,MoC,Energy,False,False,Major,383.84,2026-07,2026-04,5,,,False
617730,600 MW Khavda Solar Power Project,NLC India Limited [NLCIL],,10775,color,Gujarat,Gujarat,2023-08-01,2024-06-01,2026-06-01,2026-12-01,3335.85,,True,2202.23,65.0,2026-08,Table 6,63,142,Ministry of Coal,Electricity Generation,NLCIL,NLC India Limited [NLCIL],,MoC,Energy,False,False,Mega,3335.85,2026-07,2026-04,5,,,False
618991,200 MW SPP part of 510 MW CPSU scheme,NLC India Limited [NLCIL],,10796,color,Gujarat,Gujarat,2022-07-01,2024-03-01,2026-12-01,,1221.41,,True,71.51,5.0,2026-08,Table 6,63,143,Ministry of Coal,Electricity Generation,NLCIL,NLC India Limited [NLCIL],,MoC,Energy,False,False,Mega,1221.41,2026-07,2026-04,5,,,False
618992,100 MW SPP part of SECI 150 MW Hybrid,NLC India Limited [NLCIL],,,color,Gujarat,Gujarat,2022-07-01,2024-04-01,2026-12-01,,480.68,,True,2.75,1.2,2026-08,Table 6,63,144,Ministry of Coal,Electricity Generation,NLCIL,NLC India Limited [NLCIL],,MoC,Energy,False,False,Major,480.68,2026-07,2026-04,5,,,False
400231,NLC Talabira Thermal Power Project,NLC India Limited,N06000270,2059,color,Odisha,Odisha,2017-01-01,2024-01-01,2030-03-01,,27212.96,,True,3606.38,4.1,2026-08,Table 6,63,145,Ministry of Coal,Electricity Generation,NLCIL,NLC India Limited [NLCIL],,MoC,Energy,False,False,Mega,27212.96,2026-07,2026-04,5,,,False
618981,810 MW Solar Power Project - Rajasthan,NLC India Limited [NLCIL],,10776,color,Rajasthan,Rajasthan,2024-10-01,2025-09-01,2028-03-01,,4147.07,,True,249.95,0.0,2026-08,Table 6,63,146,Ministry of Coal,Electricity Generation,NLCIL,NLC India Limited [NLCIL],,MoC,Energy,False,False,Mega,4147.07,2026-07,2026-04,5,2026-04,,False
400203,Dharamjaigarh-Korba,Railway,,2277,color,Chhattisgarh,Chhattisgarh,2018-05-01,2017-03-01,2026-12-01,2026-08-01,1686.22,,True,792.73,43.7,2026-08,Table 6,63,147,Ministry of Coal,Railways,railway,Railway,,MoC,Transport & Logistics,False,False,Mega,2438.53,2026-07,2026-04,5,,DQ09,False
400416,Shivpur-Kathautia New Rail [BG] Line [49 km] [Package II of Tori-Shivpur-Kathautia line],Ministry of Coal,,371,color,Jharkhand,Jharkhand,2018-02-01,2022-05-01,2025-06-01,2027-06-01,1799.64,,True,1784.77,72.0,2026-08,Table 6,63,148,Ministry of Coal,Railways,ministry of coal,Ministry of Coal,,MoC,Transport & Logistics,False,False,Mega,2564.34,2026-07,2026-04,5,,,False
400192,Tubed Coal Mine,Damodar Valley Corporation,,2418,color,Jharkhand,Jharkhand,2016-07-01,2016-10-01,2026-05-01,2026-12-01,1581.0,,True,628.9,37.0,2026-08,Table 6,63,149,Ministry of Power,Coal,damodar valley corporation,Damodar Valley Corporation,,MoP,Others,False,False,Mega,1581.0,2026-07,2026-04,5,,,False
603293,Badam Coal Mining project of NTPC,National Thermal Power Corporation [NTPC],N18000367,2576,color,Jharkhand,Jharkhand,2019-02-01,2019-09-01,2056-12-01,2027-04-01,502.0,,True,442.42,67.86,2026-08,Table 6,63,150,Ministry of Power,Coal,NTPC,National Thermal Power Corporation [NTPC],,MoP,Others,False,False,Major,784.0,2026-07,2026-04,5,,DQ09,False
602182,Dibang Multipurpose Project,National Hydroelectric Power Corporation Limited [NHPC],N18000362,4934,color,Arunachal Pradesh,Arunachal Pradesh,2023-02-01,2023-02-01,2032-02-01,2032-02-01,31876.39,,True,5118.73,18.12,2026-08,Table 6,64,151,Ministry of Power,Electricity Generation,NHPC,National Hydroelectric Power Corporation Limited [NHPC],,MoP,Energy,True,True,Mega,31876.39,2026-07,2026-04,5,,,False
611698,240MW Heo HE Project,North Eastern Electric Power Corporation Limited,,7620,color,Arunachal Pradesh,Arunachal Pradesh,2024-12-01,2025-05-01,2029-07-01,,1938.85,,True,107.31,7.85,2026-08,Table 6,64,152,Ministry of Power,Electricity Generation,north eastern electric power corporation limited,North Eastern Electric Power Corporation Limited,,MoP,Energy,True,True,Mega,1938.85,2026-07,2026-04,5,,,False
611699,186 MW Tato-I H E Project,North Eastern Electric Power Corporation Limited,,7621,color,Arunachal Pradesh,Arunachal Pradesh,2024-12-01,2025-05-01,2029-07-01,,1750.07,,True,80.45,5.8,2026-08,Table 6,64,153,Ministry of Power,Electricity Generation,north eastern electric power corporation limited,North Eastern Electric Power Corporation Limited,,MoP,Energy,True,True,Mega,1750.07,2026-07,2026-04,5,,,False
611716,700 MW Tato-II HE Project,North Eastern Electric Power Corporation Limited,,9690,color,Arunachal Pradesh,Arunachal Pradesh,2025-09-01,2025-09-01,2031-09-01,,8146.21,,True,254.77,6.72,2026-08,Table 6,64,154,Ministry of Power,Electricity Generation,north eastern electric power corporation limited,North Eastern Electric Power Corporation Limited,,MoP,Energy,True,True,Mega,8146.21,2026-07,2026-04,5,2026-04,,False
619311,Kalai-II Hydro Electric Project [1200 MW],THDC India Limited,,12136,color,Arunachal Pradesh,Arunachal Pradesh,2026-04-01,2026-04-01,2032-10-01,,14105.83,,True,190.66,0.0,2026-08,Table 6,64,155,Ministry of Power,Electricity Generation,thdc india limited,THDC India Limited,,MoP,Energy,True,True,Mega,14105.83,2026-07,2026-04,5,2026-04,,False
602579,Buxar Thermal Power Project [1320 MW],SJVN Limited,N18000194,2361,color,Bihar,Bihar,2019-03-01,2019-06-01,2024-01-01,2026-08-01,10439.09,,True,13813.98,95.05,2026-08,Table 6,64,156,Ministry of Power,Electricity Generation,sjvn limited,SJVN Limited,,MoP,Energy,False,False,Mega,13756.56,2026-07,2026-04,5,,,False
619051,"Nabinagar Super Thermal Power Project, Stage-II [3x800 MW]",National Thermal Power Corporation [NTPC],,11614,color,Bihar,Bihar,2024-11-01,2025-03-01,2030-07-01,2030-07-01,29948.0,,True,3677.01,16.0,2026-08,Table 6,64,157,Ministry of Power,Electricity Generation,NTPC,National Thermal Power Corporation [NTPC],,MoP,Energy,False,False,Mega,29948.0,2026-07,2026-04,5,,,False
611930,Lara Super Thermal Power Project Stage-II [2 x 800 MW],National Thermal Power Corporation [NTPC],N18000381,5493,color,Chhattisgarh,Chhattisgarh,2023-08-01,2023-08-01,2028-06-01,2028-11-01,15530.0,,True,5711.52,35.0,2026-08,Table 6,64,158,Ministry of Power,Electricity Generation,NTPC,National Thermal Power Corporation [NTPC],,MoP,Energy,False,False,Mega,16106.0,2026-07,2026-04,5,,,False
617188,"Sipat Super Thermal Power Project, Stage-III [1x800 MW]",National Thermal Power Corporation [NTPC],,9706,color,Chhattisgarh,Chhattisgarh,2024-09-01,2024-09-01,2029-09-01,2029-09-01,9791.0,,True,2042.62,23.21,2026-08,Table 6,64,159,Ministry of Power,Electricity Generation,NTPC,National Thermal Power Corporation [NTPC],,MoP,Energy,False,False,Mega,9791.0,2026-07,2026-04,5,,,False
709747,Bagodara Solar Power Project,SJVN Limited,N18000297,,color,Gujarat,Gujarat,2021-03-01,2021-05-01,2025-12-01,2025-12-01,339.35,,True,376.64,51.86,2026-08,Table 6,64,160,Ministry of Power,Electricity Generation,sjvn limited,SJVN Limited,,MoP,Energy,False,False,Major,339.35,2026-07,2026-04,5,,,False
602582,Dhaulasidh Hydro Electric Project [66 MW],SJVN Limited,N18000291,2370,color,Himachal Pradesh,Himachal Pradesh,2020-10-01,2021-05-01,2025-11-01,2027-03-01,687.97,,True,1284.9,81.0,2026-08,Table 6,64,161,Ministry of Power,Electricity Generation,sjvn limited,SJVN Limited,,MoP,Energy,False,False,Major,1763.31,2026-07,2026-04,5,,,False
602593,Luhri Stage-I Hydro Electric Project [210 MW],SJVN Limited,N18000279,2367,color,Himachal Pradesh,Himachal Pradesh,2020-11-01,2020-11-01,2026-01-01,2030-05-01,1810.56,,True,1981.17,52.13,2026-08,Table 6,64,162,Ministry of Power,Electricity Generation,sjvn limited,SJVN Limited,,MoP,Energy,False,False,Mega,4345.31,2026-07,2026-04,5,,,False
611586,Sunni Dam Hydro Electric Project [382 MW],SJVN Limited,N18000344,5062,color,Himachal Pradesh,Himachal Pradesh,2023-01-01,2023-01-01,2028-04-01,2029-12-01,2614.51,,True,1173.23,34.96,2026-08,Table 6,64,163,Ministry of Power,Electricity Generation,sjvn limited,SJVN Limited,,MoP,Energy,False,False,Mega,4555.49,2026-07,2026-04,5,,,False
602525,"Pakal Dul [Drangdhuran] Hydroelectric Project, 1000 MW",National Hydroelectric Power Corporation Limited [NHPC],N18000172,1425,color,Jammu and Kashmir,Jammu and Kashmir,2014-10-01,2018-02-01,2020-04-01,2026-12-01,8112.12,,True,9905.5,87.0,2026-08,Table 6,64,164,Ministry of Power,Electricity Generation,NHPC,National Hydroelectric Power Corporation Limited [NHPC],,MoP,Energy,False,False,Mega,12728.0,2026-07,2026-04,5,,,False
602532,Kiru HE Project,National Hydroelectric Power Corporation Limited [NHPC],N18000278,2412,color,Jammu and Kashmir,Jammu and Kashmir,2019-03-01,2020-02-01,2023-09-01,2026-12-01,4287.59,,True,4118.03,90.5,2026-08,Table 6,64,165,Ministry of Power,Electricity Generation,NHPC,National Hydroelectric Power Corporation Limited [NHPC],,MoP,Energy,False,False,Mega,5409.0,2026-07,2026-04,5,,,False
602535,"Ratle HE Project - 850 MW, Ratle Hydroelectric Power Corporation Limited.",National Hydroelectric Power Corporation Limited [NHPC],N18000324,2421,color,Jammu and Kashmir,Jammu and Kashmir,2021-02-01,2022-01-01,2026-02-01,2028-11-01,5281.94,,True,1692.33,32.62,2026-08,Table 6,64,166,Ministry of Power,Electricity Generation,NHPC,National Hydroelectric Power Corporation Limited [NHPC],,MoP,Energy,False,False,Mega,5281.94,2026-07,2026-04,5,,,False
605155,Kwar HE Project,National Hydroelectric Power Corporation Limited [NHPC],N18000363,4177,color,Jammu and Kashmir,Jammu and Kashmir,2022-05-01,2022-11-01,2026-11-01,2028-03-01,4526.12,,True,2015.0,39.67,2026-08,Table 6,64,167,Ministry of Power,Electricity Generation,NHPC,National Hydroelectric Power Corporation Limited [NHPC],,MoP,Energy,False,False,Mega,4526.12,2026-07,2026-04,5,,,False
400261,Patratu Thermal Power Station Expansion Project Phase-I [3x800 MW],National Thermal Power Corporation [NTPC],N18000275,1639,color,Jharkhand,Jharkhand,2017-11-01,2017-11-01,2023-03-01,2027-04-01,18668.0,,True,19405.48,92.5,2026-08,Table 6,64,168,Ministry of Power,Electricity Generation,NTPC,National Thermal Power Corporation [NTPC],,MoP,Energy,False,False,Mega,20302.0,2026-07,2026-04,5,,DQ14,False
611509,"Koderma Thermal Power Station Phase II [2X800 MW] At Koderma, Jharkhand",Damodar Valley Corporation,,7414,color,Jharkhand,Jharkhand,2023-04-01,2024-11-01,2029-07-01,,14358.0,,True,2416.6,15.72,2026-08,Table 6,64,169,Ministry of Power,Electricity Generation,damodar valley corporation,Damodar Valley Corporation,,MoP,Energy,False,False,Mega,14358.0,2026-07,2026-04,5,,,False
618976,"Gadarwara Super Thermal Power Project, Stage-II [2x800 MW]",National Thermal Power Corporation [NTPC],,10793,color,Madhya Pradesh,Madhya Pradesh,2024-11-01,2025-05-01,2030-03-01,2030-03-01,20446.0,,True,2434.64,13.0,2026-08,Table 6,64,170,Ministry of Power,Electricity Generation,NTPC,National Thermal Power Corporation [NTPC],,MoP,Energy,False,False,Mega,20446.0,2026-07,2026-04,5,,,False
602096,Subansiri Lower HE Project [2000 MW],National Hydroelectric Power Corporation Limited [NHPC],180100221,2415,color,Multi-States,Arunachal Pradesh; Assam,2003-09-01,2005-01-01,2010-09-01,2027-03-01,6285.33,,True,26575.24,98.07,2026-08,Table 6,64,171,Ministry of Power,Electricity Generation,NHPC,National Hydroelectric Power Corporation Limited [NHPC],,MoP,Energy,True,True,Mega,26075.54,2026-07,2026-04,5,,,False
602961,Talcher Thermal Power Station Stage III [2 x 660 MW] Expansion,National Thermal Power Corporation [NTPC],N18000364,3450,color,Odisha,Odisha,2022-08-01,2022-09-01,2027-05-01,2028-05-01,11843.75,,True,7146.85,56.5,2026-08,Table 6,64,172,Ministry of Power,Electricity Generation,NTPC,National Thermal Power Corporation [NTPC],,MoP,Energy,False,False,Mega,12543.0,2026-07,2026-04,5,,,False
619056,"Darlipali Super Thermal Power Project, Stage-II [1x800 MW]",National Thermal Power Corporation [NTPC],,11833,color,Odisha,Odisha,2025-11-01,2025-11-01,2031-01-01,2031-01-01,11131.0,,True,582.74,3.25,2026-08,Table 6,65,173,Ministry of Power,Electricity Generation,NTPC,National Thermal Power Corporation [NTPC],,MoP,Energy,False,False,Mega,11131.0,2026-07,2026-04,5,2026-04,,False
602181,"TEESTA-VI HE PROJECT, SIKKIM [500 MW], executed by LANCO TEESTA HYDRO POWER LIMITED [A wholly owned Subsidiary of NHPC LTD. acquired through NCLT]",National Hydroelectric Power Corporation Limited [NHPC],N18000325,2419,color,Sikkim,Sikkim,2019-03-01,2020-03-01,2024-03-01,2029-09-01,5748.04,,True,4676.46,73.95,2026-08,Table 6,65,174,Ministry of Power,Electricity Generation,NHPC,National Hydroelectric Power Corporation Limited [NHPC],,MoP,Energy,True,True,Mega,5748.04,2026-07,2026-04,5,,,False
605156,Rangit-IV HE Project [120 MW] executed by Jal Power Corporation Ltd. [JPCL] - A wholly owned subsidiary of NHPC Ltd. acquired through NCLT,National Hydroelectric Power Corporation Limited [NHPC],N18000326,2408,color,Sikkim,Sikkim,2021-03-01,2021-08-01,2024-05-01,2026-11-01,938.29,,True,1726.66,97.86,2026-08,Table 6,65,175,Ministry of Power,Electricity Generation,NHPC,National Hydroelectric Power Corporation Limited [NHPC],,MoP,Energy,True,True,Major,1828.11,2026-07,2026-04,5,,,False
619341,"Telangana Super Thermal Power Project , Stage-II [3 x 800 MW]",National Thermal Power Corporation [NTPC],,,color,Telangana,Telangana,2026-03-01,2026-03-01,2032-01-01,,29344.85,,True,733.63,1.04,2026-08,Table 6,65,176,Ministry of Power,Electricity Generation,NTPC,National Thermal Power Corporation [NTPC],,MoP,Energy,False,False,Mega,29344.85,2026-07,2026-05,4,2026-05,,False
298178,"Meja Thermal Power Project, Stage-II , (3x800 MW)",National Thermal Power Corporation [NTPC],,,color,Uttar Pradesh,Uttar Pradesh,2026-06-01,2026-06-01,2032-12-01,,38358.0,,True,1027.77,0.11,2026-08,Table 6,65,177,Ministry of Power,Electricity Generation,NTPC,National Thermal Power Corporation [NTPC],,MoP,Energy,False,False,Mega,38358.0,2026-07,2026-07,2,2026-07,,False
612142,"Singrauli Super Thermal Power Project, Stage-III [2x800 MW]",National Thermal Power Corporation [NTPC],N18000382,7569,color,Uttar Pradesh,Uttar Pradesh,2024-03-01,2024-03-01,2030-02-01,2030-02-01,17195.0,,True,4046.64,25.35,2026-08,Table 6,65,178,Ministry of Power,Electricity Generation,NTPC,National Thermal Power Corporation [NTPC],,MoP,Energy,False,False,Mega,17195.0,2026-07,2026-04,5,,,False
602185,Tapovan-Vishnugad HEP [4x130 MW],National Thermal Power Corporation [NTPC],N18000014,1452,color,Uttarakhand,Uttarakhand,2006-11-01,2006-11-01,2013-03-01,2029-07-01,2978.0,,True,7887.36,76.18,2026-08,Table 6,65,179,Ministry of Power,Electricity Generation,NTPC,National Thermal Power Corporation [NTPC],,MoP,Energy,False,False,Mega,10907.3,2026-07,2026-04,5,,,False
602195,Vishnugad Pipalkoti Hydro Electric Project [444 MW],THDC India Limited,N18000042,157,color,Uttarakhand,Uttarakhand,2008-08-01,2014-01-01,2022-12-01,2028-06-01,3860.35,,True,5906.0,82.0,2026-08,Table 6,65,180,Ministry of Power,Electricity Generation,thdc india limited,THDC India Limited,,MoP,Energy,False,False,Mega,6405.08,2026-07,2026-04,5,,,False
400062,"Raghunathpur Thermal Power Station Phase II [2X660 MW] at Raghunathpur, Purulia, West Bengal",Damodar Valley Corporation,,4195,color,West Bengal,West Bengal,2023-01-01,2025-02-01,2029-08-01,,17673.0,,True,2395.67,14.5,2026-08,Table 6,65,181,Ministry of Power,Electricity Generation,damodar valley corporation,Damodar Valley Corporation,,MoP,Energy,False,False,Mega,17673.0,2026-07,2026-04,5,,,False
602184,Rammam-III HEPP [3x40 MW],National Thermal Power Corporation [NTPC],N18000178,1453,color,West Bengal,West Bengal,2014-09-01,2014-09-01,2019-09-01,2029-09-01,1381.84,,True,1701.35,59.63,2026-08,Table 6,65,182,Ministry of Power,Electricity Generation,NTPC,National Thermal Power Corporation [NTPC],,MoP,Energy,False,False,Mega,2865.56,2026-07,2026-04,5,,,False
602538,Installation of FGD for 4x210 & 2x250 MW MTPS U 1-6,Damodar Valley Corporation,,2463,color,West Bengal,West Bengal,2019-06-01,2021-02-01,2024-01-01,2026-09-01,1037.0,,True,1146.29,97.0,2026-08,Table 6,65,183,Ministry of Power,Electricity Generation,damodar valley corporation,Damodar Valley Corporation,,MoP,Energy,False,False,Mega,1106.0,2026-07,2026-04,5,,,False
553920,Transmission System for proposed Green Hydrogen/ Green Ammonia Projects in Kakinada Area (Phase I),Power Grid Corporation of India Limited [POWERGRID],,,color,Andhra Pradesh,Andhra Pradesh,2026-06-01,2026-06-01,2028-12-01,,1618.0,,True,16.18,0.5,2026-08,Table 6,65,184,Ministry of Power,Transmission & Distribution,POWERGRID,Power Grid Corporation of India Limited [POWERGRID],,MoP,Energy,False,False,Mega,,,2026-08,1,2026-08,,False
617183,Transmission system strengthening at Kurnool- III PS for integration of additional RE generation projects [POWERGRID Kurnool III PS RE Transmission Limited],Power Grid Corporation of India Limited [POWERGRID],N18000416,7488,color,Andhra Pradesh,Andhra Pradesh,2025-03-01,2025-03-01,2027-12-01,,2886.0,,True,983.26,45.96,2026-08,Table 6,65,185,Ministry of Power,Transmission & Distribution,POWERGRID,Power Grid Corporation of India Limited [POWERGRID],,MoP,Energy,False,False,Mega,2886.0,2026-07,2026-04,5,,,False
617375,North Eastern Region Expansion Scheme-XXIII [NERES-XXIII],Power Grid Corporation of India Limited [POWERGRID],,,color,Arunachal Pradesh,Arunachal Pradesh,2025-08-01,2025-08-01,2028-02-01,,209.38,,True,4.19,5.68,2026-08,Table 6,65,186,Ministry of Power,Transmission & Distribution,POWERGRID,Power Grid Corporation of India Limited [POWERGRID],,MoP,Energy,True,True,Major,209.38,2026-07,2026-04,5,,,False
615336,Transmission system for evacuation of Power from REZ in Rajasthan [20 GW] under phase-III Part-D Phase-II,Power Grid Corporation of India Limited [POWERGRID],,11862,color,Delhi,Delhi,2023-11-01,2024-10-01,2026-02-01,2026-12-01,284.0,,True,99.4,51.74,2026-08,Table 6,65,187,Ministry of Power,Transmission & Distribution,POWERGRID,Power Grid Corporation of India Limited [POWERGRID],,MoP,Energy,False,False,Major,284.0,2026-07,2026-04,5,2026-04,,False
612139,Transmission system for Evacuation of Additional 7 GW RE power from Khavda RE park under Phase-III Part B [Vataman Transmission Limited],Power Grid Corporation of India Limited [POWERGRID],N18000384,5494,color,Gujarat,Gujarat,2023-12-01,2023-12-01,2025-12-01,2026-12-01,4231.0,,True,3175.79,74.0,2026-08,Table 6,65,188,Ministry of Power,Transmission & Distribution,POWERGRID,Power Grid Corporation of India Limited [POWERGRID],,MoP,Energy,False,False,Mega,4231.0,2026-07,2026-04,5,,,False
612855,Transmission System for Evacuation of Power from Potential Energy Renewable Zone in Khavda Area of Gujarat under Ph-IV [7GW] Part E2,Power Grid Corporation of India Limited [POWERGRID],N18000390,5537,color,Gujarat,Gujarat,2024-05-01,2024-05-01,2026-05-01,2026-09-01,697.0,,True,634.27,91.0,2026-08,Table 6,65,189,Ministry of Power,Transmission & Distribution,POWERGRID,Power Grid Corporation of India Limited [POWERGRID],,MoP,Energy,False,False,Major,697.0,2026-07,2026-04,5,,,False
615342,Augmentation of Transformation Capacity at jam Khambhaliya PS [GIS] [SPV Name POWERGRID Jam Khambhaliya Transmission Limited],Power Grid Corporation of India Limited [POWERGRID],N18000398,,color,Gujarat,Gujarat,2024-10-01,2024-10-01,2026-07-01,2027-04-01,329.0,,True,85.54,35.33,2026-08,Table 6,65,190,Ministry of Power,Transmission & Distribution,POWERGRID,Power Grid Corporation of India Limited [POWERGRID],,MoP,Energy,False,False,Major,329.0,2026-07,2026-04,5,,,False
615343,Provision of Dynamic Reactive Compensation at Khavda pooling Station 1 [KPS1] and Khavda Pooling station 3 [KPS3],Power Grid Corporation of India Limited [POWERGRID],N18000402,6259,color,Gujarat,Gujarat,2024-11-01,2024-11-01,2026-11-01,,501.0,,True,30.06,11.67,2026-08,Table 6,65,191,Ministry of Power,Transmission & Distribution,POWERGRID,Power Grid Corporation of India Limited [POWERGRID],,MoP,Energy,False,False,Major,501.0,2026-07,2026-04,5,,,False
615345,Transmission System for Evacuation of Power from Potential Renewable Energy Zone in Khavda area of Gujarat under Phase-IV [7GW] Part B [SPV Name POWERGRID South Olpad Transmission Limited],Power Grid Corporation of India Limited [POWERGRID],N18000400,6261,color,Gujarat,Gujarat,2024-10-01,2024-10-01,2026-10-01,2027-10-01,4766.0,,True,2240.0,41.32,2026-08,Table 6,66,192,Ministry of Power,Transmission & Distribution,POWERGRID,Power Grid Corporation of India Limited [POWERGRID],,MoP,Energy,False,False,Mega,4766.0,2026-07,2026-04,5,,,False
617069,Augmentation of Transformation Capacity at KPS1 [GIS] and KPS2 [GIS] [Phase-V Part B1 and Part B2 Scheme] [SPV Name- POWERGRID KPS1 and 2 Augmentation Transmission Limited],Power Grid Corporation of India Limited [POWERGRID],N18000411,,color,Gujarat,Gujarat,2025-02-01,2025-02-01,2027-02-01,,466.0,,True,168.13,47.5,2026-08,Table 6,66,193,Ministry of Power,Transmission & Distribution,POWERGRID,Power Grid Corporation of India Limited [POWERGRID],,MoP,Energy,False,False,Major,466.0,2026-07,2026-04,5,,,False
617182,Augmentation of Banaskantha [Raghanesda] PS [GIS] [POWERGRID Banaskantha Transco Limited],Power Grid Corporation of India Limited [POWERGRID],N18000412,,color,Gujarat,Gujarat,2025-03-01,2025-03-01,2027-03-01,,172.0,,True,65.36,45.0,2026-08,Table 6,66,194,Ministry of Power,Transmission & Distribution,POWERGRID,Power Grid Corporation of India Limited [POWERGRID],,MoP,Energy,False,False,Major,172.0,2026-07,2026-04,5,,,False
617391,Augmentation of Transformation Capacity at Bhuj-II PS [GIS],Power Grid Corporation of India Limited [POWERGRID],,,color,Gujarat,Gujarat,2025-02-01,2025-02-01,2026-11-01,2027-06-01,488.29,,True,24.41,14.0,2026-08,Table 6,66,195,Ministry of Power,Transmission & Distribution,POWERGRID,Power Grid Corporation of India Limited [POWERGRID],,MoP,Energy,False,False,Major,488.29,2026-07,2026-04,5,,,False
617405,Jamnagar Transmission Limited,Adani Transmission Limited,,9765,color,Gujarat,Gujarat,2024-10-01,2024-10-01,2026-10-01,2027-09-01,4000.0,,True,698.0,25.0,2026-08,Table 6,66,196,Ministry of Power,Transmission & Distribution,adani transmission limited,Adani Transmission Limited,,MoP,Energy,False,False,Mega,4000.0,2026-07,2026-04,5,,,False
617801,Provision of ICT Augmentation & Bus Reactor at Bhuj-II PS,Power Grid Corporation of India Limited [POWERGRID],,9955,color,Gujarat,Gujarat,2025-03-01,2025-03-01,2026-12-01,2027-06-01,581.74,,True,46.54,13.5,2026-08,Table 6,66,197,Ministry of Power,Transmission & Distribution,POWERGRID,Power Grid Corporation of India Limited [POWERGRID],,MoP,Energy,False,False,Major,581.74,2026-07,2026-04,5,,,False
619026,KPSIII HVDC Transmission Limited,Adani Transmission Limited,,11610,color,Gujarat,Gujarat,2025-12-01,2025-12-01,2029-12-01,,19000.0,,True,20.65,1.0,2026-08,Table 6,66,198,Ministry of Power,Transmission & Distribution,adani transmission limited,Adani Transmission Limited,,MoP,Energy,False,False,Mega,19000.0,2026-07,2026-04,5,,,False
619029,Transmission System for Reliable Power Supply to Dholera,Power Grid Corporation of India Limited [POWERGRID],,,color,Gujarat,Gujarat,2024-09-01,2024-09-01,2026-03-01,2026-12-01,319.42,,True,79.85,36.8,2026-08,Table 6,66,199,Ministry of Power,Transmission & Distribution,POWERGRID,Power Grid Corporation of India Limited [POWERGRID],,MoP,Energy,False,False,Major,319.42,2026-07,2026-04,5,,,False
619049,Khavda IVA Power Transmission Limited,Adani Transmission Limited,,12526,color,Gujarat,Gujarat,2024-08-01,2024-08-01,2026-08-01,2027-03-01,4500.0,,True,2772.7,75.0,2026-08,Table 6,66,200,Ministry of Power,Transmission & Distribution,adani transmission limited,Adani Transmission Limited,,MoP,Energy,False,False,Mega,4500.0,2026-07,2026-04,5,,,False
617179,Transmission Scheme for evacuation of Power from Ratle HEP [850 MW] & kiru [624 MW] Part B,Power Grid Corporation of India Limited [POWERGRID],N18000417,,color,Jammu and Kashmir,Jammu and Kashmir,2024-07-01,2024-07-01,2026-07-01,2027-06-01,218.6,,True,3.72,1.7,2026-08,Table 6,66,201,Ministry of Power,Transmission & Distribution,POWERGRID,Power Grid Corporation of India Limited [POWERGRID],,MoP,Energy,False,False,Major,218.6,2026-07,2026-04,5,,,False
617326,Implementation of Transmission Systems in the State of Jharkhand consisting of 400/220/132/33 kV transmission lines and substations under Jharkhand Consultancy Project,Power Grid Corporation of India Limited [POWERGRID],,9893,color,Jharkhand,Jharkhand,2012-02-01,2012-02-01,2026-03-01,2027-06-01,1842.25,,True,1648.05,96.5,2026-08,Table 6,66,202,Ministry of Power,Transmission & Distribution,POWERGRID,Power Grid Corporation of India Limited [POWERGRID],,MoP,Energy,False,False,Mega,1842.25,2026-07,2026-04,5,,,False
612140,Transmission Scheme for Integration of Renewable Energy Zone [Phase II] in Koppal II [Phase A&B] and gadag II[Phase A] in Karnataka [POWERGRID KOPPAL GADAG TRANSMISSION LIMITED],Power Grid Corporation of India Limited [POWERGRID],N18000385,5495,color,Karnataka,Karnataka,2023-12-01,2023-12-01,2025-12-01,2026-09-01,4445.0,,True,4178.3,97.13,2026-08,Table 6,66,203,Ministry of Power,Transmission & Distribution,POWERGRID,Power Grid Corporation of India Limited [POWERGRID],,MoP,Energy,False,False,Mega,4445.0,2026-07,2026-04,5,,,False
616672,System Strengthening at Koppal-II and GadagII for integration of RE generation projects [SPV Name POWERGRID Koppal Gadag Augmentation Transmission Limited],Power Grid Corporation of India Limited [POWERGRID],N18000409,7054,color,Karnataka,Karnataka,2025-01-01,2025-01-01,2027-06-01,,1354.0,,True,365.58,45.27,2026-08,Table 6,66,204,Ministry of Power,Transmission & Distribution,POWERGRID,Power Grid Corporation of India Limited [POWERGRID],,MoP,Energy,False,False,Mega,1354.0,2026-07,2026-04,5,,,False
617068,"Augmentation of Transformation Capacity by 3x500 MVA, 400/220 KV ICTS [6th-8th] and 1x1500 MVA, 765/400 KV ICT [4th] at Bidar PS [SPV Name- POWERGRID Bidar Augmentation Transmission Limited]",Power Grid Corporation of India Limited [POWERGRID],N18000410,,color,Karnataka,Karnataka,2025-02-01,2025-02-01,2027-06-01,,288.0,,True,43.2,29.25,2026-08,Table 6,66,205,Ministry of Power,Transmission & Distribution,POWERGRID,Power Grid Corporation of India Limited [POWERGRID],,MoP,Energy,False,False,Major,288.0,2026-07,2026-04,5,,,False
617184,Transmission Scheme for integration of Davanagere/ Chitradurga and Bellary REZ in Karnataka [POWERGRID Chitradurga Bellary REZ Transmission Limited],Power Grid Corporation of India Limited [POWERGRID],N18000419,7489,color,Karnataka,Karnataka,2025-03-01,2025-03-01,2027-09-01,,3453.0,,True,690.6,25.17,2026-08,Table 6,66,206,Ministry of Power,Transmission & Distribution,POWERGRID,Power Grid Corporation of India Limited [POWERGRID],,MoP,Energy,False,False,Mega,3453.0,2026-07,2026-04,5,,,False
617803,Transmission System Strengthening at Davanagere for Integration of RE Generation [SPV Name - POWERGRID Davanagere Power Transmission Limited],Power Grid Corporation of India Limited [POWERGRID],,,color,Karnataka,Karnataka,2025-09-01,2025-09-01,2027-09-01,,379.0,,True,17.06,2.5,2026-08,Table 6,66,207,Ministry of Power,Transmission & Distribution,POWERGRID,Power Grid Corporation of India Limited [POWERGRID],,MoP,Energy,False,False,Major,379.0,2026-07,2026-04,5,,,False
619228,Transmission System Strengthening for integration of additional RE Potential at Davanagere [0.25 GW] and Bellary [2.75 GW],Power Grid Corporation of India Limited [POWERGRID],,11953,color,Karnataka,Karnataka,2026-02-01,2026-02-01,2028-02-01,,1111.0,,True,44.44,1.0,2026-08,Table 6,66,208,Ministry of Power,Transmission & Distribution,POWERGRID,Power Grid Corporation of India Limited [POWERGRID],,MoP,Energy,False,False,Mega,1111.0,2026-07,2026-04,5,2026-04,,False
994914,Transmission system strengthening at Tumkur-II for integration of additional RE potential (2.7 GW),Power Grid Corporation of India Limited [POWERGRID],,,color,Karnataka,Karnataka,2026-05-01,2026-05-01,2029-05-01,,1221.0,,True,24.42,1.0,2026-08,Table 6,66,209,Ministry of Power,Transmission & Distribution,POWERGRID,Power Grid Corporation of India Limited [POWERGRID],,MoP,Energy,False,False,Mega,,,2026-08,1,2026-08,,False
619028,Augmentation of 1x500 MVA 400/220kV ICT [3rd] at Thrissur VSC HVDC Station in Kerala,Power Grid Corporation of India Limited [POWERGRID],,,color,Kerala,Kerala,2025-08-01,2025-08-01,2027-08-01,2027-12-01,173.14,,True,2.08,1.5,2026-08,Table 6,66,210,Ministry of Power,Transmission & Distribution,POWERGRID,Power Grid Corporation of India Limited [POWERGRID],,MoP,Energy,False,False,Major,173.14,2026-07,2026-04,5,,,False
615344,Transmission System for Evacuation of Power from Rajasthan REZ Ph-IV [Part-2 5.5GW] [Jaisalmer/Barmer Complex] Part H1 [POWERGRID KURAWAR TRANSMISSION LIMITED],Power Grid Corporation of India Limited [POWERGRID],N18000399,6260,color,Madhya Pradesh,Madhya Pradesh,2024-10-01,2024-10-01,2026-10-01,2027-06-01,3674.0,,True,1726.78,60.34,2026-08,Table 6,67,211,Ministry of Power,Transmission & Distribution,POWERGRID,Power Grid Corporation of India Limited [POWERGRID],,MoP,Energy,False,False,Mega,3674.0,2026-07,2026-04,5,,,False
615346,Transmission System for Evacuation of Power from Rajasthan REZ Ph-IV [Part-2 5.5 GW] [Jaisalmer/Barmer Complex] Part C [SPV Name POWERGRID Mandsaur Transmission Limited],Power Grid Corporation of India Limited [POWERGRID],N18000392,6262,color,Madhya Pradesh,Madhya Pradesh,2024-08-01,2024-08-01,2026-08-01,2027-02-01,2708.0,,True,1760.2,74.28,2026-08,Table 6,67,212,Ministry of Power,Transmission & Distribution,POWERGRID,Power Grid Corporation of India Limited [POWERGRID],,MoP,Energy,False,False,Mega,2708.0,2026-07,2026-04,5,,,False
617272,Implementation of LILO of both circuits of 400KV vindhyachal PS-Sasan D/C Line at Hindalco Switchyard,Power Grid Corporation of India Limited [POWERGRID],N18000420,,color,Madhya Pradesh,Madhya Pradesh,2024-06-01,2024-06-01,2026-12-01,,370.0,,True,162.81,57.62,2026-08,Table 6,67,213,Ministry of Power,Transmission & Distribution,POWERGRID,Power Grid Corporation of India Limited [POWERGRID],,MoP,Energy,False,False,Major,370.0,2026-07,2026-04,5,,,False
617279,Transmission System for evacuation of power from Mahan Energen Limited Generating Station in Madhya Pradesh [SPV Name - POWERGRID MEL Power Transmission Limited],Power Grid Corporation of India Limited [POWERGRID],,7643,color,Madhya Pradesh,Madhya Pradesh,2025-06-01,2025-06-01,2027-12-01,,558.0,,True,184.14,19.32,2026-08,Table 6,67,214,Ministry of Power,Transmission & Distribution,POWERGRID,Power Grid Corporation of India Limited [POWERGRID],,MoP,Energy,False,False,Major,558.0,2026-07,2026-04,5,,,False
617802,Augmentation of Transformation Capacity and Implementation of Line Bays at Mandsaur S/S for RE Interconnection [SPV Name- POWERGRID Mandsaur I RE Transmission Limited],Power Grid Corporation of India Limited [POWERGRID],,,color,Madhya Pradesh,Madhya Pradesh,2025-10-01,2025-10-01,2028-03-01,,319.0,,True,17.92,6.0,2026-08,Table 6,67,215,Ministry of Power,Transmission & Distribution,POWERGRID,Power Grid Corporation of India Limited [POWERGRID],,MoP,Energy,False,False,Major,319.0,2026-07,2026-04,5,,,False
619024,Mahan Transmission Limited,Adani Transmission Limited,,11556,color,Madhya Pradesh,Madhya Pradesh,2025-03-01,2025-03-01,2027-04-01,,3125.32,,True,734.79,45.0,2026-08,Table 6,67,216,Ministry of Power,Transmission & Distribution,adani transmission limited,Adani Transmission Limited,,MoP,Energy,False,False,Mega,3125.32,2026-07,2026-04,5,,,False
619027,WRNES Talegaon Power Transmission Limited,Adani Transmission Limited,,11611,color,Maharashtra,Maharashtra,2025-05-01,2025-05-01,2028-01-01,,2000.0,,True,29.0,6.0,2026-08,Table 6,67,217,Ministry of Power,Transmission & Distribution,adani transmission limited,Adani Transmission Limited,,MoP,Energy,False,False,Mega,2000.0,2026-07,2026-04,5,,,False
619227,Network Expansion Scheme in Maharashtra for removal of Transmission constraints in Pune Region-I [765/400kV AIS Pune East],Power Grid Corporation of India Limited [POWERGRID],,11952,color,Maharashtra,Maharashtra,2026-03-01,2026-03-01,2028-03-01,,1420.0,,True,63.61,4.32,2026-08,Table 6,67,218,Ministry of Power,Transmission & Distribution,POWERGRID,Power Grid Corporation of India Limited [POWERGRID],,MoP,Energy,False,False,Mega,1420.0,2026-07,2026-04,5,2026-04,,False
617185,Transmission System for Integration of Kurnool-IV REZ Phase-I [for 4.5 GW] [POWERGRID Kurnool-IV Transmission Limited],Power Grid Corporation of India Limited [POWERGRID],N18000413,7490,color,Multi-States,Andhra Pradesh; Karnataka,2025-03-01,2025-03-01,2027-03-01,2027-09-01,5550.0,,True,1963.0,34.5,2026-08,Table 6,67,219,Ministry of Power,Transmission & Distribution,POWERGRID,Power Grid Corporation of India Limited [POWERGRID],,MoP,Energy,False,False,Mega,5550.0,2026-07,2026-04,5,,,False
617806,Transmission System for Integration of Ananthapur 2 REZ Phase 1 for 4.5 GW. SPV Name Anantapuram 2 REZ Transmission Ltd,Sterlite Power,,9970,color,Multi-States,Andhra Pradesh; Karnataka,2024-08-01,2025-03-01,2027-03-01,,4535.99,,True,1785.57,70.0,2026-08,Table 6,67,220,Ministry of Power,Transmission & Distribution,sterlite power,Sterlite Power,,MoP,Energy,False,False,Mega,4535.99,2026-07,2026-04,5,,,False
619030,Inter-Regional Strengthening between SR Grid and ER Grid,Power Grid Corporation of India Limited [POWERGRID],,11590,color,Multi-States,Andhra Pradesh; Odisha,2026-02-01,2026-02-01,2028-08-01,,2722.5,,True,198.74,3.0,2026-08,Table 6,67,221,Ministry of Power,Transmission & Distribution,POWERGRID,Power Grid Corporation of India Limited [POWERGRID],,MoP,Energy,False,False,Mega,2722.5,2026-07,2026-04,5,,,False
602223,Comprehensive Scheme for Strengthening of Transmission and Distribution [T&D] Systems [CSST&DS] in Arunachal Pradesh and Sikkim,Power Grid Corporation of India Limited [POWERGRID],N18000249,1648,color,Multi-States,Arunachal Pradesh; Sikkim,2014-10-01,2014-10-01,2018-12-01,2027-03-01,4754.42,,True,8173.48,84.0,2026-08,Table 6,67,222,Ministry of Power,Transmission & Distribution,POWERGRID,Power Grid Corporation of India Limited [POWERGRID],,MoP,Energy,True,True,Mega,9129.32,2026-07,2026-04,5,,,False
607709,NORTH EASTERN REGION POWER SYSTEM IMPROVEMENT PROJECT [NERPSIP],Power Grid Corporation of India Limited [POWERGRID],N18000250,1625,color,Multi-States,Assam; Manipur; Meghalaya; Mizoram; Nagaland; Tripura,2014-12-01,2016-03-01,2018-12-01,2027-03-01,5111.33,,True,5577.75,99.2,2026-08,Table 6,67,223,Ministry of Power,Transmission & Distribution,POWERGRID,Power Grid Corporation of India Limited [POWERGRID],,MoP,Energy,True,True,Mega,6700.0,2026-07,2026-04,5,,,False
617271,Eastern Region Expansion Scheme-43 [ERES-43],Power Grid Corporation of India Limited [POWERGRID],N18000421,,color,Multi-States,Bihar; Odisha; West Bengal,2024-09-01,2024-09-01,2026-03-01,2026-09-01,342.69,,True,150.92,29.75,2026-08,Table 6,67,224,Ministry of Power,Transmission & Distribution,POWERGRID,Power Grid Corporation of India Limited [POWERGRID],,MoP,Energy,False,False,Major,342.69,2026-07,2026-04,5,,,False
617807,Inter-regional [NR-WR] Transmission System strengthening to relieve the loading of 765 kV Vindhyachal-Varanasi D/c line,Power Grid Corporation of India Limited [POWERGRID],,10787,color,Multi-States,Bihar; Uttar Pradesh,2025-10-01,2025-10-01,2027-10-01,,2368.0,,True,165.76,8.06,2026-08,Table 6,67,225,Ministry of Power,Transmission & Distribution,POWERGRID,Power Grid Corporation of India Limited [POWERGRID],,MoP,Energy,False,False,Mega,2368.0,2026-07,2026-04,5,,,False
617270,Eastern Region Expansion Scheme-44 [ERES-44],Power Grid Corporation of India Limited [POWERGRID],N18000422,,color,Multi-States,Bihar; West Bengal,2024-11-01,2024-11-01,2026-05-01,2027-09-01,408.94,,True,6.13,1.5,2026-08,Table 6,67,226,Ministry of Power,Transmission & Distribution,POWERGRID,Power Grid Corporation of India Limited [POWERGRID],,MoP,Energy,False,False,Major,408.94,2026-07,2026-04,5,,,False
663560,WR ER Inter Regional Network Expansion Scheme Part A – –,Power Grid Corporation of India Limited [POWERGRID],,,color,Multi-States,Chhattisgarh; Jharkhand; West Bengal,2026-06-01,2026-06-01,2029-06-01,,6444.0,,True,12.88,0.1,2026-08,Table 6,67,227,Ministry of Power,Transmission & Distribution,POWERGRID,Power Grid Corporation of India Limited [POWERGRID],,MoP,Energy,False,False,Mega,,,2026-08,1,2026-08,,False
612132,Transmission Scheme for Evacuation of power from REZ in Rajasthan [20 GW] under Phase-III Part D Phase I [Sikar Khetri Transmission Ltd],Power Grid Corporation of India Limited [POWERGRID],N18000389,5489,color,Multi-States,Delhi; Haryana; Rajasthan,2024-02-01,2024-02-01,2025-08-01,2027-03-01,2423.0,,True,2253.39,94.0,2026-08,Table 6,67,228,Ministry of Power,Transmission & Distribution,POWERGRID,Power Grid Corporation of India Limited [POWERGRID],,MoP,Energy,False,False,Mega,2423.0,2026-07,2026-04,5,,,False
611735,Transmission system for evacuation of power from REZ in Rajasthan 20GW under Phase-III Part J,Power Grid Corporation of India Limited [POWERGRID],N18000378,,color,Multi-States,Delhi; Rajasthan,2022-12-01,2022-12-01,2025-03-01,2026-12-01,331.0,,True,248.25,73.6,2026-08,Table 6,67,229,Ministry of Power,Transmission & Distribution,POWERGRID,Power Grid Corporation of India Limited [POWERGRID],,MoP,Energy,False,False,Major,331.0,2026-07,2026-04,5,,,False
615347,TRANSMISSION SYSTEM FOR EVACUATION OF POWER FROM POTENTIAL RENEWABLE ENERGY ZONE IN KHAVDA AREA OF GUJARAT UNDER PHASE-V [8 GW] PART A [SPV Name POWERGRID West Central Transmission Limited],Power Grid Corporation of India Limited [POWERGRID],N18000405,6263,color,Multi-States,Gujarat; Maharashtra,2024-11-01,2024-11-01,2029-05-01,,24819.0,,True,3166.9,19.57,2026-08,Table 6,68,230,Ministry of Power,Transmission & Distribution,POWERGRID,Power Grid Corporation of India Limited [POWERGRID],,MoP,Energy,False,False,Mega,24819.0,2026-07,2026-04,5,,,False
615339,Transmission system for evacuation of power from Rajasthan REZ Ph-IV [Part- 3/6GW] [Bikaner complex] Part A [SPV Name POWERGRID Bikaner IV Transmission Limited],Power Grid Corporation of India Limited [POWERGRID],N18000403,6257,color,Multi-States,Haryana; Punjab; Rajasthan,2024-11-01,2024-11-01,2026-11-01,2027-04-01,5969.0,,True,2268.22,38.0,2026-08,Table 6,68,231,Ministry of Power,Transmission & Distribution,POWERGRID,Power Grid Corporation of India Limited [POWERGRID],,MoP,Energy,False,False,Mega,5969.0,2026-07,2026-04,5,,,False
615340,TRANSMISSION SYSTEM FOR EVACUATION OF POWER FROM RAJASTHAN REZ PH-IV [PART-3/ 6 GW] [BIKANER COMPLEX] PART B [SPV Name POWERGRID Siwani Transmission Limited],Power Grid Corporation of India Limited [POWERGRID],N18000404,6258,color,Multi-States,Haryana; Rajasthan,2024-11-01,2024-11-01,2026-11-01,2027-03-01,5357.0,,True,2035.66,40.0,2026-08,Table 6,68,232,Ministry of Power,Transmission & Distribution,POWERGRID,Power Grid Corporation of India Limited [POWERGRID],,MoP,Energy,False,False,Mega,5357.0,2026-07,2026-04,5,,,False
617808,Inter-Regional Strengthening between SR Grid and WR Grid,Power Grid Corporation of India Limited [POWERGRID],,10788,color,Multi-States,Karnataka; Maharashtra,2025-10-01,2025-10-01,2027-10-01,,1007.0,,True,60.42,3.0,2026-08,Table 6,68,233,Ministry of Power,Transmission & Distribution,POWERGRID,Power Grid Corporation of India Limited [POWERGRID],,MoP,Energy,False,False,Mega,1007.0,2026-07,2026-04,5,,,False
612138,"Transmission Scheme for Solar Energy Zone in Bidar [2500 MW], Karnataka [Bidar Transmission Ltd]",Power Grid Corporation of India Limited [POWERGRID],N18000388,5500,color,Multi-States,Karnataka; Telangana,2024-02-01,2024-02-01,2026-02-01,2026-08-01,1368.0,,True,1299.6,98.44,2026-08,Table 6,68,234,Ministry of Power,Transmission & Distribution,POWERGRID,Power Grid Corporation of India Limited [POWERGRID],,MoP,Energy,False,False,Mega,1368.0,2026-07,2026-04,5,,,False
615333,Transmission System for Evacuation of Power from Rajasthan REZ Ph-IV [Part-2 5.5 GW] [Jaisalmer/Barmer Complex] Part D [SPV Name POWERGRID Beawar Mandsaur Transmission Limited],Power Grid Corporation of India Limited [POWERGRID],N18000393,6252,color,Multi-States,Madhya Pradesh; Rajasthan,2024-08-01,2024-08-01,2026-08-01,2026-12-01,2227.0,,True,1158.04,54.24,2026-08,Table 6,68,235,Ministry of Power,Transmission & Distribution,POWERGRID,Power Grid Corporation of India Limited [POWERGRID],,MoP,Energy,False,False,Mega,2227.0,2026-07,2026-04,5,,,False
615334,Transmission System for Evacuation of Power from Rajasthan REZ Ph-IV [Part-2 5.5 GW] [Jaisalmer/Barmer Complex] Part E [SPV Name POWERGRID Mewar Transmission Limited],Power Grid Corporation of India Limited [POWERGRID],N18000394,6253,color,Multi-States,Madhya Pradesh; Rajasthan,2024-08-01,2024-08-01,2026-08-01,2027-04-01,3251.0,,True,2048.13,48.23,2026-08,Table 6,68,236,Ministry of Power,Transmission & Distribution,POWERGRID,Power Grid Corporation of India Limited [POWERGRID],,MoP,Energy,False,False,Mega,3251.0,2026-07,2026-04,5,,,False
617186,Rajasthan REZ Ph-V [Part-1- 4 GW] [Sirohi/Nagaur] Complex [POWERGRID Sirohi Khandwa Transmission Limited],Power Grid Corporation of India Limited [POWERGRID],N18000414,7491,color,Multi-States,Madhya Pradesh; Rajasthan,2025-03-01,2025-03-01,2027-03-01,2027-06-01,5028.0,,True,1608.96,38.76,2026-08,Table 6,68,237,Ministry of Power,Transmission & Distribution,POWERGRID,Power Grid Corporation of India Limited [POWERGRID],,MoP,Energy,False,False,Mega,5028.0,2026-07,2026-04,5,,,False
619025,RAJASTHAN PART I POWER TRANSMISSION LIMITED,Adani Transmission Limited,,11607,color,Multi-States,Madhya Pradesh; Rajasthan; Uttar Pradesh,2025-01-01,2025-01-01,2029-07-01,,25000.0,,True,805.05,12.0,2026-08,Table 6,68,238,Ministry of Power,Transmission & Distribution,adani transmission limited,Adani Transmission Limited,,MoP,Energy,False,False,Mega,25000.0,2026-07,2026-04,5,,,False
612133,Transmission System for Evacuation of power from Rajasthan REZ Ph-IV [Part-1] [Bikaner Complex] Part D [Neemrana Bareilly Transmission Ltd],Power Grid Corporation of India Limited [POWERGRID],N18000387,5490,color,Multi-States,Rajasthan; Uttar Pradesh,2023-12-01,2023-12-01,2025-12-01,2027-04-01,3271.0,,True,2747.65,73.61,2026-08,Table 6,68,239,Ministry of Power,Transmission & Distribution,POWERGRID,Power Grid Corporation of India Limited [POWERGRID],,MoP,Energy,False,False,Mega,3271.0,2026-07,2026-04,5,,,False
616670,Transmission System for evacuation of Power from Rajasthan REZ Ph-IV [Part-4 3.5 GW] Part A [SPV name POWERGRID Ghiror Transmission Limited],Power Grid Corporation of India Limited [POWERGRID],N18000407,7052,color,Multi-States,Rajasthan; Uttar Pradesh,2024-12-01,2024-12-01,2026-12-01,2027-06-01,5846.0,,True,2074.73,44.31,2026-08,Table 6,68,240,Ministry of Power,Transmission & Distribution,POWERGRID,Power Grid Corporation of India Limited [POWERGRID],,MoP,Energy,False,False,Mega,5846.0,2026-07,2026-04,5,,,False
611949,Transmission system for evacuation of power from REZ in Rajasthan 20 GW under Phase-III part C1,Power Grid Corporation of India Limited [POWERGRID],N18000375,5435,color,Rajasthan,Rajasthan,2023-10-01,2023-10-01,2025-04-01,2026-08-01,1160.0,,True,1154.2,99.93,2026-08,Table 6,68,241,Ministry of Power,Transmission & Distribution,POWERGRID,Power Grid Corporation of India Limited [POWERGRID],,MoP,Energy,False,False,Mega,1160.0,2026-07,2026-04,5,,,False
612134,Transmission System for Evacuation of power from Rajasthan REZ Ph-IV [Part-1] [Bikaner Complex] Part A [Bikaner Neemrana Transmission Ltd],Power Grid Corporation of India Limited [POWERGRID],N18000386,5491,color,Rajasthan,Rajasthan,2023-12-01,2023-12-01,2025-12-01,2027-04-01,4741.0,,True,3887.62,79.99,2026-08,Table 6,68,242,Ministry of Power,Transmission & Distribution,POWERGRID,Power Grid Corporation of India Limited [POWERGRID],,MoP,Energy,False,False,Mega,4741.0,2026-07,2026-04,5,,,False
615332,Transmission System for Evacuation of Power from Rajasthan REZ Ph-IV [Part-2 5.5 GW][Jaisalmer/Barmer Complex] Part B [SPV Name POWERGRID Sirohi Transmission Limited],Power Grid Corporation of India Limited [POWERGRID],N18000391,6251,color,Rajasthan,Rajasthan,2024-08-01,2024-08-01,2026-08-01,2027-03-01,3279.0,,True,1977.89,62.14,2026-08,Table 6,68,243,Ministry of Power,Transmission & Distribution,POWERGRID,Power Grid Corporation of India Limited [POWERGRID],,MoP,Energy,False,False,Mega,3279.0,2026-07,2026-04,5,,,False
615335,Transmission System Strengthening for Interconnections of Bhadla-III & Bikaner III Complex [SPV Name POWERGRID BHADLA BIKANER TRANSMISSION LIMITED],Power Grid Corporation of India Limited [POWERGRID],N18000397,6254,color,Rajasthan,Rajasthan,2024-08-01,2024-08-01,2026-08-01,2027-03-01,1382.0,,True,695.69,62.3,2026-08,Table 6,68,244,Ministry of Power,Transmission & Distribution,POWERGRID,Power Grid Corporation of India Limited [POWERGRID],,MoP,Energy,False,False,Mega,1382.0,2026-07,2026-04,5,,,False
615337,Additional Transmission System for evacuation of Power from Bhadla-III PS as part of Rajasthan REZ Phase III Scheme [20 GW] [SPV Name POWERGRID Bhadla-III Power Transmission Limited],Power Grid Corporation of India Limited [POWERGRID],N18000396,,color,Rajasthan,Rajasthan,2024-08-01,2024-08-01,2026-02-01,2026-09-01,369.0,,True,302.58,92.95,2026-08,Table 6,68,245,Ministry of Power,Transmission & Distribution,POWERGRID,Power Grid Corporation of India Limited [POWERGRID],,MoP,Energy,False,False,Major,369.0,2026-07,2026-04,5,,,False
615338,TRANSMISSION SYSTEM FOR EVACUATION OF POWER FROM RAJASTHAN REZ PH -IV [PART-2 5.5 GW] [JAISALMER/BARMER COMPLEX] PART F [SPV Name POWERGRID BARMER I TRANSMISSION LIMITED],Power Grid Corporation of India Limited [POWERGRID],N18000401,6256,color,Rajasthan,Rajasthan,2024-11-01,2024-11-01,2026-11-01,2027-06-01,2735.0,,True,1203.4,50.13,2026-08,Table 6,68,246,Ministry of Power,Transmission & Distribution,POWERGRID,Power Grid Corporation of India Limited [POWERGRID],,MoP,Energy,False,False,Mega,2735.0,2026-07,2026-04,5,,,False
617181,"Augmentation at Fatehgarh-II PS, Fatehgarh-IV PS [Section-II] and Barmer-I PS [POWERGRID Fatehgarh Barmer Augmentation Transmission Limited]",Power Grid Corporation of India Limited [POWERGRID],N18000415,,color,Rajasthan,Rajasthan,2025-03-01,2025-03-01,2026-12-01,2027-06-01,404.0,,True,40.4,18.4,2026-08,Table 6,69,247,Ministry of Power,Transmission & Distribution,POWERGRID,Power Grid Corporation of India Limited [POWERGRID],,MoP,Energy,False,False,Major,404.0,2026-07,2026-04,5,,,False
496150,Upgradation / Conversion of Udumalpet - Madurai 400kV S/c Iine to Udumalpet - Madurai 400kV (quad) D/c line,Power Grid Corporation of India Limited [POWERGRID],,,color,Tamil Nadu,Tamil Nadu,2026-02-01,2026-06-01,2028-08-01,,772.65,,True,0.0,0.5,2026-08,Table 6,69,248,Ministry of Power,Transmission & Distribution,POWERGRID,Power Grid Corporation of India Limited [POWERGRID],,MoP,Energy,False,False,Major,,,2026-08,1,2026-08,,False
616671,Transmission System under ISTS for evacuation of Power from Kudankulam Unit-3&4 [2x1000 MW] [SPV Name POWERGRID Kudankulam Tarnsmission Limited],Power Grid Corporation of India Limited [POWERGRID],N18000408,7053,color,Tamil Nadu,Tamil Nadu,2025-01-01,2025-01-01,2026-12-01,2027-03-01,548.0,,True,219.2,28.63,2026-08,Table 6,69,249,Ministry of Power,Transmission & Distribution,POWERGRID,Power Grid Corporation of India Limited [POWERGRID],,MoP,Energy,False,False,Major,548.0,2026-07,2026-04,5,,,False
617269,Transmission System for Strengthening to facilitate evacuation of power from Bhadla/Bikaner Complex,Power Grid Corporation of India Limited [POWERGRID],N18000423,,color,Uttar Pradesh,Uttar Pradesh,2024-12-01,2024-12-01,2026-06-01,2026-12-01,212.81,,True,21.28,14.7,2026-08,Table 6,69,250,Ministry of Power,Transmission & Distribution,POWERGRID,Power Grid Corporation of India Limited [POWERGRID],,MoP,Energy,False,False,Major,212.81,2026-07,2026-04,5,,,False
617412,"Construction of One Tower of Office Complex and another Tower of Residential quarters i/c internal water supply, sanitary installation and all development and bulk services, Horticulture works on EPC Mode-I basis i/c comprehensive operation and maintenance of Civil, E&M services for 7 years after completion of original construction work for Ranga Reddy, Secunderabad, Medchal, AuditI, Audit-II Commissionerates of Central Tax at Khajaguda, Serilingampally, Hyderabad.",Central Public Works Department - CPWD,,9743,color,Telangana,Telangana,2024-03-01,2024-11-01,2027-09-01,,644.0,,True,206.31,29.0,2026-08,Table 6,69,251,Ministry of Housing & Urban Affairs,Construction,central public works department cpwd,Central Public Works Department - CPWD,,MoHUA,Others,False,False,Major,644.0,2026-07,2026-04,5,,,False
707229,"Integrated Command control Center [ICCC] - Construction and Development of Integrated Command Control Center with Security, Surveillance, ITMS, Connecting Port, Ship Service, Smart Solid Waste Management, Smart Public Transport System",ministry of housing and urban affairs,,,color,Andaman & Nicobar Islands,Andaman & Nicobar Islands,2021-07-01,2021-11-01,2023-05-01,2025-10-01,209.88,,True,37.35,97.0,2026-08,Table 6,69,252,Ministry of Housing & Urban Affairs,Real Estate,ministry of housing and urban affairs,Ministry of Housing & Urban Affairs,,MoHUA,Social & Commercial,False,False,Major,230.0,2026-07,2026-04,5,,,False
400188,Redevelopment of Seven General Pool Residential Accommodation [GPRA] Colonies in Delhi,National Buildings Construction Corporation [NBCC],,2914,color,Delhi,Delhi,2016-07-01,2018-05-01,2025-12-01,2025-12-01,32850.0,,True,14370.45,46.7,2026-08,Table 6,69,253,Ministry of Housing & Urban Affairs,Real Estate,NBCC,National Buildings Construction Corporation [NBCC],,MoHUA,Social & Commercial,False,False,Mega,32841.0,2026-07,2026-04,5,,,False
701719,Rehablitation in Junavadaj Area Smart City Project,ministry of housing and urban affairs,,,color,Gujarat,Gujarat,2016-02-01,2016-06-01,2022-07-01,2026-07-01,539.0,,True,623.44,98.5,2026-08,Table 6,69,254,Ministry of Housing & Urban Affairs,Real Estate,ministry of housing and urban affairs,Ministry of Housing & Urban Affairs,,MoHUA,Social & Commercial,False,False,Major,539.0,2026-07,2026-04,5,,,False
701766,Green Building Development Project,ministry of housing and urban affairs,,,color,Uttarakhand,Uttarakhand,2019-11-01,2019-08-01,2023-11-01,2026-12-01,150.97,,True,62.73,40.32,2026-08,Table 6,69,255,Ministry of Housing & Urban Affairs,Real Estate,ministry of housing and urban affairs,Ministry of Housing & Urban Affairs,,MoHUA,Social & Commercial,False,False,Major,206.0,2026-07,2026-04,5,,,False
702627,Patna Metro Rail Project,Patna Metro Rail Corporation Ltd. [PMRCL],N28000148,3114,color,Bihar,Bihar,2019-02-01,2019-02-01,2024-02-01,2027-06-01,13365.77,,True,5198.09,50.05,2026-08,Table 6,69,256,Ministry of Housing & Urban Affairs,Urban Public Transport,PMRCL,Patna Metro Rail Corporation Ltd. [PMRCL],,MoHUA,Transport & Logistics,False,False,Mega,13365.77,2026-07,2026-04,5,,,False
617207,Delhi Metro Rail Phase-IV [2 Corridors],Delhi Metro Rail Corporation Limited [DMRC],,7531,color,Delhi,Delhi,2024-03-01,2024-03-01,2029-03-01,,8399.81,,True,228.48,4.57,2026-08,Table 6,69,257,Ministry of Housing & Urban Affairs,Urban Public Transport,DMRC,Delhi Metro Rail Corporation Limited [DMRC],,MoHUA,Transport & Logistics,False,False,Mega,8399.81,2026-07,2026-04,5,,,False
619031,Delhi Metro Rail Phase V A,Delhi Metro Rail Corporation Limited [DMRC],,11591,color,Delhi,Delhi,2026-01-01,2026-01-01,2028-12-01,,12014.91,,True,296.94,6.37,2026-08,Table 6,69,258,Ministry of Housing & Urban Affairs,Urban Public Transport,DMRC,Delhi Metro Rail Corporation Limited [DMRC],,MoHUA,Transport & Logistics,False,False,Mega,12014.91,2026-07,2026-04,5,,,False
702632,DMRTS Phase - IV [3 Priority Corridors],Delhi Metro Rail Corporation Limited [DMRC],N28000135,3115,color,Delhi,Delhi,2019-07-01,2019-07-01,2025-03-01,2026-12-01,24948.65,,True,21685.59,84.28,2026-08,Table 6,69,259,Ministry of Housing & Urban Affairs,Urban Public Transport,DMRC,Delhi Metro Rail Corporation Limited [DMRC],,MoHUA,Transport & Logistics,False,False,Mega,24948.65,2026-07,2026-04,5,,,False
702630,Surat Metro Rail Project,Gujarat Metro Rail Corporation Limited [GMRCL],N28000138,3141,color,Gujarat,Gujarat,2019-03-01,2019-03-01,2024-03-01,2027-03-01,12020.32,,True,9535.85,82.8,2026-08,Table 6,69,260,Ministry of Housing & Urban Affairs,Urban Public Transport,GMRCL,Gujarat Metro Rail Corporation Limited [GMRCL],,MoHUA,Transport & Logistics,False,False,Mega,12020.32,2026-07,2026-04,5,,,False
619022,"Metro connectivity from Millennium City Centre to Cyber City with Spur to Dwarka Expressway, Gurugram.",Gurugram Metro Rail Limited [GMRL],,11535,color,Haryana,Haryana,2023-07-01,2024-08-01,2027-07-01,,5452.72,,True,206.1,10.43,2026-08,Table 6,69,261,Ministry of Housing & Urban Affairs,Urban Public Transport,GMRL,Gurugram Metro Rail Limited [GMRL],,MoHUA,Transport & Logistics,False,False,Mega,5452.72,2026-07,2026-04,5,,,False
612878,Bangalore Metro Rail Project - PHASE-3,Bengaluru Metro Rail,,,color,Karnataka,Karnataka,2024-09-01,2026-06-01,2031-05-01,,15611.0,,True,0.0,3.9,2026-08,Table 6,69,262,Ministry of Housing & Urban Affairs,Urban Public Transport,bengaluru metro rail,Bengaluru Metro Rail,,MoHUA,Transport & Logistics,False,False,Mega,15611.0,2026-07,2026-04,5,2026-04,,False
702635,Construction of Bangalore Metro Rail Project Phase 2.,Bengaluru Metro Rail,N28000058,2472,color,Karnataka,Karnataka,2014-02-01,2016-02-01,2021-03-01,2026-09-01,26405.14,,True,29844.97,96.0,2026-08,Table 6,69,263,Ministry of Housing & Urban Affairs,Urban Public Transport,bengaluru metro rail,Bengaluru Metro Rail,,MoHUA,Transport & Logistics,False,False,Mega,30695.12,2026-07,2026-04,5,,,False
702665,Construction Bangalore Metro Rail Project Phase-2A & 2B,Bengaluru Metro Rail,N28000151,2476,color,Karnataka,Karnataka,2021-06-01,2019-01-01,2026-06-01,2026-06-01,14788.1,,True,11079.3,68.0,2026-08,Table 6,70,264,Ministry of Housing & Urban Affairs,Urban Public Transport,bengaluru metro rail,Bengaluru Metro Rail,,MoHUA,Transport & Logistics,False,False,Mega,14788.1,2026-07,2026-04,5,,,False
702664,Kochi Metro Rail Phase 2 Development Project,CSPCC Projects,N28000158,4736,color,Kerala,Kerala,2022-11-01,2022-11-01,2026-11-01,2026-11-01,1957.05,,True,816.8,41.2,2026-08,Table 6,70,265,Ministry of Housing & Urban Affairs,Urban Public Transport,cspcc projects,CSPCC Projects,,MoHUA,Transport & Logistics,False,False,Mega,1957.05,2026-07,2026-04,5,,,False
702625,Bhopal Metro Rail Project,Madhya Pradesh Metro Rail Co Limited [MPMRCL],N28000124,3137,color,Madhya Pradesh,Madhya Pradesh,2018-11-01,2018-11-01,2022-11-01,2028-06-01,6941.4,,True,4571.69,63.1,2026-08,Table 6,70,266,Ministry of Housing & Urban Affairs,Urban Public Transport,MPMRCL,Madhya Pradesh Metro Rail Co Limited [MPMRCL],,MoHUA,Transport & Logistics,False,False,Mega,6941.4,2026-07,2026-04,5,,,False
702626,Indore Metro Rail Project,Madhya Pradesh Metro Rail Co Limited [MPMRCL],N28000125,3138,color,Madhya Pradesh,Madhya Pradesh,2018-11-01,2018-11-01,2022-11-01,2028-12-01,7500.8,,True,5190.14,66.04,2026-08,Table 6,70,267,Ministry of Housing & Urban Affairs,Urban Public Transport,MPMRCL,Madhya Pradesh Metro Rail Co Limited [MPMRCL],,MoHUA,Transport & Logistics,False,False,Mega,7500.8,2026-07,2026-04,5,,,False
617225,PCMC To Nigdi- Extension Of North South Corridor Of Phase-1,Maharashtra Metro Rail Corporation Limited [MMRCL],N28000157,7570,color,Maharashtra,Maharashtra,2023-10-01,2023-10-01,2027-01-01,,910.18,,True,336.07,50.47,2026-08,Table 6,70,268,Ministry of Housing & Urban Affairs,Urban Public Transport,MMRCL,Maharashtra Metro Rail Corporation Limited [MMRCL],,MoHUA,Transport & Logistics,False,False,Major,960.18,2026-07,2026-04,5,,,False
617226,Pune Metro Phase-1 Extension line towards south from Swargate to Katraj,Maharashtra Metro Rail Corporation Limited [MMRCL],N28000160,7627,color,Maharashtra,Maharashtra,2024-09-01,2024-09-01,2029-03-01,,2954.53,,True,204.36,9.66,2026-08,Table 6,70,269,Ministry of Housing & Urban Affairs,Urban Public Transport,MMRCL,Maharashtra Metro Rail Corporation Limited [MMRCL],,MoHUA,Transport & Logistics,False,False,Mega,2954.53,2026-07,2026-04,5,,,False
617327,Thane Integral Ring Metro Rail Project,Maharashtra Metro Rail Corporation Limited [MMRCL],,7735,color,Maharashtra,Maharashtra,2024-09-01,2024-09-01,2029-09-01,,12200.1,,True,136.27,10.56,2026-08,Table 6,70,270,Ministry of Housing & Urban Affairs,Urban Public Transport,MMRCL,Maharashtra Metro Rail Corporation Limited [MMRCL],,MoHUA,Transport & Logistics,False,False,Mega,12200.1,2026-07,2026-04,5,,,False
618971,Pune Metro Rail Project Phase-2 Corridor 2A Vanaz to Chandani Chowk and Corridor 2B Ramwadi to Wagholi/Vitthalwadi,Maharashtra Metro Rail Corporation Limited [MMRCL],,10784,color,Maharashtra,Maharashtra,2025-07-01,2025-07-01,2029-07-01,,3626.24,,True,64.72,3.7,2026-08,Table 6,70,271,Ministry of Housing & Urban Affairs,Urban Public Transport,MMRCL,Maharashtra Metro Rail Corporation Limited [MMRCL],,MoHUA,Transport & Logistics,False,False,Mega,3626.24,2026-07,2026-04,5,,,False
618985,Pune Metro Rail Project Phase-2 Line-4 Kharadi to Khadakwasla with Spur Line 4A Nal Stop - Warje - Manikbaug,Maharashtra Metro Rail Corporation Limited [MMRCL],,10785,color,Maharashtra,Maharashtra,2025-12-01,2025-12-01,2030-12-01,,9857.85,,True,10.46,1.63,2026-08,Table 6,70,272,Ministry of Housing & Urban Affairs,Urban Public Transport,MMRCL,Maharashtra Metro Rail Corporation Limited [MMRCL],,MoHUA,Transport & Logistics,False,False,Mega,9857.85,2026-07,2026-04,5,,,False
701745,New Suburba Station Development Project,ministry of housing and urban affairs,,,color,Maharashtra,Maharashtra,2018-04-01,2019-03-01,2022-07-01,,262.76,,True,163.21,48.0,2026-08,Table 6,70,273,Ministry of Housing & Urban Affairs,Urban Public Transport,ministry of housing and urban affairs,Ministry of Housing & Urban Affairs,,MoHUA,Transport & Logistics,False,False,Major,262.76,2026-07,2026-04,5,,DQ10,False
701991,Kalyan Station Precinct Improvement Project,ministry of housing and urban affairs,,,color,Maharashtra,Maharashtra,2018-04-01,2020-07-01,2023-07-01,2026-06-01,600.0,,True,540.1,86.0,2026-08,Table 6,70,274,Ministry of Housing & Urban Affairs,Urban Public Transport,ministry of housing and urban affairs,Ministry of Housing & Urban Affairs,,MoHUA,Transport & Logistics,False,False,Major,723.7,2026-07,2026-04,5,,,False
702658,Nagpur Metro Rail Phase II Development Project,Maharashtra Metro Rail Corporation Limited [MMRCL],N28000155,5205,color,Maharashtra,Maharashtra,2022-12-01,2022-12-01,2027-12-01,,6708.0,,True,2364.49,43.3,2026-08,Table 6,70,275,Ministry of Housing & Urban Affairs,Urban Public Transport,MMRCL,Maharashtra Metro Rail Corporation Limited [MMRCL],,MoHUA,Transport & Logistics,False,False,Mega,6708.0,2026-07,2026-04,5,,,False
617206,Delhi Metro Rail Phase-IV [Rithala - Kundli Corridor],Delhi Metro Rail Corporation Limited [DMRC],,7530,color,Multi-States,Delhi; Haryana,2025-01-01,2025-01-01,2029-01-01,,6230.99,,True,818.42,6.84,2026-08,Table 6,70,276,Ministry of Housing & Urban Affairs,Urban Public Transport,DMRC,Delhi Metro Rail Corporation Limited [DMRC],,MoHUA,Transport & Logistics,False,False,Mega,6230.99,2026-07,2026-04,5,,,False
245986,Jaipur Metro Rail Project Phase 2 (Prahladpura to Todi Mod),Rajasthan Metro Rail Corporation,,,color,Rajasthan,Rajasthan,2026-04-01,2026-04-01,2031-10-01,,13037.66,,True,1.79,1.79,2026-08,Table 6,70,277,Ministry of Housing & Urban Affairs,Urban Public Transport,rajasthan metro rail corporation,Rajasthan Metro Rail Corporation,,MoHUA,Transport & Logistics,False,False,Mega,13037.66,2026-07,2026-07,2,2026-07,,False
612066,Rajasthan Metro Rail Project Phase 1C from Badi Chaupar to Transport Nagar via Galta Gate,Rajasthan Metro Rail Corporation,,,color,Rajasthan,Rajasthan,2025-10-01,2023-09-01,2027-04-01,,980.08,,True,103.03,0.0,2026-08,Table 6,70,278,Ministry of Housing & Urban Affairs,Urban Public Transport,rajasthan metro rail corporation,Rajasthan Metro Rail Corporation,,MoHUA,Transport & Logistics,False,False,Major,980.08,2026-07,2026-05,4,2026-05,,False
612068,Jaipur Metro Phase 1D Project from Mansarovar to Ajmer Road Chauraha,Rajasthan Metro Rail Corporation,,,color,Rajasthan,Rajasthan,2026-05-01,2023-12-01,2026-03-01,,204.81,,True,23.34,12.48,2026-08,Table 6,70,279,Ministry of Housing & Urban Affairs,Urban Public Transport,rajasthan metro rail corporation,Rajasthan Metro Rail Corporation,,MoHUA,Transport & Logistics,False,False,Major,204.81,2026-07,2026-05,4,2026-05,DQ08; DQ10,False
702668,Chennai Metro Rail Phase-II Development Project,Chennai Metro Rail Limited [CMRL],,4262,color,Tamil Nadu,Tamil Nadu,2024-10-01,2020-11-01,2029-08-01,,63246.0,,True,35228.0,56.53,2026-08,Table 6,70,280,Ministry of Housing & Urban Affairs,Urban Public Transport,CMRL,Chennai Metro Rail Limited [CMRL],,MoHUA,Transport & Logistics,False,False,Mega,63246.0,2026-07,2026-04,5,,,False
616221,"Extension of Aqua Line Metro Corridor from Noida Sector-142 station to Botanical Garden, Noida of Noida Metro Rail Corporation",Noida Metro Rail Corporation Ltd. [NMRCL],,7510,color,Uttar Pradesh,Uttar Pradesh,2026-03-01,2026-03-01,2030-03-01,,2254.35,,True,0.0,0.0,2026-08,Table 6,70,281,Ministry of Housing & Urban Affairs,Urban Public Transport,NMRCL,Noida Metro Rail Corporation Ltd. [NMRCL],,MoHUA,Transport & Logistics,False,False,Mega,2254.35,2026-07,2026-05,4,2026-05,,False
619052,LUCKNOW METRO RAIL PROJECT PHASE-1B EAST WEST CORRIDOR,Uttar Pradesh metro rail corporation [UPMRC],,11609,color,Uttar Pradesh,Uttar Pradesh,2025-09-01,2026-05-01,2031-04-01,,5801.05,,True,15.05,2.2,2026-08,Table 6,70,282,Ministry of Housing & Urban Affairs,Urban Public Transport,UPMRC,Uttar Pradesh metro rail corporation [UPMRC],,MoHUA,Transport & Logistics,False,False,Mega,5801.05,2026-07,2026-04,5,,,False
702628,Kanpur Metro Rail Project,Uttar Pradesh metro rail corporation [UPMRC],N28000144,3116,color,Uttar Pradesh,Uttar Pradesh,2019-05-01,2019-11-01,2024-05-01,2027-03-01,11076.48,,True,9542.15,83.8,2026-08,Table 6,70,283,Ministry of Housing & Urban Affairs,Urban Public Transport,UPMRC,Uttar Pradesh metro rail corporation [UPMRC],,MoHUA,Transport & Logistics,False,False,Mega,11076.48,2026-07,2026-04,5,,,False
702629,Agra Metro Rail Project,Uttar Pradesh metro rail corporation [UPMRC],N28000145,3117,color,Uttar Pradesh,Uttar Pradesh,2019-05-01,2020-12-01,2024-05-01,2027-06-01,8379.62,,True,6458.78,73.8,2026-08,Table 6,70,284,Ministry of Housing & Urban Affairs,Urban Public Transport,UPMRC,Uttar Pradesh metro rail corporation [UPMRC],,MoHUA,Transport & Logistics,False,False,Mega,8379.62,2026-07,2026-04,5,,,False
702674,"ESR - 8 nos., distribution system - 216 Km, new house service connections - 38760 nos. upgrading of feeder mains, pumping station etc. - Phase II",Ministry of Housing & Urban Affairs,,,color,Andhra Pradesh,Andhra Pradesh,2017-02-01,2018-07-01,2023-03-01,2026-08-01,172.22,,True,88.86,82.0,2026-08,Table 6,71,285,Ministry of Housing & Urban Affairs,Waste & Water,ministry of housing and urban affairs,Ministry of Housing & Urban Affairs,,MoHUA,Water & Sanitation,False,False,Major,172.22,2026-07,2026-04,5,,,False
702699,Muzaffarpur Storm Water Drainage Phase-I Project,Ministry of Housing & Urban Affairs,,,color,Bihar,Bihar,2016-11-01,2019-02-01,2023-10-01,2026-06-01,158.78,,True,135.72,85.0,2026-08,Table 6,71,286,Ministry of Housing & Urban Affairs,Waste & Water,ministry of housing and urban affairs,Ministry of Housing & Urban Affairs,,MoHUA,Water & Sanitation,False,False,Major,158.78,2026-07,2026-04,5,,,False
702734,Sewerage Management Scheme Part-3 Implementation,Ministry of Housing & Urban Affairs,,,color,Haryana,Haryana,2017-03-01,2017-11-01,2023-09-01,2026-09-01,278.01,,True,228.49,88.0,2026-08,Table 6,71,287,Ministry of Housing & Urban Affairs,Waste & Water,ministry of housing and urban affairs,Ministry of Housing & Urban Affairs,,MoHUA,Water & Sanitation,False,False,Major,278.01,2026-07,2026-04,5,,,False
702741,Dhanbad Water Supply Infrastructure Project,Ministry of Housing & Urban Affairs,,,color,Jharkhand,Jharkhand,2017-02-01,2018-12-01,2023-03-01,2026-06-01,216.55,,True,129.16,76.0,2026-08,Table 6,71,288,Ministry of Housing & Urban Affairs,Waste & Water,ministry of housing and urban affairs,Ministry of Housing & Urban Affairs,,MoHUA,Water & Sanitation,False,False,Major,216.55,2026-07,2026-04,5,,,False
702742,SAAP-3 Water Supply Infrastructure SAAP-3 Project,Ministry of Housing & Urban Affairs,,,color,Jharkhand,Jharkhand,2017-02-01,2018-12-01,2023-10-01,2026-06-01,159.31,,True,87.5,67.0,2026-08,Table 6,71,289,Ministry of Housing & Urban Affairs,Waste & Water,ministry of housing and urban affairs,Ministry of Housing & Urban Affairs,,MoHUA,Water & Sanitation,False,False,Major,159.31,2026-07,2026-04,5,,,False
702746,Augmentation and Strenghthning of Urban Water Supply Phase 1 - SAAP 3,Ministry of Housing & Urban Affairs,,,color,Jharkhand,Jharkhand,2017-02-01,2018-12-01,2023-03-01,2026-06-01,278.28,,True,186.5,81.0,2026-08,Table 6,71,290,Ministry of Housing & Urban Affairs,Waste & Water,ministry of housing and urban affairs,Ministry of Housing & Urban Affairs,,MoHUA,Water & Sanitation,False,False,Major,278.28,2026-07,2026-04,5,,,False
702760,Belgavi Improvement in Sewerage System Project,Ministry of Housing & Urban Affairs,,,color,Karnataka,Karnataka,2015-12-01,2016-10-01,2023-07-01,2026-06-01,162.73,,True,79.5,80.0,2026-08,Table 6,71,291,Ministry of Housing & Urban Affairs,Waste & Water,ministry of housing and urban affairs,Ministry of Housing & Urban Affairs,,MoHUA,Water & Sanitation,False,False,Major,162.73,2026-07,2026-04,5,,,False
702793,Indore Water Supply Infrastructure Project,Ministry of Housing & Urban Affairs,,,color,Madhya Pradesh,Madhya Pradesh,2016-12-01,2017-11-01,2023-03-01,2026-06-01,287.17,,True,252.5,99.0,2026-08,Table 6,71,292,Ministry of Housing & Urban Affairs,Waste & Water,ministry of housing and urban affairs,Ministry of Housing & Urban Affairs,,MoHUA,Water & Sanitation,False,False,Major,287.17,2026-07,2026-04,5,,,False
702808,Satna Sewerage Management and Treatment Infrastructure Project,Ministry of Housing & Urban Affairs,,,color,Madhya Pradesh,Madhya Pradesh,2015-11-01,2016-12-01,2024-03-01,2026-08-01,191.56,,True,200.32,97.0,2026-08,Table 6,71,293,Ministry of Housing & Urban Affairs,Waste & Water,ministry of housing and urban affairs,Ministry of Housing & Urban Affairs,,MoHUA,Water & Sanitation,False,False,Major,215.89,2026-07,2026-04,5,,,False
702810,Singrauli Sewerage Management and Treatment Infrastructure Project,Ministry of Housing & Urban Affairs,,,color,Madhya Pradesh,Madhya Pradesh,2016-05-01,2017-11-01,2023-03-01,2026-06-01,402.01,,True,387.75,91.0,2026-08,Table 6,71,294,Ministry of Housing & Urban Affairs,Waste & Water,ministry of housing and urban affairs,Ministry of Housing & Urban Affairs,,MoHUA,Water & Sanitation,False,False,Major,438.1,2026-07,2026-04,5,,,False
702833,Kalyan-Dombivali Water Supply Infrastructure Project,Ministry of Housing & Urban Affairs,,,color,Maharashtra,Maharashtra,2016-07-01,2019-09-01,2023-10-01,2026-08-01,194.2,,True,136.56,75.0,2026-08,Table 6,71,295,Ministry of Housing & Urban Affairs,Waste & Water,ministry of housing and urban affairs,Ministry of Housing & Urban Affairs,,MoHUA,Water & Sanitation,False,False,Major,194.2,2026-07,2026-04,5,,,False
703021,Jalandhar Water Supply Infrastructure Project,Ministry of Housing & Urban Affairs,,,color,Punjab,Punjab,2016-11-01,2020-08-01,2023-08-01,2026-08-01,258.53,,True,161.02,90.0,2026-08,Table 6,71,296,Ministry of Housing & Urban Affairs,Waste & Water,ministry of housing and urban affairs,Ministry of Housing & Urban Affairs,,MoHUA,Water & Sanitation,False,False,Major,266.64,2026-07,2026-04,5,,,False
703057,Patiala Water Supply Infrastructure Part-2 Project,Ministry of Housing & Urban Affairs,,,color,Punjab,Punjab,2016-11-01,2020-08-01,2023-10-01,2026-08-01,287.0,,True,219.34,99.0,2026-08,Table 6,71,297,Ministry of Housing & Urban Affairs,Waste & Water,ministry of housing and urban affairs,Ministry of Housing & Urban Affairs,,MoHUA,Water & Sanitation,False,False,Major,287.0,2026-07,2026-04,5,,,False
702949,Jhansi Water Supply Infrastructure Phase-II Project,Ministry of Housing & Urban Affairs,,,color,Uttar Pradesh,Uttar Pradesh,2017-03-01,2019-06-01,2023-07-01,2026-08-01,561.74,,True,506.52,96.0,2026-08,Table 6,71,298,Ministry of Housing & Urban Affairs,Waste & Water,ministry of housing and urban affairs,Ministry of Housing & Urban Affairs,,MoHUA,Water & Sanitation,False,False,Major,561.74,2026-07,2026-04,5,,,False
702958,Lucknow Sewerage Management Infrastructure Project,Ministry of Housing & Urban Affairs,,,color,Uttar Pradesh,Uttar Pradesh,2016-09-01,2019-05-01,2023-03-01,2026-08-01,142.46,,True,152.65,95.0,2026-08,Table 6,71,299,Ministry of Housing & Urban Affairs,Waste & Water,ministry of housing and urban affairs,Ministry of Housing & Urban Affairs,,MoHUA,Water & Sanitation,False,False,Major,173.21,2026-07,2026-04,5,2026-04,,False
617280,"Construction of Basement + Ground Floor+ 10 Storeyed building for State of the Art Director General, GSI Building at plot No.GN-40, Sector-V, Salt Lake, Kolkata",Central Public Works Department [CPWD],N10000015,,color,West Bengal,West Bengal,2019-04-01,2020-02-01,2026-08-01,,255.37,,True,98.96,64.0,2026-08,Table 6,71,300,Ministry of Mines,Construction,CPWD,Central Public Works Department [CPWD],,MoM,Others,False,False,Major,255.37,2026-07,2026-04,5,,,False
400426,Expansion of Malanjkhand Copper Project,Hindustan Copper Limited [HCL],,160,color,Madhya Pradesh,Madhya Pradesh,2011-09-01,2015-04-01,2020-04-01,2029-03-01,1856.36,,True,1059.82,32.0,2026-08,Table 6,71,301,Ministry of Mines,Metals & Mining,HCL,Hindustan Copper Limited [HCL],,MoM,Others,False,False,Mega,3800.0,2026-07,2026-04,5,,,False
400141,Expansion of Alumina Refinery Plant with addition of 5th Stream having capacity enhancement of 1.0 Million Tonee Per Annum,National Aluminium Company Limited [NALCO],N10000010,3148,color,Odisha,Odisha,2017-04-01,2017-04-01,2022-12-01,2026-06-01,4103.0,,True,5075.89,96.03,2026-08,Table 6,71,302,Ministry of Mines,Metals & Mining,NALCO,National Aluminium Company Limited [NALCO],,MoM,Others,False,False,Mega,5677.4,2026-07,2026-04,5,,,False
400299,Pottangi Bauxite Mines Project,National Aluminium Company Limited [NALCO],N10000016,1199,color,Odisha,Odisha,2018-05-01,2018-05-01,2025-03-01,2026-11-01,1381.0,,True,770.37,52.5,2026-08,Table 6,71,303,Ministry of Mines,Metals & Mining,NALCO,National Aluminium Company Limited [NALCO],,MoM,Others,False,False,Mega,1960.77,2026-07,2026-04,5,,,False
709831,SOURCING OF BAUXITE ARRANGEMENT FOR 5TH STREAM ALUMINA REFINERY FROM SOUTH BLOCK MINING LEASE OF PANCHPATMAILI MINES,National Aluminium Company Limited [NALCO],N10000013,,color,Odisha,Odisha,2017-11-01,2019-11-01,2025-05-01,2026-06-01,483.0,,True,455.73,93.36,2026-08,Table 6,72,304,Ministry of Mines,Metals & Mining,NALCO,National Aluminium Company Limited [NALCO],,MoM,Others,False,False,Major,483.0,2026-07,2026-04,5,,,False
709832,25.5 MW WIND POWER PROJECT AT KAYATHAR IN TAMILNADU,National Aluminium Company Limited [NALCO],N10000014,,color,Tamil Nadu,Tamil Nadu,2017-09-01,2017-12-01,2025-03-01,2026-03-01,166.0,,True,135.0,70.0,2026-08,Table 6,72,305,Ministry of Mines,Metals & Mining,NALCO,National Aluminium Company Limited [NALCO],,MoM,Others,False,False,Major,166.0,2026-07,2026-04,5,,,False
613008,Construction of Permanent Campus of Central Tribal University of Andhra Pradesh Phase-1,Central Tribal University of Andhra Pradesh,,,color,Andhra Pradesh,Andhra Pradesh,2019-09-01,2023-12-01,2027-06-01,,305.0,,True,87.46,46.78,2026-08,Table 6,72,306,Department of Higher Education,Education,central tribal university of andhra pradesh,Central Tribal University of Andhra Pradesh,,DoHE,Social & Commercial,False,False,Major,305.0,2026-07,2026-04,5,,,False
612898,Construction of Permanent Campus of National Institute of Technology Arunachal Pradesh,"National Institute of Technology, Arunachal Pradesh",,5650,color,Arunachal Pradesh,Arunachal Pradesh,2009-09-01,2013-03-01,2026-08-01,2024-08-01,592.61,,True,551.3,80.0,2026-08,Table 6,72,307,Department of Higher Education,Education,national institute of technology arunachal pradesh,"National Institute of Technology, Arunachal Pradesh",,DoHE,Social & Commercial,True,True,Major,592.61,2026-07,2026-04,5,,DQ09,False
606112,Tezpur University Projects,Tezpur University,,,color,Assam,Assam,2019-05-01,2021-06-01,2023-11-01,2025-12-01,153.71,,True,798.42,97.99,2026-08,Table 6,72,308,Department of Higher Education,Education,tezpur university,Tezpur University,,DoHE,Social & Commercial,True,True,Major,153.71,2026-07,2026-04,5,,DQ02,False
606013,Additional Campus of NITPatna,NIT Patna,,,color,Bihar,Bihar,2022-07-01,2022-08-01,2024-07-01,2026-01-01,499.21,,True,449.96,99.0,2026-08,Table 6,72,309,Department of Higher Education,Education,nit patna,NIT Patna,,DoHE,Social & Commercial,False,False,Major,499.21,2026-07,2026-04,5,,,False
617877,Phase B Construction of Permanent Campus of IIT Bhilai,"Indian Institute of Technology, Bhilai",,10102,color,Chhattisgarh,Chhattisgarh,2025-05-01,2026-01-01,2028-10-01,,1188.97,,True,1.92,0.0,2026-08,Table 6,72,310,Department of Higher Education,Education,indian institute of technology bhilai,"Indian Institute of Technology, Bhilai",,DoHE,Social & Commercial,False,False,Mega,1188.97,2026-07,2026-04,5,,,False
616886,Delhi University Eastern Campus at Surajmal Vihar,Delhi University,,,color,Delhi,Delhi,2024-09-01,2025-03-01,2026-10-01,,373.0,,True,33.03,15.0,2026-08,Table 6,72,311,Department of Higher Education,Education,delhi university,Delhi University,,DoHE,Social & Commercial,False,False,Major,373.0,2026-07,2026-04,5,,,False
304532,IIT Gandhinagar - Development of Students Hostel Buildings with Associated Facilities under Phase-2A,"Indian Institute of Technology, Gandhinagar",,,color,Gujarat,Gujarat,2023-06-01,2024-12-01,2027-03-01,2028-05-01,163.0,,True,45.22,18.5,2026-08,Table 6,72,312,Department of Higher Education,Education,indian institute of technology gandhinagar,"Indian Institute of Technology, Gandhinagar",,DoHE,Social & Commercial,False,False,Major,,,2026-08,1,2026-08,,False
612916,"Construction of permanent campus of Central University of Gujarat at Village kundhela, Dist. Vadodara, Gujarat.",Central University of Gujarat,,,color,Gujarat,Gujarat,2020-12-01,2021-02-01,2025-03-01,2026-03-01,490.63,,True,342.26,86.0,2026-08,Table 6,72,313,Department of Higher Education,Education,central university of gujarat,Central University of Gujarat,,DoHE,Social & Commercial,False,False,Major,490.63,2026-07,2026-04,5,,,False
858179,IIT Gandhinagar - Development of Faculty/Staff Housing with Associated Facilities under Phase-2A,"Indian Institute of Technology, Gandhinagar",,,color,Gujarat,Gujarat,2023-06-01,2024-12-01,2027-03-01,2027-08-01,156.0,,True,130.36,45.0,2026-08,Table 6,72,314,Department of Higher Education,Education,indian institute of technology gandhinagar,"Indian Institute of Technology, Gandhinagar",,DoHE,Social & Commercial,False,False,Major,,,2026-08,1,2026-08,,False
602099,Establishment of Permanent campus Phase 1 of IIM Sirmaur,"Indian Institute of Management, Sirmaur",N42000008,4877,color,Himachal Pradesh,Himachal Pradesh,2018-09-01,2020-08-01,2023-10-01,2026-09-01,392.51,,True,340.11,98.6,2026-08,Table 6,72,315,Department of Higher Education,Education,indian institute of management sirmaur,"Indian Institute of Management, Sirmaur",,DoHE,Social & Commercial,False,False,Major,454.78,2026-07,2026-04,5,,,False
612128,Hostel blocks & dining hall block,"Indian Institute of Technology, Mandi",,,color,Himachal Pradesh,Himachal Pradesh,2023-03-01,2024-03-01,2026-03-01,2026-09-01,166.66,,True,138.26,94.0,2026-08,Table 6,72,316,Department of Higher Education,Education,indian institute of technology mandi,"Indian Institute of Technology, Mandi",,DoHE,Social & Commercial,False,False,Major,166.66,2026-07,2026-04,5,,,False
602098,"Construction of Permanent Campus for IIM Jammu Phase-1 at Jagti, Nagrota, Jammu, J&K","Indian Institute of Management, Jammu",N28000130,4869,color,Jammu and Kashmir,Jammu and Kashmir,2019-03-01,2020-10-01,2023-06-01,2025-11-01,424.93,,True,484.52,96.0,2026-08,Table 6,72,317,Department of Higher Education,Education,indian institute of management jammu,"Indian Institute of Management, Jammu",,DoHE,Social & Commercial,False,False,Major,500.91,2026-07,2026-04,5,,,False
606431,CONSTRUCTION OF PERMANENT CAMPUS FOR IIT PALAKKAD UNDER PHASE 1A,INDIAN INSTITUTE OF TECHNOLOGY PALAKKAD,N28000140,3415,color,Kerala,Kerala,2017-07-01,2020-03-01,2022-06-01,2026-06-01,1006.45,,True,707.03,89.5,2026-08,Table 6,72,318,Department of Higher Education,Education,indian institute of technology palakkad,INDIAN INSTITUTE OF TECHNOLOGY PALAKKAD,,DoHE,Social & Commercial,False,False,Mega,1217.4,2026-07,2026-04,5,,,False
617878,Phase B of Construction of Permanent Campus of IIT Palakkad,INDIAN INSTITUTE OF TECHNOLOGY PALAKKAD,,10104,color,Kerala,Kerala,2025-05-01,2026-01-01,2028-10-01,,1527.0,,True,9.8,0.5,2026-08,Table 6,72,319,Department of Higher Education,Education,indian institute of technology palakkad,INDIAN INSTITUTE OF TECHNOLOGY PALAKKAD,,DoHE,Social & Commercial,False,False,Mega,1527.0,2026-07,2026-04,5,,,False
611957,"Phase III A works at IIT Indore [03 Hostels, 01 Studio Apartment, 01 Housing, Heavy & Sophisticated lab complex, Academic POD and Infrastructure for center of excellence]","Indian Institute of Technology, Indore",,,color,Madhya Pradesh,Madhya Pradesh,2023-12-01,2024-04-01,2027-02-01,,496.28,,True,97.35,69.99,2026-08,Table 6,72,320,Department of Higher Education,Education,indian institute of technology indore,"Indian Institute of Technology, Indore",,DoHE,Social & Commercial,False,False,Major,496.28,2026-07,2026-04,5,,,False
505106,"Engineering, Procurement and Construction (EPC) of Various Buildings and External Infrastructure Development Works of Indian Institute of Management Mumbai campus in Phase-1",Indian Institute of Management Mumbai,,,color,Maharashtra,Maharashtra,2026-03-01,2026-08-01,2030-08-01,,441.85,,True,0.0,0.0,2026-08,Table 6,72,321,Department of Higher Education,Education,indian institute of management mumbai,Indian Institute of Management Mumbai,,DoHE,Social & Commercial,False,False,Major,,,2026-08,1,2026-08,,False
612885,Construction and Developement of National Institute of Technology Meghalaya Permanent Campus at Sohra,"National Institute of Technology, Meghalaya",N42000001,5654,color,Meghalaya,Meghalaya,2009-09-01,2014-09-01,2022-03-01,2026-10-01,494.52,,True,385.32,98.0,2026-08,Table 6,72,322,Department of Higher Education,Education,national institute of technology meghalaya,"National Institute of Technology, Meghalaya",,DoHE,Social & Commercial,True,True,Major,429.7,2026-07,2026-04,5,,,False
612876,"Construction of Permanent Campus for NIT Mizoram at Lengpui, Aizawl",NIT Mizoram,,5653,color,Mizoram,Mizoram,2009-09-01,2014-06-01,2029-12-01,2022-03-01,474.23,,True,167.55,4.0,2026-08,Table 6,73,323,Department of Higher Education,Education,nit mizoram,NIT Mizoram,,DoHE,Social & Commercial,True,True,Major,474.23,2026-07,2026-04,5,,DQ09,False
613013,Establishment of NIT Nagaland,NIT Nagaland,,,color,Nagaland,Nagaland,2009-09-01,2014-12-01,2025-12-01,,275.63,,True,263.25,98.0,2026-08,Table 6,73,324,Department of Higher Education,Education,nit nagaland,NIT Nagaland,,DoHE,Social & Commercial,True,True,Major,275.63,2026-07,2026-04,5,,DQ10,False
610315,IISER BERHAMPUR,"Indian Institutes of Science Education and Research, Behrampur",N28000126,3441,color,Odisha,Odisha,2018-10-01,2019-09-01,2021-03-01,2026-10-01,1229.32,,True,874.09,98.5,2026-08,Table 6,73,325,Department of Higher Education,Education,indian institutes of science education and research behrampur,"Indian Institutes of Science Education and Research, Behrampur",,DoHE,Social & Commercial,False,False,Mega,843.09,2026-07,2026-04,5,,,False
611961,Construction of IIT Bhubaneswar -Phase III,"Indian Institute of Technology, Bhubaneshwar",,,color,Odisha,Odisha,2024-02-01,2024-05-01,2026-11-01,,454.27,,True,103.04,11.57,2026-08,Table 6,73,326,Department of Higher Education,Education,indian institute of technology bhubaneshwar,"Indian Institute of Technology, Bhubaneshwar",,DoHE,Social & Commercial,False,False,Major,454.27,2026-07,2026-04,5,2026-04,,False
619033,"1000 seater Boys hostel, 500 seater Girls hostel, 1.5 MLD Sewage Treatment Plant and Faculty Residence - 72 nos. Flats",NIT Rourkela,,,color,Odisha,Odisha,2023-09-01,2024-01-01,2026-06-01,2027-08-01,198.97,,True,57.01,53.0,2026-08,Table 6,73,327,Department of Higher Education,Education,nit rourkela,NIT Rourkela,,DoHE,Social & Commercial,False,False,Major,198.97,2026-07,2026-04,5,,,False
605292,"Construction of Permanent Campus of Indian Institute of Management [IIM] Amritsar, Punjab, Phase-I","Indian intitue of Management, Amritsar",N28000142,4865,color,Punjab,Punjab,2019-10-01,2020-07-01,2023-06-01,2026-11-01,348.31,,True,294.73,92.69,2026-08,Table 6,73,328,Department of Higher Education,Education,indian intitue of management amritsar,"Indian intitue of Management, Amritsar",,DoHE,Social & Commercial,False,False,Major,386.86,2026-07,2026-04,5,,,False
617221,"Construction of Girls Hostel 400 seater, Boys Hostel 600 seater, Academic Block, International Hostel 100 seater, VC Residence and Purchase of Equipment",Central University of Punjab,,,color,Punjab,Punjab,2024-08-01,2025-04-01,2027-10-01,,210.99,,True,107.71,65.0,2026-08,Table 6,73,329,Department of Higher Education,Education,central university of punjab,Central University of Punjab,,DoHE,Social & Commercial,False,False,Major,210.99,2026-07,2026-04,5,,,False
617421,Phase 3B Development of Permanent Campus of IIT Jodhpur,"Indian Institute of Technology, Jodhpur",,,color,Rajasthan,Rajasthan,2025-07-01,2026-01-01,2028-01-01,,522.89,,True,29.47,10.31,2026-08,Table 6,73,330,Department of Higher Education,Education,indian institute of technology jodhpur,"Indian Institute of Technology, Jodhpur",,DoHE,Social & Commercial,False,False,Major,,,2026-08,1,2026-08,,False
609736,"Construction of Sikkim University Campus Phase-I Package-II at Yangang, South Sikkim",Sikkim University,N44000002,,color,Sikkim,Sikkim,2020-08-01,2022-01-01,2025-01-01,2026-10-01,314.06,,True,292.0,97.0,2026-08,Table 6,73,331,Department of Higher Education,Education,sikkim university,Sikkim University,,DoHE,Social & Commercial,True,True,Major,340.55,2026-07,2026-04,5,,,False
612883,Establishment of Permanent Campus of NIT SIkkim at Khamdong-Gangtok District,NIT Sikkim,,5656,color,Sikkim,Sikkim,2024-02-01,2024-03-01,2028-02-01,2026-12-01,685.76,,True,283.56,38.5,2026-08,Table 6,73,332,Department of Higher Education,Education,nit sikkim,NIT Sikkim,,DoHE,Social & Commercial,True,True,Major,610.76,2026-07,2026-04,5,,DQ09,False
609996,Construction of Precast housing and hostels at IIT Hyderabad,"Indian Institute of Technology, Hyderabad",,,color,Telangana,Telangana,2022-09-01,2022-11-01,2024-10-01,2026-01-01,262.0,,True,225.58,91.1,2026-08,Table 6,73,333,Department of Higher Education,Education,indian institute of technology hyderabad,"Indian Institute of Technology, Hyderabad",,DoHE,Social & Commercial,False,False,Major,262.0,2026-07,2026-04,5,,,False
606479,Banaras Hindu University [ Kayakalp of Institute of Medical Sciences],Banaras Hindu University,,,color,Uttar Pradesh,Uttar Pradesh,2020-06-01,2020-06-01,2022-09-01,2027-07-01,246.0,,True,214.03,99.2,2026-08,Table 6,73,334,Department of Higher Education,Education,banaras hindu university,Banaras Hindu University,,DoHE,Social & Commercial,False,False,Major,246.0,2026-07,2026-04,5,,,False
611963,"Construction & Development of Infrastructural Facilities in the main campus of NIT Uttarakhand at Sumari, Pauri Garhwal",National Institute of Technology Uttarakhand,,5655,color,Uttarakhand,Uttarakhand,2020-06-01,2024-04-01,2027-09-01,,650.85,,True,414.41,66.0,2026-08,Table 6,73,335,Department of Higher Education,Education,national institute of technology uttarakhand,National Institute of Technology Uttarakhand,,DoHE,Social & Commercial,False,False,Major,650.85,2026-07,2026-04,5,,,False
609019,"HEFA projects on development of student hostels, playgrounds, departmental buildings, class room complex and other campus facilities in IIT Kharagpur","Indian Institute of Technology, Kharagpur",N28000146,4351,color,West Bengal,West Bengal,2018-06-01,2019-04-01,2023-03-01,2026-12-01,500.0,,True,420.1,96.74,2026-08,Table 6,73,336,Department of Higher Education,Education,indian institute of technology kharagpur,"Indian Institute of Technology, Kharagpur",,DoHE,Social & Commercial,False,False,Major,442.0,2026-07,2026-04,5,,,False
400081,"National Sports University [NSU], Imphal [Manipur]",Department of Sports & Youth Affairs,,3895,color,Manipur,Manipur,2022-06-01,2022-01-01,2024-08-01,2026-08-01,906.47,,True,577.32,97.7,2026-08,Table 6,73,337,Department of Sports,Education,department of sports and youth affairs,Department of Sports & Youth Affairs,,DoSports,Social & Commercial,True,True,Major,611.74,2026-07,2026-04,5,,,False
308266,"Development of Rail - Fed Road Tanker Loading POL Terminal at Panchgram [Near Silchar], Hailakandi, Assam.",Numaligarh Refinery Limited,,,color,Assam,Assam,2025-08-01,2025-08-01,2027-10-01,,433.12,,True,77.37,23.0,2026-08,Table 6,73,338,Ministry of Petroleum & Natural Gas,Energy Storage,numaligarh refinery limited,Numaligarh Refinery Limited,,MoPNG,Energy,True,True,Major,,,2026-08,1,2026-08,,False
709754,"Construction of LPG Facilities at Kamardanga, Assam",Hindustan Petroleum Corporation Limited,N16000484,,color,Assam,Assam,2023-03-01,2023-03-01,2027-07-01,2027-07-01,156.36,,True,116.83,85.7,2026-08,Table 6,73,339,Ministry of Petroleum & Natural Gas,Energy Storage,HPCL,Hindustan Petroleum Corporation Limited [HPCL],,MoPNG,Energy,True,True,Major,156.36,2026-07,2026-04,5,,,False
709755,"Setting up of new rail fed POL facility at Kamardanga, Assam",Hindustan Petroleum Corporation Limited,N16000494,,color,Assam,Assam,2023-03-01,2023-03-01,2027-07-01,2027-07-01,384.04,,True,254.02,89.1,2026-08,Table 6,73,340,Ministry of Petroleum & Natural Gas,Energy Storage,HPCL,Hindustan Petroleum Corporation Limited [HPCL],,MoPNG,Energy,True,True,Major,384.04,2026-07,2026-04,5,,,False
617839,Capacity Augmentation of Kandla LPG Import Terminal [KLIT] from 0.6 MMTPA to 2.5 MMTPA,Indian Oil Corporation Limited [IOCL],,,color,Gujarat,Gujarat,2023-05-01,2023-05-01,2026-07-01,2026-12-01,356.86,,True,169.74,68.5,2026-08,Table 6,74,341,Ministry of Petroleum & Natural Gas,Energy Storage,IOCL,Indian Oil Corporation Limited [IOCL],,MoPNG,Energy,False,False,Major,304.4,2026-07,2026-04,5,,,False
604833,"Andheri Residential Towers, Mumbai",Indian Oil Corporation Limited [IOCL],N16000503,,color,Maharashtra,Maharashtra,2017-06-01,2017-06-01,2025-05-01,2027-06-01,281.35,,True,294.89,88.0,2026-08,Table 6,74,342,Ministry of Petroleum & Natural Gas,Energy Storage,IOCL,Indian Oil Corporation Limited [IOCL],,MoPNG,Energy,False,False,Major,389.67,2026-07,2026-04,5,,,False
619313,Setting up of 50 MW [plus/minus 5 percent] Wind Power Plant for Captive Consumption at MR,Bharat Petroleum Corporation Limited [BPCL],,,color,Maharashtra,Maharashtra,2023-05-01,2023-05-01,2027-04-01,2027-04-01,483.14,,True,381.29,81.1,2026-08,Table 6,74,343,Ministry of Petroleum & Natural Gas,Energy Storage,BPCL,Bharat Petroleum Corporation Limited [BPCL],,MoPNG,Energy,False,False,Major,483.14,2026-07,2026-04,5,2026-04,,False
617829,LPG Bottling Plant at Mualkhang,Indian Oil Corporation Limited [IOCL],,,color,Mizoram,Mizoram,2024-07-01,2024-07-01,2028-10-01,2028-05-01,225.71,,True,33.36,34.5,2026-08,Table 6,74,344,Ministry of Petroleum & Natural Gas,Energy Storage,IOCL,Indian Oil Corporation Limited [IOCL],,MoPNG,Energy,True,True,Major,225.71,2026-07,2026-04,5,,DQ09,False
709759,"Petrochemical evacuation marketing terminal at Barmer, Rajasthan",Hindustan Petroleum Corporation Limited,N16000512,,color,Rajasthan,Rajasthan,2023-12-01,2023-12-01,2026-12-01,2026-12-01,461.05,,True,256.76,98.4,2026-08,Table 6,74,345,Ministry of Petroleum & Natural Gas,Energy Storage,HPCL,Hindustan Petroleum Corporation Limited [HPCL],,MoPNG,Energy,False,False,Major,461.05,2026-07,2026-04,5,,,False
400043,Laying of POL Pipelines in Common Corridor for proposed grass root terminal at Vallur [Chennai],Indian Oil Corporation Limited [IOCL],N16000455,4272,color,Tamil Nadu,Tamil Nadu,2022-01-01,2022-01-01,2026-05-01,2027-03-01,829.0,,True,388.9,82.3,2026-08,Table 6,74,346,Ministry of Petroleum & Natural Gas,Energy Storage,IOCL,Indian Oil Corporation Limited [IOCL],,MoPNG,Energy,False,False,Major,829.0,2026-07,2026-04,5,,,False
400301,Multi Product Pipeline from Irugur to Devangonthi,"Department of Water Resources, River Development & GR",N16000234,1195,color,Tamil Nadu,Tamil Nadu,2012-11-01,2012-11-01,2017-02-01,2026-09-01,678.0,,True,1237.73,87.9,2026-08,Table 6,74,347,Ministry of Petroleum & Natural Gas,Energy Storage,department of water resources river development and gr,"Department of Water Resources, River Development & GR",,MoPNG,Energy,False,False,Major,1732.0,2026-07,2026-04,5,,,False
400012,Kandla Gorakhpur LPG Pipeline,Indian Oil Corporation Limited [IOCL],,4509,color,Uttar Pradesh,Uttar Pradesh,2018-12-01,2018-12-01,2021-12-01,2026-10-01,10088.0,,True,8598.52,96.3,2026-08,Table 6,74,348,Ministry of Petroleum & Natural Gas,Energy Storage,IOCL,Indian Oil Corporation Limited [IOCL],,MoPNG,Energy,False,False,Mega,10088.0,2026-07,2026-04,5,,,False
604852,"Grass-root Terminal at Mirzapur, Uttar Pradesh",Indian Oil Corporation Limited [IOCL],N16000506,5256,color,Uttar Pradesh,Uttar Pradesh,2022-09-01,2022-09-01,2026-11-01,2026-11-01,980.45,,True,312.19,77.6,2026-08,Table 6,74,349,Ministry of Petroleum & Natural Gas,Energy Storage,IOCL,Indian Oil Corporation Limited [IOCL],,MoPNG,Energy,False,False,Major,980.45,2026-07,2026-04,5,,,False
701349,Paradip-Numaligarh Crude Oil Pipeline [PNCPL] & Crude Oil Import Terminal [COIT] at Paradip,Numaligarh Refinery Limited,N16000394,2318,color,West Bengal,West Bengal,2019-01-01,2019-01-01,2024-07-01,2026-10-01,10228.0,,True,11236.46,93.6,2026-08,Table 6,74,350,Ministry of Petroleum & Natural Gas,Energy Storage,numaligarh refinery limited,Numaligarh Refinery Limited,,MoPNG,Energy,False,False,Mega,12407.0,2026-07,2026-04,5,,,False
400120,KG-DWN-98/2 Cluster - II Development Project - NELP Block,Oil and Natural Gas Corporation Limited [ONGC],N16000247,3284,color,Andhra Pradesh,Andhra Pradesh,2016-03-01,2016-03-01,2020-06-01,2026-09-01,34012.0,,True,33198.79,97.0,2026-08,Table 6,74,351,Ministry of Petroleum & Natural Gas,Oil & Gas,ONGC,Oil and Natural Gas Corporation Limited [ONGC],,MoPNG,Energy,False,False,Mega,34012.0,2026-07,2026-04,5,,,False
409131,Old Naphtha Isomerization Unit [NIU] revamp for MS maximization at Visakh Refinery,Hindustan Petroleum Corporation Limited,,,color,Andhra Pradesh,Andhra Pradesh,2025-03-01,2025-03-01,2028-07-01,,449.0,,True,24.57,7.7,2026-08,Table 6,74,352,Ministry of Petroleum & Natural Gas,Oil & Gas,HPCL,Hindustan Petroleum Corporation Limited [HPCL],,MoPNG,Energy,False,False,Major,,,2026-08,1,2026-08,,False
619226,Provision of four bitumen tanks with capacity of 5 TMT each at Visakh Refinery,Hindustan Petroleum Corporation Limited,,,color,Andhra Pradesh,Andhra Pradesh,2025-09-01,2025-09-01,2028-03-01,2028-03-01,258.34,,True,11.76,23.2,2026-08,Table 6,74,353,Ministry of Petroleum & Natural Gas,Oil & Gas,HPCL,Hindustan Petroleum Corporation Limited [HPCL],,MoPNG,Energy,False,False,Major,258.34,2026-07,2026-04,5,,,False
709752,HP-COAT [Crude to Olefins and Aromatics Technology] demo unit at Visakh Refinery,Hindustan Petroleum Corporation Limited,N16000432,,color,Andhra Pradesh,Andhra Pradesh,2021-09-01,2021-09-01,2024-06-01,2027-02-01,160.0,,True,159.74,94.1,2026-08,Table 6,74,354,Ministry of Petroleum & Natural Gas,Oil & Gas,HPCL,Hindustan Petroleum Corporation Limited [HPCL],,MoPNG,Energy,False,False,Major,220.0,2026-07,2026-04,5,,,False
604791,Numaligarh Refinery Expansion Project,Numaligarh Refinery Limited,N16000379,2312,color,Assam,Assam,2020-07-01,2020-07-01,2024-07-01,2027-03-01,12366.0,,True,20845.77,87.7,2026-08,Table 6,74,355,Ministry of Petroleum & Natural Gas,Oil & Gas,numaligarh refinery limited,Numaligarh Refinery Limited,,MoPNG,Energy,True,True,Mega,25313.0,2026-07,2026-04,5,,,False
604863,Development of Surface Facilities for production and evacuation of Crude Oil and Natural Gas from Nadua and East Khagorija,Oil India Limited,N16000331,3083,color,Assam,Assam,2018-01-01,2018-01-01,2020-02-01,2026-12-01,682.9,,True,601.12,94.6,2026-08,Table 6,74,356,Ministry of Petroleum & Natural Gas,Oil & Gas,oil india limited,Oil India Limited,,MoPNG,Energy,True,True,Major,726.93,2026-07,2026-04,5,,,False
616858,"Construction of Field Gas Gathering Station at Baghjan area for collection, processing & transportation of natural Gas to be produced from Baghjan Field",Oil India Limited,N16000450,,color,Assam,Assam,2020-12-01,2020-12-01,2024-03-01,2026-11-01,430.76,,True,348.65,97.0,2026-08,Table 6,74,357,Ministry of Petroleum & Natural Gas,Oil & Gas,oil india limited,Oil India Limited,,MoPNG,Energy,True,True,Major,430.76,2026-07,2026-04,5,,,False
617827,"Pipeline Rehabilitation Project, Phase-II",Oil India Limited,,10800,color,Assam,Assam,2024-12-01,2024-12-01,2029-12-01,2029-12-01,680.0,,True,13.78,29.6,2026-08,Table 6,74,358,Ministry of Petroleum & Natural Gas,Oil & Gas,oil india limited,Oil India Limited,,MoPNG,Energy,True,True,Major,680.0,2026-07,2026-04,5,,,False
617836,Coke Drum Structure Package,Numaligarh Refinery Limited,,10009,color,Assam,Assam,2022-12-01,2022-12-01,2025-12-01,2026-12-01,635.28,,True,506.82,76.5,2026-08,Table 6,74,359,Ministry of Petroleum & Natural Gas,Oil & Gas,numaligarh refinery limited,Numaligarh Refinery Limited,,MoPNG,Energy,True,True,Major,635.28,2026-07,2026-04,5,,,False
619316,"Group Gathering Station, Lakwagaon",Oil India Limited,,,color,Assam,Assam,2025-10-01,2025-10-01,2027-10-01,2027-10-01,495.59,,True,39.97,20.1,2026-08,Table 6,74,360,Ministry of Petroleum & Natural Gas,Oil & Gas,oil india limited,Oil India Limited,,MoPNG,Energy,True,True,Major,495.59,2026-07,2026-04,5,2026-04,,False
709776,Augmentation/Revamping of Facilities at existing Guwahati Terminal at Betkuchi,Indian Oil Corporation Limited [IOCL],N16000441,,color,Assam,Assam,2022-04-01,2022-04-01,2026-09-01,2026-09-01,277.0,,True,237.33,84.8,2026-08,Table 6,74,361,Ministry of Petroleum & Natural Gas,Oil & Gas,IOCL,Indian Oil Corporation Limited [IOCL],,MoPNG,Energy,True,True,Major,323.09,2026-07,2026-04,5,,,False
709779,Capacity Expansion of Digboi Refinery from 0.65 to 1.0 MMTPA,Indian Oil Corporation Limited [IOCL],N16000457,,color,Assam,Assam,2022-06-01,2022-06-01,2026-03-01,2027-07-01,768.0,,True,250.84,60.8,2026-08,Table 6,75,362,Ministry of Petroleum & Natural Gas,Oil & Gas,IOCL,Indian Oil Corporation Limited [IOCL],,MoPNG,Energy,True,True,Major,740.0,2026-07,2026-04,5,,,False
709847,Pipeline Network Project Rudrasagar,Oil and Natural Gas Corporation Limited [ONGC],N16000528,,color,Assam,Assam,2023-01-01,2023-01-01,2026-04-01,2027-04-01,481.03,,True,238.83,55.4,2026-08,Table 6,75,363,Ministry of Petroleum & Natural Gas,Oil & Gas,ONGC,Oil and Natural Gas Corporation Limited [ONGC],,MoPNG,Energy,True,True,Major,481.03,2026-07,2026-04,5,,,False
709850,Borholla GGS Life Extension Project [BLEP],Oil and Natural Gas Corporation Limited [ONGC],N16000532,,color,Assam,Assam,2023-09-01,2023-09-01,2026-05-01,2027-03-01,198.7,,True,110.99,64.3,2026-08,Table 6,75,364,Ministry of Petroleum & Natural Gas,Oil & Gas,ONGC,Oil and Natural Gas Corporation Limited [ONGC],,MoPNG,Energy,True,True,Major,198.7,2026-07,2026-04,5,,,False
709864,DCU Revamp Project,Numaligarh Refinery Limited,N16000511,,color,Assam,Assam,2021-08-01,2021-08-01,2024-07-01,2027-03-01,370.0,,True,315.57,82.7,2026-08,Table 6,75,365,Ministry of Petroleum & Natural Gas,Oil & Gas,numaligarh refinery limited,Numaligarh Refinery Limited,,MoPNG,Energy,True,True,Major,370.0,2026-07,2026-04,5,,,False
709865,Power Recovery Turbine [PRT] in PFCCU unit as an Energy Conservation Scheme,Numaligarh Refinery Limited,N16000510,,color,Assam,Assam,2023-04-01,2023-04-01,2024-12-01,2026-12-01,293.5,,True,81.84,99.0,2026-08,Table 6,75,366,Ministry of Petroleum & Natural Gas,Oil & Gas,numaligarh refinery limited,Numaligarh Refinery Limited,,MoPNG,Energy,True,True,Major,293.5,2026-07,2026-04,5,,,False
891687,2.4 KTPA Green Hydrogen Generation Unit at Numaligarh,Numaligarh Refinery Limited,,,color,Assam,Assam,2023-02-01,2023-02-01,2027-03-01,,170.0,,True,37.33,45.5,2026-08,Table 6,75,367,Ministry of Petroleum & Natural Gas,Oil & Gas,numaligarh refinery limited,Numaligarh Refinery Limited,,MoPNG,Energy,True,True,Major,,,2026-08,1,2026-08,,False
617304,"Setting up of LPG Plant with Rail Unloading Facility at Hathua, Dist. Gopalganj, Bihar",Bharat Petroleum Corporation Limited [BPCL],,,color,Bihar,Bihar,2023-10-01,2023-10-01,2027-03-01,2027-03-01,340.15,,True,191.0,56.5,2026-08,Table 6,75,368,Ministry of Petroleum & Natural Gas,Oil & Gas,BPCL,Bharat Petroleum Corporation Limited [BPCL],,MoPNG,Energy,False,False,Major,340.15,2026-07,2026-04,5,,,False
701324,Barauni Refinery Capacity Expansion from 6.0 to 9.0 MMTPA,Indian Oil Corporation Limited [IOCL],N16000386,3063,color,Bihar,Bihar,2020-01-01,2020-01-01,2023-04-01,2026-12-01,14810.0,,True,13220.97,92.2,2026-08,Table 6,75,369,Ministry of Petroleum & Natural Gas,Oil & Gas,IOCL,Indian Oil Corporation Limited [IOCL],,MoPNG,Energy,False,False,Mega,16724.0,2026-07,2026-04,5,,,False
709777,Installation of Bitumen Manufacturing Unit along with allied facilities at Barauni Refinery,Indian Oil Corporation Limited [IOCL],N16000453,,color,Bihar,Bihar,2022-01-01,2022-01-01,2025-04-01,2027-06-01,389.35,,True,128.43,68.7,2026-08,Table 6,75,370,Ministry of Petroleum & Natural Gas,Oil & Gas,IOCL,Indian Oil Corporation Limited [IOCL],,MoPNG,Energy,False,False,Major,410.3,2026-07,2026-04,5,,,False
709792,"City Gas Distribution Projects at Darbhanga, Madhubani, Supaul, Sitamarhi and Sheohar districts",Bharat Petroleum Corporation Limited [BPCL],N16000524,,color,Bihar,Bihar,2022-12-01,2022-12-01,2030-03-01,2030-03-01,3638.0,,True,508.68,33.7,2026-08,Table 6,75,371,Ministry of Petroleum & Natural Gas,Oil & Gas,BPCL,Bharat Petroleum Corporation Limited [BPCL],,MoPNG,Energy,False,False,Mega,3638.0,2026-07,2026-04,5,,,False
709793,"City Gas Distribution Projects at Gopalganj, Siwan, West Champaran, East Champaran and Deoria districts",Bharat Petroleum Corporation Limited [BPCL],N16000523,,color,Bihar,Bihar,2022-12-01,2022-12-01,2030-06-01,2030-06-01,3919.0,,True,534.37,30.3,2026-08,Table 6,75,372,Ministry of Petroleum & Natural Gas,Oil & Gas,BPCL,Bharat Petroleum Corporation Limited [BPCL],,MoPNG,Energy,False,False,Mega,3919.0,2026-07,2026-04,5,,,False
617819,"City Gas Distribution [CGD] Project in Kondagaon, Bastar, Sukma, Narayanpur, Bijapur & Dantewada GA",GAIL Gas,,9998,color,Chhattisgarh,Chhattisgarh,2022-06-01,2022-06-01,2030-06-01,2030-06-01,557.04,,True,11.63,2.2,2026-08,Table 6,75,373,Ministry of Petroleum & Natural Gas,Oil & Gas,gail gas,GAIL Gas,,MoPNG,Energy,False,False,Major,557.04,2026-07,2026-04,5,,,False
400087,Redevelopment of Sobhasan Complex,Oil and Natural Gas Corporation Limited [ONGC],N16000431,3514,color,Gujarat,Gujarat,2021-08-01,2021-08-01,2027-03-01,2027-03-01,885.63,,True,1131.85,96.9,2026-08,Table 6,75,374,Ministry of Petroleum & Natural Gas,Oil & Gas,ONGC,Oil and Natural Gas Corporation Limited [ONGC],,MoPNG,Energy,False,False,Major,1347.61,2026-07,2026-04,5,,,False
400167,Redevelopment of Santhal Field [Onshore-Mehsana Asset],Oil and Natural Gas Corporation Limited [ONGC],N16000279,3042,color,Gujarat,Gujarat,2017-02-01,2017-02-01,2026-03-01,2026-12-01,1162.56,,True,1131.85,97.2,2026-08,Table 6,75,375,Ministry of Petroleum & Natural Gas,Oil & Gas,ONGC,Oil and Natural Gas Corporation Limited [ONGC],,MoPNG,Energy,False,False,Mega,1162.56,2026-07,2026-04,5,,,False
400169,Redevelopment of Linch Field,Oil and Natural Gas Corporation Limited [ONGC],N16000428,3040,color,Gujarat,Gujarat,2021-04-01,2021-04-01,2025-03-01,2026-10-01,631.03,,True,635.9,94.5,2026-08,Table 6,75,376,Ministry of Petroleum & Natural Gas,Oil & Gas,ONGC,Oil and Natural Gas Corporation Limited [ONGC],,MoPNG,Energy,False,False,Major,845.42,2026-07,2026-04,5,,,False
701329,Petrochemical and Lube Integration Project at Gujarat Refinery,Indian Oil Corporation Limited [IOCL],N16000409,3062,color,Gujarat,Gujarat,2020-09-01,2020-09-01,2024-08-01,2026-11-01,18936.0,,True,13954.28,89.9,2026-08,Table 6,75,377,Ministry of Petroleum & Natural Gas,Oil & Gas,IOCL,Indian Oil Corporation Limited [IOCL],,MoPNG,Energy,False,False,Mega,17825.0,2026-07,2026-04,5,,,False
709778,Installation of new Biturox Unit along with allied facilities at Gujarat Refinery,Indian Oil Corporation Limited [IOCL],N16000454,,color,Gujarat,Gujarat,2022-01-01,2022-01-01,2025-08-01,2026-12-01,328.29,,True,225.29,88.6,2026-08,Table 6,75,378,Ministry of Petroleum & Natural Gas,Oil & Gas,IOCL,Indian Oil Corporation Limited [IOCL],,MoPNG,Energy,False,False,Major,344.36,2026-07,2026-04,5,,,False
709838,Commercial Polymer Flooding Project in Bechraji field,Oil and Natural Gas Corporation Limited [ONGC],N16000444,,color,Gujarat,Gujarat,2022-01-01,2022-01-01,2024-11-01,2027-05-01,621.4,,True,283.6,50.0,2026-08,Table 6,75,379,Ministry of Petroleum & Natural Gas,Oil & Gas,ONGC,Oil and Natural Gas Corporation Limited [ONGC],,MoPNG,Energy,False,False,Major,739.02,2026-07,2026-04,5,,,False
709840,"Restoration of Gas Terminal, Phase-I [Part-A], Hazira",Oil and Natural Gas Corporation Limited [ONGC],N16000477,,color,Gujarat,Gujarat,2022-05-01,2022-05-01,2025-02-01,2026-09-01,249.43,,True,219.56,97.7,2026-08,Table 6,75,380,Ministry of Petroleum & Natural Gas,Oil & Gas,ONGC,Oil and Natural Gas Corporation Limited [ONGC],,MoPNG,Energy,False,False,Major,249.43,2026-07,2026-04,5,,,False
709841,Old Pipe Line Replacement [OPRP] Group-A,Oil and Natural Gas Corporation Limited [ONGC],N16000483,,color,Gujarat,Gujarat,2021-07-01,2021-07-01,2025-07-01,2026-11-01,173.03,,True,168.22,94.6,2026-08,Table 6,75,381,Ministry of Petroleum & Natural Gas,Oil & Gas,ONGC,Oil and Natural Gas Corporation Limited [ONGC],,MoPNG,Energy,False,False,Major,169.84,2026-07,2026-04,5,,,False
709842,"Kalol Redevelopment Project, Ahmedabad Asset",Oil and Natural Gas Corporation Limited [ONGC],N16000481,,color,Gujarat,Gujarat,2022-08-01,2022-08-01,2027-03-01,2027-03-01,1487.41,,True,946.45,67.2,2026-08,Table 6,75,382,Ministry of Petroleum & Natural Gas,Oil & Gas,ONGC,Oil and Natural Gas Corporation Limited [ONGC],,MoPNG,Energy,False,False,Mega,1487.41,2026-07,2026-04,5,,,False
709845,"Revamping of SV Stations, Gas Terminal & Kribhco Terminal",Oil and Natural Gas Corporation Limited [ONGC],N16000514,,color,Gujarat,Gujarat,2022-11-01,2022-11-01,2026-08-01,2028-02-01,837.34,,True,531.84,71.6,2026-08,Table 6,75,383,Ministry of Petroleum & Natural Gas,Oil & Gas,ONGC,Oil and Natural Gas Corporation Limited [ONGC],,MoPNG,Energy,False,False,Major,1119.86,2026-07,2026-04,5,,,False
604853,"Indian Oil Technology Development and Deployment Centre at R&D Campus-II, Faridabad",Indian Oil Corporation Limited [IOCL],N16000375,3069,color,Haryana,Haryana,2019-06-01,2019-06-01,2022-12-01,2027-07-01,2281.94,,True,1922.1,65.5,2026-08,Table 6,76,384,Ministry of Petroleum & Natural Gas,Oil & Gas,IOCL,Indian Oil Corporation Limited [IOCL],,MoPNG,Energy,False,False,Mega,3200.0,2026-07,2026-04,5,,,False
611917,Poly Butadiene Rubber plant at Panipat,Indian Oil Corporation Limited [IOCL],N16000458,7629,color,Haryana,Haryana,2022-03-01,2022-03-01,2025-03-01,2026-12-01,1459.0,,True,1570.15,90.9,2026-08,Table 6,76,385,Ministry of Petroleum & Natural Gas,Oil & Gas,IOCL,Indian Oil Corporation Limited [IOCL],,MoPNG,Energy,False,False,Mega,2531.44,2026-07,2026-04,5,,,False
619196,Change of service of existing Mundra-Panipat Pipeline [Panipat - Churwa section] from Crude oil to Product,Indian Oil Corporation Limited [IOCL],,,color,Haryana,Haryana,2025-05-01,2025-05-01,2027-04-01,2027-04-01,359.0,,True,58.24,46.4,2026-08,Table 6,76,386,Ministry of Petroleum & Natural Gas,Oil & Gas,IOCL,Indian Oil Corporation Limited [IOCL],,MoPNG,Energy,False,False,Major,359.0,2026-07,2026-04,5,,,False
701289,Capacity Expansion of Panipat Refinery from 15 to 25 MMTPA,Indian Oil Corporation Limited [IOCL],N16000412,3038,color,Haryana,Haryana,2021-02-01,2021-02-01,2024-09-01,2026-12-01,34627.0,,True,28279.45,94.7,2026-08,Table 6,76,387,Ministry of Petroleum & Natural Gas,Oil & Gas,IOCL,Indian Oil Corporation Limited [IOCL],,MoPNG,Energy,False,False,Mega,36225.0,2026-07,2026-04,5,,,False
709783,"Installation of Multiple Effect Evaporator [MEE] for ETP-1, 2 & 4 of Panipat Refinery and Petrochemical Complex.",Indian Oil Corporation Limited [IOCL],,,color,Haryana,Haryana,2020-12-01,2020-12-01,2023-06-01,2026-10-01,165.13,,True,197.46,93.0,2026-08,Table 6,76,388,Ministry of Petroleum & Natural Gas,Oil & Gas,IOCL,Indian Oil Corporation Limited [IOCL],,MoPNG,Energy,False,False,Major,247.69,2026-07,2026-04,5,,,False
709773,"City Gas Distribution Project at Jammu, Udhampur, Reasi, Samba and Kathua Districts",Indian Oil Corporation Limited [IOCL],N16000527,,color,Jammu and Kashmir,Jammu and Kashmir,2022-03-01,2022-03-01,2034-09-01,2034-09-01,538.0,,True,4.47,0.6,2026-08,Table 6,76,389,Ministry of Petroleum & Natural Gas,Oil & Gas,IOCL,Indian Oil Corporation Limited [IOCL],,MoPNG,Energy,False,False,Major,538.0,2026-07,2026-04,5,,,False
610984,Development of Jharia CBM Block [Phase-1],Oil and Natural Gas Corporation Limited [ONGC],N16000445,4893,color,Jharkhand,Jharkhand,2019-11-01,2019-11-01,2024-01-01,2026-09-01,431.0,,True,268.74,66.2,2026-08,Table 6,76,390,Ministry of Petroleum & Natural Gas,Oil & Gas,ONGC,Oil and Natural Gas Corporation Limited [ONGC],,MoPNG,Energy,False,False,Major,431.0,2026-07,2026-04,5,,,False
709785,Laying of Natural Gas Pipeline from Hazaribagh to Ranchi [HRPL],Indian Oil Corporation Limited [IOCL],N16000480,,color,Jharkhand,Jharkhand,2023-02-01,2023-02-01,2026-02-01,2027-03-01,202.07,,True,66.68,58.9,2026-08,Table 6,76,391,Ministry of Petroleum & Natural Gas,Oil & Gas,IOCL,Indian Oil Corporation Limited [IOCL],,MoPNG,Energy,False,False,Major,202.07,2026-07,2026-04,5,,,False
368840,Devanagonthi to KempeGowda International Airport (KIAL) ATF Pipeline Project,Mangalore Refinery and Petrochemicals Limited,,,color,Karnataka,Karnataka,2026-07-01,2026-07-01,2029-05-01,,234.0,,True,0.0,0.0,2026-08,Table 6,76,392,Ministry of Petroleum & Natural Gas,Oil & Gas,mangalore refinery and petrochemicals limited,Mangalore Refinery and Petrochemicals Limited,,MoPNG,Energy,False,False,Major,,,2026-08,1,2026-08,,False
503783,"Drive Conversion of Turbines in CHT, DHDT and DCU.",Mangalore Refinery and Petrochemicals Limited,,,color,Karnataka,Karnataka,2026-02-01,2026-02-01,2028-09-01,,206.24,,True,0.48,12.3,2026-08,Table 6,76,393,Ministry of Petroleum & Natural Gas,Oil & Gas,mangalore refinery and petrochemicals limited,Mangalore Refinery and Petrochemicals Limited,,MoPNG,Energy,False,False,Major,,,2026-08,1,2026-08,,False
612790,Power System Upgradation Project,Mangalore Refinery and Petrochemicals Limited,N16000509,,color,Karnataka,Karnataka,2023-10-01,2023-10-01,2025-11-01,2026-09-01,385.0,,True,273.54,92.0,2026-08,Table 6,76,394,Ministry of Petroleum & Natural Gas,Oil & Gas,mangalore refinery and petrochemicals limited,Mangalore Refinery and Petrochemicals Limited,,MoPNG,Energy,False,False,Major,385.0,2026-07,2026-04,5,,,False
616879,Demo Bio-ATF Project,Mangalore Refinery and Petrochemicals Limited,N16000536,,color,Karnataka,Karnataka,2024-03-01,2024-03-01,2027-01-01,2027-01-01,364.0,,True,102.06,60.2,2026-08,Table 6,76,395,Ministry of Petroleum & Natural Gas,Oil & Gas,mangalore refinery and petrochemicals limited,Mangalore Refinery and Petrochemicals Limited,,MoPNG,Energy,False,False,Major,364.0,2026-07,2026-04,5,,,False
701338,City Gas Distribution Maharashtra Natural Gas Limited,Gas Authority of India Limited [GAIL],,,color,Karnataka,Karnataka,2006-01-01,2006-01-01,2031-06-01,2031-06-01,5535.0,,True,4537.07,47.0,2026-08,Table 6,76,396,Ministry of Petroleum & Natural Gas,Oil & Gas,GAIL,Gas Authority of India Limited [GAIL],,MoPNG,Energy,False,False,Mega,5535.0,2026-07,2026-04,5,,,False
709774,Revamping/ Augmentation of facilities at existing port terminal at Mangalore,Indian Oil Corporation Limited [IOCL],N16000437,,color,Karnataka,Karnataka,2022-01-01,2022-01-01,2025-12-01,2027-06-01,463.0,,True,332.16,85.6,2026-08,Table 6,76,397,Ministry of Petroleum & Natural Gas,Oil & Gas,IOCL,Indian Oil Corporation Limited [IOCL],,MoPNG,Energy,False,False,Major,500.62,2026-07,2026-04,5,,,False
168896,Capacity Enhancement of VGOHDT unit at Kochi Refinery,Bharat Petroleum Corporation Limited [BPCL],,,color,Kerala,Kerala,2026-05-01,2026-05-01,2027-01-01,,264.66,,True,0.0,21.2,2026-08,Table 6,76,398,Ministry of Petroleum & Natural Gas,Oil & Gas,BPCL,Bharat Petroleum Corporation Limited [BPCL],,MoPNG,Energy,False,False,Major,,,2026-08,1,2026-08,,False
617838,Augmentation of CCKPL and IDPL Pipelines capacity along with setting up of Palakkad TOP,Bharat Petroleum Corporation Limited [BPCL],,10010,color,Kerala,Kerala,2024-09-01,2024-09-01,2028-08-01,2028-08-01,1130.0,,True,340.39,51.1,2026-08,Table 6,76,399,Ministry of Petroleum & Natural Gas,Oil & Gas,BPCL,Bharat Petroleum Corporation Limited [BPCL],,MoPNG,Energy,False,False,Mega,1130.0,2026-07,2026-04,5,,,False
691992,Setting up 167 KTPA Sulphuric Acid Unit and Associated Facilities at Kochi Refinery,Bharat Petroleum Corporation Limited [BPCL],,,color,Kerala,Kerala,2026-07-01,2026-07-01,2029-07-01,,732.86,,True,0.0,0.5,2026-08,Table 6,76,400,Ministry of Petroleum & Natural Gas,Oil & Gas,BPCL,Bharat Petroleum Corporation Limited [BPCL],,MoPNG,Energy,False,False,Major,,,2026-08,1,2026-08,,False
709799,Setting up Polypropylene Unit at Kochi Refinery,Bharat Petroleum Corporation Limited [BPCL],N16000530,,color,Kerala,Kerala,2023-12-01,2023-12-01,2027-10-01,2027-11-01,4460.0,,True,1077.5,50.1,2026-08,Table 6,76,401,Ministry of Petroleum & Natural Gas,Oil & Gas,BPCL,Bharat Petroleum Corporation Limited [BPCL],,MoPNG,Energy,False,False,Mega,4850.0,2026-07,2026-04,5,,,False
244981,50 MW Wind Power Plant in Madhya Pradesh,Bharat Petroleum Corporation Limited [BPCL],,,color,Madhya Pradesh,Madhya Pradesh,2023-05-01,2023-05-01,2027-04-01,,483.14,,True,183.53,67.5,2026-08,Table 6,76,402,Ministry of Petroleum & Natural Gas,Oil & Gas,BPCL,Bharat Petroleum Corporation Limited [BPCL],,MoPNG,Energy,False,False,Major,,,2026-08,1,2026-08,,False
617830,C2/C3 Vijaipur Pata Pipeline,Gas Authority of India Limited [GAIL],,10000,color,Madhya Pradesh,Madhya Pradesh,2024-05-01,2024-05-01,2027-01-01,2027-01-01,1792.0,,True,550.5,74.6,2026-08,Table 6,76,403,Ministry of Petroleum & Natural Gas,Oil & Gas,GAIL,Gas Authority of India Limited [GAIL],,MoPNG,Energy,False,False,Mega,1792.0,2026-07,2026-04,5,,,False
709798,Ethylene Cracker Project at Bina Refinery including downstream Petrochemical Plants and expansion of Refinery,Bharat Petroleum Corporation Limited [BPCL],N16000518,11306,color,Madhya Pradesh,Madhya Pradesh,2023-05-01,2023-05-01,2028-05-01,2028-05-01,43367.0,,True,6688.5,36.6,2026-08,Table 6,76,404,Ministry of Petroleum & Natural Gas,Oil & Gas,BPCL,Bharat Petroleum Corporation Limited [BPCL],,MoPNG,Energy,False,False,Mega,43367.0,2026-07,2026-04,5,,,False
929104,"Vijaipur BPCL, Bina Pipeline Project –",Gas Authority of India Limited [GAIL],,,color,Madhya Pradesh,Madhya Pradesh,2025-09-01,2025-09-01,2027-09-01,,449.04,,True,1.4,16.4,2026-08,Table 6,77,405,Ministry of Petroleum & Natural Gas,Oil & Gas,GAIL,Gas Authority of India Limited [GAIL],,MoPNG,Energy,False,False,Major,,,2026-08,1,2026-08,,False
400168,"500 KTA PDHPP Project, Usar",Gas Authority of India Limited [GAIL],N16000430,3026,color,Maharashtra,Maharashtra,2021-04-01,2021-04-01,2025-04-01,2027-06-01,8797.0,,True,8971.88,92.4,2026-08,Table 6,77,406,Ministry of Petroleum & Natural Gas,Oil & Gas,GAIL,Gas Authority of India Limited [GAIL],,MoPNG,Energy,False,False,Mega,11256.0,2026-07,2026-04,5,,,False
616933,Lube Modernization & Bottom Upgradation Project at Mumbai Refinery,Hindustan Petroleum Corporation Limited,N16000540,,color,Maharashtra,Maharashtra,2024-12-01,2024-12-01,2028-03-01,2029-08-01,4679.0,,True,326.17,15.8,2026-08,Table 6,77,407,Ministry of Petroleum & Natural Gas,Oil & Gas,HPCL,Hindustan Petroleum Corporation Limited [HPCL],,MoPNG,Energy,False,False,Mega,6008.0,2026-07,2026-04,5,,,False
619223,Petro Resid Fluidized Catalytic Cracking [PRFCC] Unit and its associated facilities at Mumbai Refinery,Bharat Petroleum Corporation Limited [BPCL],,11911,color,Maharashtra,Maharashtra,2025-05-01,2025-05-01,2029-09-01,2029-09-01,13626.0,,True,109.0,8.4,2026-08,Table 6,77,408,Ministry of Petroleum & Natural Gas,Oil & Gas,BPCL,Bharat Petroleum Corporation Limited [BPCL],,MoPNG,Energy,False,False,Mega,13626.0,2026-07,2026-04,5,,,False
619224,Augmentation of DUPL-DPPL Pipeline,Gas Authority of India Limited [GAIL],,11913,color,Maharashtra,Maharashtra,2025-06-01,2025-06-01,2028-03-01,2028-03-01,844.0,,True,1.6,19.7,2026-08,Table 6,77,409,Ministry of Petroleum & Natural Gas,Oil & Gas,GAIL,Gas Authority of India Limited [GAIL],,MoPNG,Energy,False,False,Major,844.0,2026-07,2026-04,5,,,False
619225,Installation of Compression facility at GAIL Usar,Gas Authority of India Limited [GAIL],,,color,Maharashtra,Maharashtra,2025-04-01,2025-04-01,2027-04-01,2027-04-01,260.2,,True,0.0,0.0,2026-08,Table 6,77,410,Ministry of Petroleum & Natural Gas,Oil & Gas,GAIL,Gas Authority of India Limited [GAIL],,MoPNG,Energy,False,False,Major,260.2,2026-07,2026-04,5,,,False
619328,ONGC-BP Redevelopment Phase-1 Scheme of Mumbai High Field,Oil and Natural Gas Corporation Limited [ONGC],,12528,color,Maharashtra,Maharashtra,2025-11-01,2025-11-01,2027-03-01,2027-03-01,3713.4,,True,2461.06,56.3,2026-08,Table 6,77,411,Ministry of Petroleum & Natural Gas,Oil & Gas,ONGC,Oil and Natural Gas Corporation Limited [ONGC],,MoPNG,Energy,False,False,Mega,3908.0,2026-07,2026-05,4,2026-05,,False
684624,Setting up Coprocessing facility in KHT Unit for production of SAF at MR,Bharat Petroleum Corporation Limited [BPCL],,,color,Maharashtra,Maharashtra,2026-01-01,2026-01-01,2027-12-01,,677.0,,True,10.54,19.2,2026-08,Table 6,77,412,Ministry of Petroleum & Natural Gas,Oil & Gas,BPCL,Bharat Petroleum Corporation Limited [BPCL],,MoPNG,Energy,False,False,Major,,,2026-08,1,2026-08,,False
687613,GAS Turbine GT-3 upgrade from frame 6B to 6B.03,Bharat Petroleum Corporation Limited [BPCL],,,color,Maharashtra,Maharashtra,2026-01-01,2026-01-01,2027-07-01,,217.81,,True,0.02,12.5,2026-08,Table 6,77,413,Ministry of Petroleum & Natural Gas,Oil & Gas,BPCL,Bharat Petroleum Corporation Limited [BPCL],,MoPNG,Energy,False,False,Major,,,2026-08,1,2026-08,,False
709771,"City Gas Distribution Project at Beed, Jalgaon and Jalna Districts",Indian Oil Corporation Limited [IOCL],N16000487,,color,Maharashtra,Maharashtra,2022-03-01,2022-03-01,2031-09-01,2031-09-01,865.0,,True,89.81,3.4,2026-08,Table 6,77,414,Ministry of Petroleum & Natural Gas,Oil & Gas,IOCL,Indian Oil Corporation Limited [IOCL],,MoPNG,Energy,False,False,Major,865.0,2026-07,2026-04,5,,,False
709780,Construction of Additional Tankages and Allied Facilities at JNPT Terminal,Indian Oil Corporation Limited [IOCL],N16000504,,color,Maharashtra,Maharashtra,2022-04-01,2022-04-01,2026-08-01,2027-12-01,341.43,,True,305.01,73.1,2026-08,Table 6,77,415,Ministry of Petroleum & Natural Gas,Oil & Gas,IOCL,Indian Oil Corporation Limited [IOCL],,MoPNG,Energy,False,False,Major,436.14,2026-07,2026-04,5,,,False
709797,POL & LOBS Installations with Receipt Pipelines at Rasayani,Bharat Petroleum Corporation Limited [BPCL],N16000519,9966,color,Maharashtra,Maharashtra,2023-05-01,2023-05-01,2026-05-01,2026-09-01,2585.0,,True,1565.53,92.5,2026-08,Table 6,77,416,Ministry of Petroleum & Natural Gas,Oil & Gas,BPCL,Bharat Petroleum Corporation Limited [BPCL],,MoPNG,Energy,False,False,Mega,2585.0,2026-07,2026-04,5,,,False
616254,Visakh Raipur Pipeline Project,Hindustan Petroleum Corporation Limited,N16000539,,color,Multi-States,Chhattisgarh; Odisha,2024-09-01,2024-09-01,2027-09-01,2027-09-01,2212.0,,True,576.0,39.9,2026-08,Table 6,77,417,Ministry of Petroleum & Natural Gas,Oil & Gas,HPCL,Hindustan Petroleum Corporation Limited [HPCL],,MoPNG,Energy,False,False,Mega,2212.0,2026-07,2026-04,5,,,False
709786,"Augmentation/ Revamping of Dimapur Depot, Dimapur",Indian Oil Corporation Limited [IOCL],N16000529,,color,Nagaland,Nagaland,2023-08-01,2023-08-01,2027-11-01,2027-11-01,227.62,,True,28.65,44.2,2026-08,Table 6,77,418,Ministry of Petroleum & Natural Gas,Oil & Gas,IOCL,Indian Oil Corporation Limited [IOCL],,MoPNG,Energy,True,True,Major,227.62,2026-07,2026-04,5,,,False
604859,Integrated Para Xylene [PX] and Purified Terephthalic Acid [PTA] Project at Paradip Refinery,Indian Oil Corporation Limited [IOCL],N16000396,3064,color,Odisha,Odisha,2020-07-01,2020-07-01,2024-01-01,2026-09-01,13805.0,,True,8995.0,95.2,2026-08,Table 6,77,419,Ministry of Petroleum & Natural Gas,Oil & Gas,IOCL,Indian Oil Corporation Limited [IOCL],,MoPNG,Energy,False,False,Mega,11783.0,2026-07,2026-04,5,,,False
617818,"City Gas Distribution [CGD] Project in Gajapati, Kandhamal, Boudh, & Sonepur GA",GAIL Gas,,9999,color,Odisha,Odisha,2022-02-01,2022-02-01,2031-12-01,2031-12-01,514.91,,True,25.77,6.0,2026-08,Table 6,77,420,Ministry of Petroleum & Natural Gas,Oil & Gas,gail gas,GAIL Gas,,MoPNG,Energy,False,False,Major,514.91,2026-07,2026-04,5,,,False
709800,"CUF POL Depot at Sadashibpur [Meramundali], Odisha",Bharat Petroleum Corporation Limited [BPCL],,,color,Odisha,Odisha,2021-04-01,2021-04-01,2026-03-01,2026-09-01,393.54,,True,237.3,87.4,2026-08,Table 6,77,421,Ministry of Petroleum & Natural Gas,Oil & Gas,BPCL,Bharat Petroleum Corporation Limited [BPCL],,MoPNG,Energy,False,False,Major,393.54,2026-07,2026-04,5,,,False
400119,Life Extension of 48 well platforms of Mumbai High & Heera Fields,Oil and Natural Gas Corporation Limited [ONGC],N16000213,3294,color,Offshore,,2015-12-01,2015-12-01,2018-04-01,2026-10-01,3190.69,,True,3123.2,90.0,2026-08,Table 6,77,422,Ministry of Petroleum & Natural Gas,Oil & Gas,ONGC,Oil and Natural Gas Corporation Limited [ONGC],,MoPNG,Energy,False,False,Mega,3375.9,2026-07,2026-04,5,,,False
616950,PRP-VIII [Group-A],Oil and Natural Gas Corporation Limited [ONGC],,,color,Offshore,,2024-09-01,2024-09-01,2026-02-01,2027-03-01,1589.4,,True,663.0,61.3,2026-08,Table 6,77,423,Ministry of Petroleum & Natural Gas,Oil & Gas,ONGC,Oil and Natural Gas Corporation Limited [ONGC],,MoPNG,Energy,False,False,Mega,1486.4,2026-07,2026-04,5,,,False
619314,Pipeline Replacement Project- PRP-IX,Oil and Natural Gas Corporation Limited [ONGC],,12147,color,Offshore,,2025-08-01,2025-08-01,2027-05-01,2027-05-01,3471.72,,True,1250.0,29.3,2026-08,Table 6,77,424,Ministry of Petroleum & Natural Gas,Oil & Gas,ONGC,Oil and Natural Gas Corporation Limited [ONGC],,MoPNG,Energy,False,False,Mega,6175.0,2026-07,2026-04,5,2026-04,DQ15,False
709839,Daman Upside Development Project,Oil and Natural Gas Corporation Limited [ONGC],N16000470,,color,Offshore,,2022-06-01,2022-06-01,2025-10-01,2026-12-01,4144.41,,True,6302.5,92.9,2026-08,Table 6,77,425,Ministry of Petroleum & Natural Gas,Oil & Gas,ONGC,Oil and Natural Gas Corporation Limited [ONGC],,MoPNG,Energy,False,False,Mega,6406.9,2026-07,2026-04,5,,,False
709848,MHN TCPP PGC BGC Project [MTPBP],Oil and Natural Gas Corporation Limited [ONGC],N16000526,,color,Offshore,,2022-06-01,2022-06-01,2026-05-01,2026-12-01,2329.45,,True,1940.25,96.1,2026-08,Table 6,77,426,Ministry of Petroleum & Natural Gas,Oil & Gas,ONGC,Oil and Natural Gas Corporation Limited [ONGC],,MoPNG,Energy,False,False,Mega,2354.23,2026-07,2026-04,5,,,False
709849,PRP-VIII Group B [NH & BS Asset],Oil and Natural Gas Corporation Limited [ONGC],N16000533,,color,Offshore,,2024-06-01,2024-06-01,2026-02-01,2026-12-01,2546.9,,True,3003.9,98.7,2026-08,Table 6,78,427,Ministry of Petroleum & Natural Gas,Oil & Gas,ONGC,Oil and Natural Gas Corporation Limited [ONGC],,MoPNG,Energy,False,False,Mega,3348.6,2026-07,2026-04,5,,,False
709851,Integrated Development of 4 Contract Areas under DSF-II,Oil and Natural Gas Corporation Limited [ONGC],N16000537,,color,Offshore,,2023-05-01,2023-05-01,2027-04-01,2027-04-01,6183.79,,True,2053.0,48.7,2026-08,Table 6,78,428,Ministry of Petroleum & Natural Gas,Oil & Gas,ONGC,Oil and Natural Gas Corporation Limited [ONGC],,MoPNG,Energy,False,False,Mega,6183.79,2026-07,2026-04,5,,,False
757296,"Well Head Platforms for MB-OSN-2005/1, SD4 and BS-17 Field (WHPMSBF)",Oil and Natural Gas Corporation Limited [ONGC],,,color,Offshore,,2026-07-01,2026-07-01,2029-03-01,,5519.0,,True,0.0,0.0,2026-08,Table 6,78,429,Ministry of Petroleum & Natural Gas,Oil & Gas,ONGC,Oil and Natural Gas Corporation Limited [ONGC],,MoPNG,Energy,False,False,Mega,,,2026-08,1,2026-08,,False
785574,Pipeline Replacement Project- PRP-X,Oil and Natural Gas Corporation Limited [ONGC],,,color,Offshore,,2026-07-01,2026-07-01,2027-05-01,,4371.0,,True,0.0,0.0,2026-08,Table 6,78,430,Ministry of Petroleum & Natural Gas,Oil & Gas,ONGC,Oil and Natural Gas Corporation Limited [ONGC],,MoPNG,Energy,False,False,Mega,,,2026-08,1,2026-08,,False
944988,Additional Development of Ratna-I [ADR-I] and NLM-14 Project,Oil and Natural Gas Corporation Limited [ONGC],,,color,Offshore,,2026-07-01,2026-07-01,2029-03-01,,6274.0,,True,0.0,0.0,2026-08,Table 6,78,431,Ministry of Petroleum & Natural Gas,Oil & Gas,ONGC,Oil and Natural Gas Corporation Limited [ONGC],,MoPNG,Energy,False,False,Mega,,,2026-08,1,2026-08,,False
400171,2G Ethanol Biorefinery at Bathinda,Hindustan Petroleum Corporation Limited,N16000402,3028,color,Punjab,Punjab,2020-05-01,2020-05-01,2023-02-01,2026-12-01,1421.46,,True,1297.86,95.9,2026-08,Table 6,78,432,Ministry of Petroleum & Natural Gas,Oil & Gas,HPCL,Hindustan Petroleum Corporation Limited [HPCL],,MoPNG,Energy,False,False,Mega,1421.46,2026-07,2026-04,5,,,False
612853,Gurdaspur Jammu Pipeline,Gas Authority of India Limited [GAIL],N16000531,,color,Punjab,Punjab,2023-07-01,2023-07-01,2026-07-01,2026-09-01,521.9,,True,349.2,92.3,2026-08,Table 6,78,433,Ministry of Petroleum & Natural Gas,Oil & Gas,GAIL,Gas Authority of India Limited [GAIL],,MoPNG,Energy,False,False,Major,521.9,2026-07,2026-04,5,,,False
709770,City Gas Distribution Project at Pathankot District,Indian Oil Corporation Limited [IOCL],N16000488,,color,Punjab,Punjab,2022-03-01,2022-03-01,2033-09-01,2033-09-01,151.0,,True,9.05,2.0,2026-08,Table 6,78,434,Ministry of Petroleum & Natural Gas,Oil & Gas,IOCL,Indian Oil Corporation Limited [IOCL],,MoPNG,Energy,False,False,Major,151.0,2026-07,2026-04,5,,,False
701330,Mehsana-Bhatinda & Bhatinda-Jammu Natural Gas Pipeline,Indian Oil Corporation Limited [IOCL],,739,color,Rajasthan,Rajasthan,2011-07-01,2011-07-01,2024-06-01,2027-03-01,7392.0,,True,6365.13,90.2,2026-08,Table 6,78,435,Ministry of Petroleum & Natural Gas,Oil & Gas,IOCL,Indian Oil Corporation Limited [IOCL],,MoPNG,Energy,False,False,Mega,7392.0,2026-07,2026-04,5,,,False
709794,"City Gas Distribution Projects at Fazilka [except area already authorized], Ganganagar and Hanumangarh districts",Bharat Petroleum Corporation Limited [BPCL],N16000520,,color,Rajasthan,Rajasthan,2022-12-01,2022-12-01,2030-06-01,2030-06-01,3207.0,,True,431.76,31.9,2026-08,Table 6,78,436,Ministry of Petroleum & Natural Gas,Oil & Gas,BPCL,Bharat Petroleum Corporation Limited [BPCL],,MoPNG,Energy,False,False,Mega,3207.0,2026-07,2026-04,5,,,False
167179,Group-II/III LOBS Project,Chennai Petroleum Corporation Limited [CPCL],,,color,Tamil Nadu,Tamil Nadu,2026-03-01,2026-03-01,2028-10-01,,1620.0,,True,77.53,2.2,2026-08,Table 6,78,437,Ministry of Petroleum & Natural Gas,Oil & Gas,CPCL,Chennai Petroleum Corporation Limited [CPCL],,MoPNG,Energy,False,False,Mega,,,2026-08,1,2026-08,,False
604795,CBR 9 MMTPA Project,Chennai Petroleum Corporation Limited [CPCL],N16000434,3278,color,Tamil Nadu,Tamil Nadu,2021-09-01,2021-09-01,2025-06-01,2028-10-01,31580.0,,True,1615.53,10.2,2026-08,Table 6,78,438,Ministry of Petroleum & Natural Gas,Oil & Gas,CPCL,Chennai Petroleum Corporation Limited [CPCL],,MoPNG,Energy,False,False,Mega,36354.0,2026-07,2026-04,5,,,False
701228,Kochi - Koottanad - Bangalore - Mangalore Pipeline Phase-II,Gas Authority of India Limited [GAIL],N16000285,803,color,Tamil Nadu,Tamil Nadu,2009-06-01,2009-06-01,2012-12-01,2026-09-01,2915.0,,True,4897.9,97.6,2026-08,Table 6,78,439,Ministry of Petroleum & Natural Gas,Oil & Gas,GAIL,Gas Authority of India Limited [GAIL],,MoPNG,Energy,False,False,Mega,5909.0,2026-07,2026-04,5,,,False
709750,Laying of new 28 inch Desal Water Pipeline and 10 inch Reject Water Pipeline between CPCL Manali Refinery and CPCL Desalination plant at Ennore,Chennai Petroleum Corporation Limited [CPCL],,,color,Tamil Nadu,Tamil Nadu,2024-01-01,2024-01-01,2025-09-01,2026-12-01,205.0,,True,117.98,79.1,2026-08,Table 6,78,440,Ministry of Petroleum & Natural Gas,Oil & Gas,CPCL,Chennai Petroleum Corporation Limited [CPCL],,MoPNG,Energy,False,False,Major,205.0,2026-07,2026-04,5,,,False
709796,City Gas Distribution Projects at the Nilgiris and Erode districts,Bharat Petroleum Corporation Limited [BPCL],N16000521,,color,Tamil Nadu,Tamil Nadu,2022-12-01,2022-12-01,2030-03-01,2030-03-01,3685.0,,True,322.83,25.6,2026-08,Table 6,78,441,Ministry of Petroleum & Natural Gas,Oil & Gas,BPCL,Bharat Petroleum Corporation Limited [BPCL],,MoPNG,Energy,False,False,Mega,3685.0,2026-07,2026-04,5,,,False
617822,ATF Pipeline from BPCLs Malkapur POL Installation to Hyderabad International airport,Bharat Petroleum Corporation Limited [BPCL],,,color,Telangana,Telangana,2025-03-01,2025-03-01,2027-09-01,2027-09-01,215.0,,True,47.5,34.1,2026-08,Table 6,78,442,Ministry of Petroleum & Natural Gas,Oil & Gas,BPCL,Bharat Petroleum Corporation Limited [BPCL],,MoPNG,Energy,False,False,Major,215.0,2026-07,2026-04,5,,,False
701346,North East Gas Grid,Indradhanush Gas Grid Limited,N16000439,2106,color,Tripura,Tripura,2020-04-01,2020-04-01,2024-03-01,2028-03-01,9265.0,,True,7011.75,88.6,2026-08,Table 6,78,443,Ministry of Petroleum & Natural Gas,Oil & Gas,indradhanush gas grid limited,Indradhanush Gas Grid Limited,,MoPNG,Energy,True,True,Mega,9265.0,2026-07,2026-04,5,,,False
709837,"Creation of Gas Dehydration Facilities, Tripura Asset",Oil and Natural Gas Corporation Limited [ONGC],,,color,Tripura,Tripura,2022-03-01,2022-03-01,2024-05-01,2026-10-01,209.33,,True,81.31,72.0,2026-08,Table 6,78,444,Ministry of Petroleum & Natural Gas,Oil & Gas,ONGC,Oil and Natural Gas Corporation Limited [ONGC],,MoPNG,Energy,True,True,Major,131.51,2026-07,2026-04,5,,,False
619191,Kanpur LPG Bottling Plant,Bharat Petroleum Corporation Limited [BPCL],,,color,Uttar Pradesh,Uttar Pradesh,2025-09-01,2025-09-01,2027-09-01,2027-09-01,202.0,,True,133.17,65.0,2026-08,Table 6,78,445,Ministry of Petroleum & Natural Gas,Oil & Gas,BPCL,Bharat Petroleum Corporation Limited [BPCL],,MoPNG,Energy,False,False,Major,202.0,2026-07,2026-04,5,,,False
619312,Bulk Loading Hub- Kanpur,Bharat Petroleum Corporation Limited [BPCL],,,color,Uttar Pradesh,Uttar Pradesh,2025-09-01,2025-09-01,2027-09-01,2027-09-01,186.0,,True,107.8,65.0,2026-08,Table 6,78,446,Ministry of Petroleum & Natural Gas,Oil & Gas,BPCL,Bharat Petroleum Corporation Limited [BPCL],,MoPNG,Energy,False,False,Major,186.0,2026-07,2026-04,5,2026-04,,False
709781,Revamping / Augmentation of Facilities at Mathura Bitumen Plant,Indian Oil Corporation Limited [IOCL],N16000505,,color,Uttar Pradesh,Uttar Pradesh,2022-04-01,2022-04-01,2027-06-01,2027-06-01,260.12,,True,25.84,58.8,2026-08,Table 6,78,447,Ministry of Petroleum & Natural Gas,Oil & Gas,IOCL,Indian Oil Corporation Limited [IOCL],,MoPNG,Energy,False,False,Major,260.12,2026-07,2026-04,5,,,False
709795,"City Gas Distribution Projects at Lakhimpur Kheri , Sitapur, Bahraich, Shravasti,Balrampur, Siddharth Nagar & Maharajganj districts",Bharat Petroleum Corporation Limited [BPCL],N16000525,,color,Uttar Pradesh,Uttar Pradesh,2022-12-01,2022-12-01,2030-06-01,2030-06-01,16654.0,,True,763.51,20.0,2026-08,Table 6,78,448,Ministry of Petroleum & Natural Gas,Oil & Gas,BPCL,Bharat Petroleum Corporation Limited [BPCL],,MoPNG,Energy,False,False,Mega,16654.0,2026-07,2026-04,5,,,False
617302,Durgapur - Haldia Pipeline [Section-3B of JHBDPL Project],Gas Authority of India Limited [GAIL],N16000275,,color,West Bengal,West Bengal,2017-03-01,2017-03-01,2020-12-01,2026-09-01,1740.0,,True,2392.6,95.7,2026-08,Table 6,79,449,Ministry of Petroleum & Natural Gas,Oil & Gas,GAIL,Gas Authority of India Limited [GAIL],,MoPNG,Energy,False,False,Mega,2583.0,2026-07,2026-04,5,,,False
617828,Siliguri-Jhapa Pipeline Project,Indian Oil Corporation Limited [IOCL],,,color,West Bengal,West Bengal,2024-09-01,2024-09-01,2029-08-01,2029-08-01,267.0,,True,3.4,17.5,2026-08,Table 6,79,450,Ministry of Petroleum & Natural Gas,Oil & Gas,IOCL,Indian Oil Corporation Limited [IOCL],,MoPNG,Energy,False,False,Major,267.0,2026-07,2026-04,5,,,False
617837,Siliguri Marketing Terminal [SMT] Capacity Augmentation Project,Numaligarh Refinery Limited,,,color,West Bengal,West Bengal,2021-11-01,2021-11-01,2025-12-01,2026-10-01,484.0,,True,321.23,90.0,2026-08,Table 6,79,451,Ministry of Petroleum & Natural Gas,Oil & Gas,numaligarh refinery limited,Numaligarh Refinery Limited,,MoPNG,Energy,False,False,Major,484.0,2026-07,2026-04,5,,,False
701344,Dhamra Haldia Pipeline Project,Gas Authority of India Limited [GAIL],N16000391,2527,color,West Bengal,West Bengal,2020-03-01,2020-03-01,2022-11-01,2026-09-01,1030.65,,True,929.0,94.5,2026-08,Table 6,79,452,Ministry of Petroleum & Natural Gas,Oil & Gas,GAIL,Gas Authority of India Limited [GAIL],,MoPNG,Energy,False,False,Mega,1125.0,2026-07,2026-04,5,,,False
709772,"City Gas Distribution Project at East Mednipore, West Mednipore & Jhargram Districts",Indian Oil Corporation Limited [IOCL],N16000491,,color,West Bengal,West Bengal,2022-03-01,2022-03-01,2031-06-01,2031-06-01,609.0,,True,64.84,3.1,2026-08,Table 6,79,453,Ministry of Petroleum & Natural Gas,Oil & Gas,IOCL,Indian Oil Corporation Limited [IOCL],,MoPNG,Energy,False,False,Major,609.0,2026-07,2026-04,5,,,False
709791,City Gas Distribution Projects at Alipurduar and Cooch Behar,Bharat Petroleum Corporation Limited [BPCL],N16000522,,color,West Bengal,West Bengal,2022-12-01,2022-12-01,2030-03-01,2030-03-01,1017.0,,True,246.55,44.0,2026-08,Table 6,79,454,Ministry of Petroleum & Natural Gas,Oil & Gas,BPCL,Bharat Petroleum Corporation Limited [BPCL],,MoPNG,Energy,False,False,Mega,1017.0,2026-07,2026-04,5,,,False
701172,AIIMS Darbhanga,PMSSY AND Institute of NATIONAL Importance,,3216,color,Bihar,Bihar,2020-09-01,2020-09-01,2029-07-01,,2006.07,,True,40.33,1.13,2026-08,Table 6,79,455,Ministry of Health & Family Welfare,Healthcare,pmssy and institute of national importance,PMSSY AND Institute of NATIONAL Importance,,MoHFW,Social & Commercial,False,False,Mega,2006.07,2026-07,2026-04,5,,,False
707020,Establishment of new GMC Jamui,"Medical Education, Ministry of Health and Family Welfare",,10127,color,Bihar,Bihar,2019-03-01,2022-10-01,2025-10-01,,250.0,,True,103.41,32.0,2026-08,Table 6,79,456,Ministry of Health & Family Welfare,Healthcare,medical education ministry of health and family welfare,"Medical Education, Ministry of Health and Family Welfare",,MoHFW,Social & Commercial,False,False,Major,500.0,2026-07,2026-04,5,,DQ10; DQ13,False
707044,Establishment of new GMC Korba,"Medical Education, Ministry of Health and Family Welfare",,,color,Chhattisgarh,Chhattisgarh,2023-02-01,2023-10-01,2026-12-01,,325.0,,True,179.59,56.0,2026-08,Table 6,79,457,Ministry of Health & Family Welfare,Healthcare,medical education ministry of health and family welfare,"Medical Education, Ministry of Health and Family Welfare",,MoHFW,Social & Commercial,False,False,Major,322.85,2026-07,2026-04,5,,,False
707045,Establishment of new GMC Mahasamund,"Medical Education, Ministry of Health and Family Welfare",,,color,Chhattisgarh,Chhattisgarh,2023-10-01,2023-10-01,2026-05-01,,325.0,,True,321.7,84.0,2026-08,Table 6,79,458,Ministry of Health & Family Welfare,Healthcare,medical education ministry of health and family welfare,"Medical Education, Ministry of Health and Family Welfare",,MoHFW,Social & Commercial,False,False,Major,325.0,2026-07,2026-04,5,,DQ10,False
707046,Establishment of new GMC Kanker,"Medical Education, Ministry of Health and Family Welfare",,,color,Chhattisgarh,Chhattisgarh,2020-02-01,2024-09-01,2027-03-01,,325.0,,True,37.1,45.0,2026-08,Table 6,79,459,Ministry of Health & Family Welfare,Healthcare,medical education ministry of health and family welfare,"Medical Education, Ministry of Health and Family Welfare",,MoHFW,Social & Commercial,False,False,Major,325.0,2026-07,2026-04,5,,,False
617882,"Setting up IT Infrastructure including Network Security and Hosting at AIIMS, New Delhi",PMSSY AND Institute of NATIONAL Importance,,,color,Delhi,Delhi,2025-09-01,2025-09-01,2026-09-01,,358.19,,True,53.73,50.0,2026-08,Table 6,79,460,Ministry of Health & Family Welfare,Healthcare,pmssy and institute of national importance,PMSSY AND Institute of NATIONAL Importance,,MoHFW,Social & Commercial,False,False,Major,358.19,2026-07,2026-04,5,,,False
617883,"Redevelopment of Residential colonies at Ayur Vigyan Nagar and West Ansari Nagar campuses of AIIMS, New Delhi",PMSSY AND Institute of NATIONAL Importance,,10791,color,Delhi,Delhi,2016-10-01,2022-06-01,2027-06-01,,4441.0,,True,44.44,57.0,2026-08,Table 6,79,461,Ministry of Health & Family Welfare,Healthcare,pmssy and institute of national importance,PMSSY AND Institute of NATIONAL Importance,,MoHFW,Social & Commercial,False,False,Mega,4441.0,2026-07,2026-04,5,,,False
701170,AIIMS Rajkot,PMSSY AND Institute of NATIONAL Importance,,3219,color,Gujarat,Gujarat,2019-01-01,2019-01-01,2026-03-01,2026-12-01,1195.0,,True,809.29,94.1,2026-08,Table 6,79,462,Ministry of Health & Family Welfare,Healthcare,pmssy and institute of national importance,PMSSY AND Institute of NATIONAL Importance,,MoHFW,Social & Commercial,False,False,Mega,1195.0,2026-07,2026-04,5,,,False
707049,Establishment of new GMC Panchmahal,"Medical Education, Ministry of Health and Family Welfare",,10708,color,Gujarat,Gujarat,2022-09-01,2022-09-01,2026-03-01,,325.0,,True,467.35,98.0,2026-08,Table 6,79,463,Ministry of Health & Family Welfare,Healthcare,medical education ministry of health and family welfare,"Medical Education, Ministry of Health and Family Welfare",,MoHFW,Social & Commercial,False,False,Major,663.5,2026-07,2026-04,5,,DQ10,False
707050,Establishment of new GMC Porbandar,"Medical Education, Ministry of Health and Family Welfare",,10710,color,Gujarat,Gujarat,2022-04-01,2022-10-01,2024-09-01,,325.0,,True,936.84,81.0,2026-08,Table 6,79,464,Ministry of Health & Family Welfare,Healthcare,medical education ministry of health and family welfare,"Medical Education, Ministry of Health and Family Welfare",,MoHFW,Social & Commercial,False,False,Major,618.98,2026-07,2026-04,5,,DQ10,False
701173,AIIMS Majra Rewari Haryana,Ministry of Health and Family Welfare,N21000032,4799,color,Haryana,Haryana,2019-02-01,2019-02-01,2026-12-01,2026-12-01,1299.0,,True,772.62,69.7,2026-08,Table 6,79,465,Ministry of Health & Family Welfare,Healthcare,ministry of health and family welfare,Ministry of Health and Family Welfare,,MoHFW,Social & Commercial,False,False,Mega,1646.43,2026-07,2026-04,5,,,False
701167,AIIMS Kashmir at Awantipora Jammu & Kashmir,PMSSY AND Institute of NATIONAL Importance,N28000150,3209,color,Jammu and Kashmir,Jammu and Kashmir,2019-01-01,2019-03-01,2025-12-01,2026-12-01,1828.0,,True,1624.3,80.0,2026-08,Table 6,79,466,Ministry of Health & Family Welfare,Healthcare,pmssy and institute of national importance,PMSSY AND Institute of NATIONAL Importance,,MoHFW,Social & Commercial,False,False,Mega,2570.19,2026-07,2026-04,5,,,False
707051,Establishment of new GMc Udhampur,"Medical Education, Ministry of Health and Family Welfare",,,color,Jammu and Kashmir,Jammu and Kashmir,2019-09-01,2022-01-01,2027-03-01,,325.0,,True,226.08,85.0,2026-08,Table 6,79,467,Ministry of Health & Family Welfare,Healthcare,medical education ministry of health and family welfare,"Medical Education, Ministry of Health and Family Welfare",,MoHFW,Social & Commercial,False,False,Major,325.0,2026-07,2026-05,4,2026-05,,False
707021,Establishment of new GMC Koderma,"Medical Education, Ministry of Health and Family Welfare",,10126,color,Jharkhand,Jharkhand,2023-09-01,2024-02-01,2026-08-01,,250.0,,True,271.0,40.0,2026-08,Table 6,79,468,Ministry of Health & Family Welfare,Healthcare,medical education ministry of health and family welfare,"Medical Education, Ministry of Health and Family Welfare",,MoHFW,Social & Commercial,False,False,Major,504.8,2026-07,2026-04,5,,,False
707022,Establishment of new GMC Chaibasa [Singhbhum],"Medical Education, Ministry of Health and Family Welfare",,,color,Jharkhand,Jharkhand,2018-06-01,2023-03-01,2025-09-01,2026-09-01,250.0,,True,333.1,83.0,2026-08,Table 6,79,469,Ministry of Health & Family Welfare,Healthcare,medical education ministry of health and family welfare,"Medical Education, Ministry of Health and Family Welfare",,MoHFW,Social & Commercial,False,False,Major,454.1,2026-07,2026-04,5,,,False
707058,Establishment of new GMC Rajgarh,"Medical Education, Ministry of Health and Family Welfare",,,color,Madhya Pradesh,Madhya Pradesh,2021-12-01,2022-11-01,2024-04-01,,325.0,,True,179.5,86.0,2026-08,Table 6,80,470,Ministry of Health & Family Welfare,Healthcare,medical education ministry of health and family welfare,"Medical Education, Ministry of Health and Family Welfare",,MoHFW,Social & Commercial,False,False,Major,325.0,2026-07,2026-04,5,,DQ10,False
707059,Establishment of new GMC Mandla,"Medical Education, Ministry of Health and Family Welfare",,,color,Madhya Pradesh,Madhya Pradesh,2023-08-01,2023-10-01,2026-04-01,,325.0,,True,89.41,45.5,2026-08,Table 6,80,471,Ministry of Health & Family Welfare,Healthcare,medical education ministry of health and family welfare,"Medical Education, Ministry of Health and Family Welfare",,MoHFW,Social & Commercial,False,False,Major,325.0,2026-07,2026-04,5,,DQ10,False
707069,Establishment of new GMC Kapurthala,"Medical Education, Ministry of Health and Family Welfare",,11345,color,Punjab,Punjab,2019-11-01,2027-07-01,2028-12-01,,325.0,,True,50.0,1.0,2026-08,Table 6,80,472,Ministry of Health & Family Welfare,Healthcare,medical education ministry of health and family welfare,"Medical Education, Ministry of Health and Family Welfare",,MoHFW,Social & Commercial,False,False,Major,550.0,2026-07,2026-04,5,,,False
707070,Establishment of new GMC Hoshiarpur,"Medical Education, Ministry of Health and Family Welfare",,,color,Punjab,Punjab,2020-01-01,2026-03-01,2028-12-01,,325.0,,True,2.04,5.0,2026-08,Table 6,80,473,Ministry of Health & Family Welfare,Healthcare,medical education ministry of health and family welfare,"Medical Education, Ministry of Health and Family Welfare",,MoHFW,Social & Commercial,False,False,Major,374.75,2026-07,2026-04,5,,,False
707039,Establishment of new GMC Gangtok,"Medical Education, Ministry of Health and Family Welfare",,11583,color,Sikkim,Sikkim,2018-10-01,2018-12-01,2026-12-01,2026-07-01,250.0,,True,667.21,100.0,2026-08,Table 6,80,474,Ministry of Health & Family Welfare,Healthcare,medical education ministry of health and family welfare,"Medical Education, Ministry of Health and Family Welfare",,MoHFW,Social & Commercial,True,True,Major,635.21,2026-07,2026-04,5,,DQ09,False
701168,ALL India Institute of Medical Sciences-AIIMS Madurai,PMSSY AND Institute of NATIONAL Importance,,4797,color,Tamil Nadu,Tamil Nadu,2018-12-01,2018-12-01,2022-08-01,2026-10-01,1264.0,,True,567.36,57.0,2026-08,Table 6,80,475,Ministry of Health & Family Welfare,Healthcare,pmssy and institute of national importance,PMSSY AND Institute of NATIONAL Importance,,MoHFW,Social & Commercial,False,False,Mega,2021.51,2026-07,2026-04,5,,,False
701171,AIIMS Bibinagar,PMSSY AND Institute of NATIONAL Importance,N21000031,3220,color,Telangana,Telangana,2018-12-01,2022-07-01,2026-06-01,2026-12-01,1028.0,,True,1037.55,87.71,2026-08,Table 6,80,476,Ministry of Health & Family Welfare,Healthcare,pmssy and institute of national importance,PMSSY AND Institute of NATIONAL Importance,,MoHFW,Social & Commercial,False,False,Mega,1365.95,2026-07,2026-04,5,,,False
707086,Establishment of new GMC Rudrapur,"Medical Education, Ministry of Health and Family Welfare",,,color,Uttarakhand,Uttarakhand,2022-10-01,2024-02-01,2026-12-01,,325.0,,True,353.01,95.0,2026-08,Table 6,80,477,Ministry of Health & Family Welfare,Healthcare,medical education ministry of health and family welfare,"Medical Education, Ministry of Health and Family Welfare",,MoHFW,Social & Commercial,False,False,Major,325.0,2026-07,2026-04,5,,,False
707087,Establishment of new GMC Pithoragarh,"Medical Education, Ministry of Health and Family Welfare",,11579,color,Uttarakhand,Uttarakhand,2021-08-01,2023-04-01,2026-12-01,,325.0,,True,470.18,78.0,2026-08,Table 6,80,478,Ministry of Health & Family Welfare,Healthcare,medical education ministry of health and family welfare,"Medical Education, Ministry of Health and Family Welfare",,MoHFW,Social & Commercial,False,False,Major,768.89,2026-07,2026-04,5,,,False
612167,"Construction of 350 beds + 50 Super Specialty beds ESIC Hospital Sheelanagar, Visakhapatnam, Andhra Pradesh",Employee's State Insurance Company [ESIC],,5506,color,Andhra Pradesh,Andhra Pradesh,2021-02-01,2023-04-01,2025-10-01,2026-08-01,384.27,,True,286.38,96.0,2026-08,Table 6,80,479,Ministry of Labour and Employment,Healthcare,ESIC,Employee's State Insurance Company [ESIC],,MoLE,Social & Commercial,False,False,Major,384.27,2026-07,2026-04,5,,,False
612186,350 Bedded [Upgradable to 500 beds] ESI Hospital at Sanand,Employee's State Insurance Company [ESIC],,5504,color,Gujarat,Gujarat,2022-06-01,2023-04-01,2026-03-01,2027-05-01,558.12,,True,92.2,32.0,2026-08,Table 6,80,480,Ministry of Labour and Employment,Healthcare,ESIC,Employee's State Insurance Company [ESIC],,MoLE,Social & Commercial,False,False,Major,558.12,2026-07,2026-04,5,,,False
612211,"Demolition, Construction and upgradation of ESI Hospital, Kalol, Gujarat from 50 beds to 150 beds.",Employee's State Insurance Company [ESIC],,5628,color,Gujarat,Gujarat,2022-08-01,2023-10-01,2025-10-01,2026-11-01,205.87,,True,68.9,61.0,2026-08,Table 6,80,481,Ministry of Labour and Employment,Healthcare,ESIC,Employee's State Insurance Company [ESIC],,MoLE,Social & Commercial,False,False,Major,205.87,2026-07,2026-04,5,,,False
612745,"Construction of 200 bed ESI Hospital at Bommasandra, Karnataka",Employee's State Insurance Company [ESIC],,5614,color,Karnataka,Karnataka,2015-02-01,2024-10-01,2027-01-01,2027-05-01,278.0,,True,80.52,38.0,2026-08,Table 6,80,482,Ministry of Labour and Employment,Healthcare,ESIC,Employee's State Insurance Company [ESIC],,MoLE,Social & Commercial,False,False,Major,278.0,2026-07,2026-04,5,,,False
612748,"Construction of 100 bed ESI Hospital and Staff Quarters [32 Nos.] at Harohalli, Karnataka",Employee's State Insurance Company [ESIC],,5560,color,Karnataka,Karnataka,2019-07-01,2025-03-01,2027-02-01,,150.92,,True,31.05,32.05,2026-08,Table 6,80,483,Ministry of Labour and Employment,Healthcare,ESIC,Employee's State Insurance Company [ESIC],,MoLE,Social & Commercial,False,False,Major,150.92,2026-07,2026-04,5,,,False
612213,"Construction of 200 Bedded ESIC Hospital at Butibori, Nagpur, Maharashtra.",Employee's State Insurance Company [ESIC],,5627,color,Maharashtra,Maharashtra,2013-10-01,2022-08-01,2025-08-01,2026-09-01,194.93,,True,116.22,67.0,2026-08,Table 6,80,484,Ministry of Labour and Employment,Healthcare,ESIC,Employee's State Insurance Company [ESIC],,MoLE,Social & Commercial,False,False,Major,196.7,2026-07,2026-04,5,,,False
616691,"Upgradation & Extension of ESIC Hospital and Construction of PG Hostel / Staff Housing for ESIC Hospital at Andheri, Mumbai",Employee's State Insurance Company [ESIC],,7339,color,Maharashtra,Maharashtra,2008-12-01,2009-06-01,2025-08-01,2026-09-01,260.13,,True,216.46,89.0,2026-08,Table 6,80,485,Ministry of Labour and Employment,Healthcare,ESIC,Employee's State Insurance Company [ESIC],,MoLE,Social & Commercial,False,False,Major,260.13,2026-07,2026-04,5,,,False
612513,"Construction of 100 Bedded ESI Hospital at Duburi, Odisha.",Employee's State Insurance Company [ESIC],,5583,color,Odisha,Odisha,2010-12-01,2025-02-01,2027-06-01,,164.6,,True,17.52,7.2,2026-08,Table 6,80,486,Ministry of Labour and Employment,Healthcare,ESIC,Employee's State Insurance Company [ESIC],,MoLE,Social & Commercial,False,False,Major,164.6,2026-07,2026-04,5,,,False
612259,CONSTRUCTION OF 300 BEDDED HOSPITAL AT HARIDWAR,Employee's State Insurance Company [ESIC],,5623,color,Uttarakhand,Uttarakhand,2021-02-01,2021-12-01,2024-10-01,2026-07-01,102.4,,True,340.3,91.5,2026-08,Table 6,80,487,Ministry of Labour and Employment,Healthcare,ESIC,Employee's State Insurance Company [ESIC],,MoLE,Social & Commercial,False,False,Major,297.63,2026-07,2026-04,5,,,False
707410,Integrated Multi Modal Logistics Hub at Nangal Chaudhary in Haryana - Other Trunk Infrastructure Development Phase 1,NICDC,,4123,color,Haryana,Haryana,2018-05-01,2021-12-01,2023-12-01,2028-05-01,763.0,,True,430.0,60.0,2026-08,Table 6,80,488,Department for Promotion of Industry & Internal Trade,Logistics Infrastructure,NICDC,NICDC,,DPIIT,Transport & Logistics,False,False,Major,763.0,2026-07,2026-04,5,,,False
617727,Orvakal Industrial Area,NICDC,,9936,color,Andhra Pradesh,Andhra Pradesh,2024-08-01,2025-10-01,2028-10-01,,2786.0,,True,446.32,18.14,2026-08,Table 6,81,489,Department for Promotion of Industry & Internal Trade,Real Estate,NICDC,NICDC,,DPIIT,Social & Commercial,False,False,Mega,2786.0,2026-07,2026-04,5,2026-04,,False
617729,Kopparthy Industrial Area,NICDC,,9937,color,Andhra Pradesh,Andhra Pradesh,2024-08-01,2025-10-01,2028-10-01,,2136.0,,True,39.75,5.56,2026-08,Table 6,81,490,Department for Promotion of Industry & Internal Trade,Real Estate,NICDC,NICDC,,DPIIT,Social & Commercial,False,False,Mega,2136.0,2026-07,2026-04,5,2026-04,,False
701658,Krishnapatnam Node - Phase 1 - Roads and Services Development,National Industrial Corridor Development Corporation,,4122,color,Andhra Pradesh,Andhra Pradesh,2020-12-01,2024-02-01,2027-02-01,,2139.44,,True,1020.5,48.3,2026-08,Table 6,81,491,Department for Promotion of Industry & Internal Trade,Real Estate,national industrial corridor development corporation,National Industrial Corridor Development Corporation,,DPIIT,Social & Commercial,False,False,Mega,2139.44,2026-07,2026-04,5,,,False
707420,Gaya Integrated Manufacturing Cluster IMC in Bihar,National Industrial Corridor Development Corporation,,,color,Bihar,Bihar,2024-08-01,2026-04-01,2029-04-01,,1339.02,,True,0.0,5.0,2026-08,Table 6,81,492,Department for Promotion of Industry & Internal Trade,Real Estate,national industrial corridor development corporation,National Industrial Corridor Development Corporation,,DPIIT,Social & Commercial,False,False,Mega,1339.02,2026-07,2026-07,2,2026-07,,False
701657,Tumakuru Node - Phase 1 - Roads and Services Development,NICDC,,4121,color,Karnataka,Karnataka,2020-12-01,2023-02-01,2026-09-01,2027-09-01,1701.81,,True,375.68,28.65,2026-08,Table 6,81,493,Department for Promotion of Industry & Internal Trade,Real Estate,NICDC,NICDC,,DPIIT,Social & Commercial,False,False,Mega,1701.81,2026-07,2026-04,5,,,False
701668,Development of Palakkad Node under extension of CBIC to Kochi,National Industrial Corridor Development Corporation,,9941,color,Kerala,Kerala,2024-08-01,2025-10-01,2029-04-01,,3805.0,,True,58.62,5.37,2026-08,Table 6,81,494,Department for Promotion of Industry & Internal Trade,Real Estate,national industrial corridor development corporation,National Industrial Corridor Development Corporation,,DPIIT,Social & Commercial,False,False,Mega,3805.0,2026-07,2026-04,5,2026-04,,False
701662,IMC Rajpura - Patiala Development Project,National Industrial Corridor Development Corporation,,,color,Punjab,Punjab,2024-08-01,2026-03-01,2028-09-01,,1367.72,,True,0.0,4.95,2026-08,Table 6,81,495,Department for Promotion of Industry & Internal Trade,Real Estate,national industrial corridor development corporation,National Industrial Corridor Development Corporation,,DPIIT,Social & Commercial,False,False,Mega,1367.72,2026-07,2026-07,2,2026-07,,False
603210,Development of Jodhpur Pali Marwar Industrial Area JPMIA in Rajasthan,National Industrial Corridor Development Corporation,,4249,color,Rajasthan,Rajasthan,2024-08-01,2026-01-01,2028-07-01,,921.66,,True,0.0,7.5,2026-08,Table 6,81,496,Department for Promotion of Industry & Internal Trade,Real Estate,national industrial corridor development corporation,National Industrial Corridor Development Corporation,,DPIIT,Social & Commercial,False,False,Major,921.66,2026-07,2026-05,4,2026-05,,False
601812,Development of Zaheerabad Node under Hyderabad Nagpur Industrial Corridor,National Industrial Corridor Development Corporation,,9939,color,Telangana,Telangana,2024-08-01,2026-02-01,2029-02-01,,2360.0,,True,63.19,5.72,2026-08,Table 6,81,497,Department for Promotion of Industry & Internal Trade,Real Estate,national industrial corridor development corporation,National Industrial Corridor Development Corporation,,DPIIT,Social & Commercial,False,False,Mega,2360.0,2026-07,2026-04,5,2026-04,,False
707419,IMC at Prayagraj,National Industrial Corridor Development Corporation,,9938,color,Uttar Pradesh,Uttar Pradesh,2024-08-01,2026-04-01,2027-06-01,,658.0,,True,75.63,29.32,2026-08,Table 6,81,498,Department for Promotion of Industry & Internal Trade,Real Estate,national industrial corridor development corporation,National Industrial Corridor Development Corporation,,DPIIT,Social & Commercial,False,False,Major,658.0,2026-07,2026-04,5,2026-04,,False
701661,Development of IMC Khurpia Farms under AKIC Project,National Industrial Corridor Development Corporation,,,color,Uttarakhand,Uttarakhand,2024-08-01,2026-03-01,2028-09-01,,1265.37,,True,14.89,4.1,2026-08,Table 6,81,499,Department for Promotion of Industry & Internal Trade,Real Estate,national industrial corridor development corporation,National Industrial Corridor Development Corporation,,DPIIT,Social & Commercial,False,False,Mega,1265.37,2026-07,2026-07,2,2026-07,,False
615202,Capacity expansion of Deposit-14 and 14 NMZ at Kirandul,National Mineral Development Corporation Limited [NMDC],,6244,color,Chhattisgarh,Chhattisgarh,2021-08-01,2022-07-01,2028-12-01,2028-03-01,1700.0,,True,303.01,25.27,2026-08,Table 6,81,500,Ministry of Steel,Metals & Mining,NMDC,National Mineral Development Corporation Limited [NMDC],,MoS,Others,False,False,Mega,1756.2,2026-07,2026-04,5,,DQ09,False
658240,Shaft Sinking Projects at Kandri Mine.,MOIL Limited,,,color,Maharashtra,Maharashtra,2025-06-01,2026-04-01,2030-04-01,,196.9,,True,2.85,0.9,2026-08,Table 6,81,501,Ministry of Steel,Metals & Mining,moil limited,MOIL Limited,,MoS,Others,False,False,Major,,,2026-08,1,2026-08,,False
928129,Shaft Sinking Projects at Dongri Buzurg Mine.,MOIL Limited,,,color,Maharashtra,Maharashtra,2025-06-01,2026-04-01,2030-04-01,,217.45,,True,3.94,0.6,2026-08,Table 6,81,502,Ministry of Steel,Metals & Mining,moil limited,MOIL Limited,,MoS,Others,False,False,Major,,,2026-08,1,2026-08,,False
505491,Installation of 140 TPH Walking Beam type Reheating Furnace in Plate Mill at BSP,Steel Authority of India Limited (SAIL),,,color,Chhattisgarh,Chhattisgarh,2026-02-01,2026-03-01,2028-03-01,,268.36,,True,0.0,0.0,2026-08,Table 6,81,503,Ministry of Steel,Steel,SAIL,Steel Authority of India Limited [SAIL],,MoS,Others,False,False,Major,268.36,2026-07,2026-07,2,2026-07,,False
617243,Replacement of Hot Leveller No.1 of Plate Mill at Bhilai Steel Plant,Steel Authority of India Limited [SAIL],N12000137,,color,Chhattisgarh,Chhattisgarh,2024-07-01,2024-08-01,2026-07-01,,198.62,,True,129.25,83.33,2026-08,Table 6,81,504,Ministry of Steel,Steel,SAIL,Steel Authority of India Limited [SAIL],,MoS,Others,False,False,Major,198.62,2026-07,2026-04,5,,DQ10,False
617255,"Replacement of Converter Vessels, Trunnion Rings, Support System & Installation of Secondary Emission at Bhilai Steel Plant",Steel Authority of India Limited [SAIL],N12000131,,color,Chhattisgarh,Chhattisgarh,2023-10-01,2023-12-01,2026-06-01,2026-09-01,471.83,,True,272.56,78.97,2026-08,Table 6,81,505,Ministry of Steel,Steel,SAIL,Steel Authority of India Limited [SAIL],,MoS,Others,False,False,Major,471.83,2026-07,2026-04,5,,,False
617256,Rebuilding of Coke Oven Battery No.7 & 8 at Bhilai Steel Plant,Steel Authority of India Limited [SAIL],N12000133,,color,Chhattisgarh,Chhattisgarh,2023-11-01,2024-01-01,2025-10-01,2026-09-01,884.1,,True,702.09,95.99,2026-08,Table 6,81,506,Ministry of Steel,Steel,SAIL,Steel Authority of India Limited [SAIL],,MoS,Others,False,False,Major,884.1,2026-07,2026-04,5,,,False
706811,NMDC Slurry Pipeline Project Phase-1,National Mineral Development Corporation Limited [NMDC],N12000124,870,color,Chhattisgarh,Chhattisgarh,2015-11-01,2020-09-01,2023-06-01,2026-08-01,2907.0,,True,3684.95,96.8,2026-08,Table 6,81,507,Ministry of Steel,Steel,NMDC,National Mineral Development Corporation Limited [NMDC],,MoS,Others,False,False,Mega,5427.0,2026-07,2026-04,5,,,False
709826,SCREENING PLANT-III AT KIRANDUL,National Mineral Development Corporation Limited [NMDC],N12000127,,color,Chhattisgarh,Chhattisgarh,2009-01-01,2021-10-01,2026-01-01,2027-07-01,2718.84,,True,1763.55,83.82,2026-08,Table 6,81,508,Ministry of Steel,Steel,NMDC,National Mineral Development Corporation Limited [NMDC],,MoS,Others,False,False,Mega,3062.39,2026-07,2026-04,5,,,False
944288,Super accelerated cooling system (Uniform Cooling) for high strength plates in Plate Mill at BSP,Steel Authority of India Limited (SAIL),,,color,Chhattisgarh,Chhattisgarh,2025-06-01,2025-06-01,2026-12-01,,192.21,,True,79.05,65.15,2026-08,Table 6,82,509,Ministry of Steel,Steel,SAIL,Steel Authority of India Limited [SAIL],,MoS,Others,False,False,Major,192.21,2026-07,2026-07,2,2026-07,,False
400174,"New Sinter Plant at BSL, SAIL",Steel Authority of India Limited [SAIL],N12000095,3020,color,Jharkhand,Jharkhand,2015-03-01,2015-10-01,2027-10-01,2027-06-01,1034.01,,True,1075.46,66.5,2026-08,Table 6,82,510,Ministry of Steel,Steel,SAIL,Steel Authority of India Limited [SAIL],,MoS,Others,False,False,Mega,1752.3,2026-07,2026-04,5,,DQ09,False
617249,Replacement of existing Grinders in CRM-I & II at Bokaro Steel Plant,Steel Authority of India Limited [SAIL],N12000142,,color,Jharkhand,Jharkhand,2025-01-01,2025-02-01,2027-01-01,,211.94,,True,143.18,69.27,2026-08,Table 6,82,511,Ministry of Steel,Steel,SAIL,Steel Authority of India Limited [SAIL],,MoS,Others,False,False,Major,211.94,2026-07,2026-04,5,,,False
617250,Secondary Emission Control in Converters of SMS-II at Bokaro Steel Plant,Steel Authority of India Limited [SAIL],N12000143,,color,Jharkhand,Jharkhand,2025-01-01,2025-02-01,2026-10-01,2027-04-01,207.13,,True,110.21,57.59,2026-08,Table 6,82,512,Ministry of Steel,Steel,SAIL,Steel Authority of India Limited [SAIL],,MoS,Others,False,False,Major,207.13,2026-07,2026-04,5,,,False
617254,Replacement of remaining 04 sets of Battery Cyclones with 04 Nos. of ESPs in Sinter Plant-1 at Bokaro Steel Plant,Steel Authority of India Limited [SAIL],N12000134,,color,Jharkhand,Jharkhand,2024-03-01,2024-04-01,2026-06-01,2027-04-01,260.37,,True,131.44,56.28,2026-08,Table 6,82,513,Ministry of Steel,Steel,SAIL,Steel Authority of India Limited [SAIL],,MoS,Others,False,False,Major,260.37,2026-07,2026-04,5,,,False
617257,Rebuilding of Coke Oven Battery No.6 at Bokaro Steel Plant,Steel Authority of India Limited [SAIL],N12000135,,color,Jharkhand,Jharkhand,2023-11-01,2023-12-01,2026-11-01,2027-11-01,627.31,,True,365.64,70.5,2026-08,Table 6,82,514,Ministry of Steel,Steel,SAIL,Steel Authority of India Limited [SAIL],,MoS,Others,False,False,Major,627.31,2026-07,2026-04,5,,,False
400121,"Construction of Screening Plant-II for Donimalai and Kumaraswamy Iron Ore Mining Complex of NMDC Limited at Ballari Dt, Karnataka.",National Mineral Development Corporation Limited [NMDC],N12000136,3282,color,Karnataka,Karnataka,2014-11-01,2024-06-01,2026-08-01,,1043.63,,True,658.17,72.7,2026-08,Table 6,82,515,Ministry of Steel,Steel,NMDC,National Mineral Development Corporation Limited [NMDC],,MoS,Others,False,False,Mega,1043.63,2026-07,2026-04,5,,,False
478482,Stamp Charge Battery No.7 Coke Dry Cooling Plant at RSP,Steel Authority of India Limited (SAIL),,,color,Odisha,Odisha,2026-02-01,2026-02-01,2028-08-01,,1064.55,,True,75.81,0.0,2026-08,Table 6,82,516,Ministry of Steel,Steel,SAIL,Steel Authority of India Limited [SAIL],,MoS,Others,False,False,Mega,1064.55,2026-07,2026-07,2,2026-07,,False
589703,Implementation of Treatment System-2 Under ZLD at RSP,Steel Authority of India Limited (SAIL),,,color,Odisha,Odisha,2025-02-01,2025-03-01,2026-09-01,,216.02,,True,147.99,93.66,2026-08,Table 6,82,517,Ministry of Steel,Steel,SAIL,Steel Authority of India Limited [SAIL],,MoS,Others,False,False,Major,216.02,2026-07,2026-07,2,2026-07,,False
635651,"New Product Testing Laboratory for NPM, SPP & NHSM at RSP",Steel Authority of India Limited (SAIL),,,color,Odisha,Odisha,2025-06-01,2025-07-01,2027-08-01,,155.26,,True,57.69,73.86,2026-08,Table 6,82,518,Ministry of Steel,Steel,SAIL,Steel Authority of India Limited [SAIL],,MoS,Others,False,False,Major,155.26,2026-07,2026-07,2,2026-07,,False
738679,Stamp Charge Battery No.7 Battery Proper at RSP,Steel Authority of India Limited (SAIL),,,color,Odisha,Odisha,2024-09-01,2024-10-01,2028-03-01,,2584.41,,True,1251.0,59.41,2026-08,Table 6,82,519,Ministry of Steel,Steel,SAIL,Steel Authority of India Limited [SAIL],,MoS,Others,False,False,Mega,2584.41,2026-07,2026-07,2,2026-07,,False
834015,Stamp Charge Battery No.7 By-product Plant at RSP,Steel Authority of India Limited (SAIL),,,color,Odisha,Odisha,2024-09-01,2024-10-01,2028-03-01,,1140.07,,True,219.86,23.27,2026-08,Table 6,82,520,Ministry of Steel,Steel,SAIL,Steel Authority of India Limited [SAIL],,MoS,Others,False,False,Mega,1140.07,2026-07,2026-07,2,2026-07,,False
364934,Stamp Charge Battery No.12 By-product Plant at IISCO Steel Plant,Steel Authority of India Limited (SAIL),,,color,West Bengal,West Bengal,2025-01-01,2025-02-01,2028-07-01,,999.46,,True,100.91,18.87,2026-08,Table 6,82,521,Ministry of Steel,Steel,SAIL,Steel Authority of India Limited [SAIL],,MoS,Others,False,False,Major,999.46,2026-07,2026-07,2,2026-07,,False
425828,Stamp Charge Battery No.12 Coke Dry Cooling Plant at IISCO Steel Plant,Steel Authority of India Limited (SAIL),,,color,West Bengal,West Bengal,2025-01-01,2025-02-01,2028-07-01,,706.51,,True,143.16,13.7,2026-08,Table 6,82,522,Ministry of Steel,Steel,SAIL,Steel Authority of India Limited [SAIL],,MoS,Others,False,False,Major,706.51,2026-07,2026-07,2,2026-07,,False
612781,Rebuilding of COB 4 at Durgapur Steel Plant,Steel Authority of India Limited [SAIL],N12000132,5635,color,West Bengal,West Bengal,2023-09-01,2023-09-01,2027-09-01,2027-09-01,916.78,,True,248.36,38.83,2026-08,Table 6,82,523,Ministry of Steel,Steel,SAIL,Steel Authority of India Limited [SAIL],,MoS,Others,False,False,Major,916.78,2026-07,2026-04,5,,,False
617242,Installation of New Bar Mill at Durgapur Steel Plant,Steel Authority of India Limited [SAIL],N12000138,9902,color,West Bengal,West Bengal,2024-07-01,2024-08-01,2027-06-01,,2115.44,,True,994.1,69.61,2026-08,Table 6,82,524,Ministry of Steel,Steel,SAIL,Steel Authority of India Limited [SAIL],,MoS,Others,False,False,Mega,2115.44,2026-07,2026-04,5,,,False
617246,Up-gradation of Blast Furnace No. 3 at Durgapur Steel Plant,Steel Authority of India Limited [SAIL],N12000139,9900,color,West Bengal,West Bengal,2024-09-01,2024-10-01,2027-10-01,2027-10-01,758.09,,True,330.78,64.17,2026-08,Table 6,82,525,Ministry of Steel,Steel,SAIL,Steel Authority of India Limited [SAIL],,MoS,Others,False,False,Major,758.09,2026-07,2026-04,5,,,False
617248,Third Ladle Furnace in Secondary Refinery Unit at IISCO Steel Plant,Steel Authority of India Limited [SAIL],N12000141,,color,West Bengal,West Bengal,2024-11-01,2024-12-01,2026-07-01,2026-11-01,227.96,,True,119.14,73.31,2026-08,Table 6,82,526,Ministry of Steel,Steel,SAIL,Steel Authority of India Limited [SAIL],,MoS,Others,False,False,Major,227.96,2026-07,2026-04,5,,DQ13,False
617251,Revamping of Air Pollution Control Systems of SP-1 at Durgapur Steel Plant,Steel Authority of India Limited [SAIL],N12000140,,color,West Bengal,West Bengal,2024-07-01,2024-12-01,2026-05-01,2026-12-01,196.4,,True,73.24,57.33,2026-08,Table 6,82,527,Ministry of Steel,Steel,SAIL,Steel Authority of India Limited [SAIL],,MoS,Others,False,False,Major,196.4,2026-07,2026-04,5,,,False
617338,Stamp Charge Battery No.12 Battery Proper at IISCO Steel Plant,Steel Authority of India Limited [SAIL],,9892,color,West Bengal,West Bengal,2025-01-01,2025-02-01,2028-07-01,,2518.39,,True,485.99,30.51,2026-08,Table 6,82,528,Ministry of Steel,Steel,SAIL,Steel Authority of India Limited [SAIL],,MoS,Others,False,False,Mega,2518.39,2026-07,2026-04,5,,,False
400298,Nadikude-Srikalahasti 308.7 km,CAO/C/SCoR SCoR mor,N22000286,1204,color,Andhra Pradesh,Andhra Pradesh,2012-03-01,2019-10-01,2027-05-01,2028-03-01,2312.0,,True,2535.68,2.0,2026-08,Table 6,82,529,Ministry of Railways,Railways,cao c scor scor mor,CAO/C/SCoR SCoR mor,,MoR,Transport & Logistics,False,False,Mega,5906.03,2026-07,2026-04,5,,,False
611752,Doubling between Gooty-Pendakallu 29.225 km PB73/2023-24/NR,CAO/C/SCoR SCoR mor,N22000585,,color,Andhra Pradesh,Andhra Pradesh,2023-03-01,2024-06-01,2027-03-01,2027-03-01,351.83,,True,157.67,45.0,2026-08,Table 6,83,530,Ministry of Railways,Railways,cao c scor scor mor,CAO/C/SCoR SCoR mor,,MoR,Transport & Logistics,False,False,Major,351.83,2026-07,2026-04,4,,,False
611754,South Central Railway - Rail road over double line between Guntakal West-Mallapa Gate 9.64 km PB34/CR/2023-24,CAO/C/SCoR SCoR mor,,,color,Andhra Pradesh,Andhra Pradesh,2023-07-01,2024-11-01,2026-07-01,,293.3,,True,94.62,33.0,2026-08,Table 6,83,531,Ministry of Railways,Railways,cao c scor scor mor,CAO/C/SCoR SCoR mor,,MoR,Transport & Logistics,False,False,Major,293.3,2026-07,2026-04,5,,DQ10,False
612827,Flyover between Pendurthi-Simhachalam North to avoid surface crossing at Simhachalam 7.135 km PB73/2023-24/NR,CAO/C/SCoR SCoR mor,,,color,Andhra Pradesh,Andhra Pradesh,2023-04-01,2024-04-01,2027-04-01,,183.65,,True,28.73,22.0,2026-08,Table 6,83,532,Ministry of Railways,Railways,cao c scor scor mor,CAO/C/SCoR SCoR mor,,MoR,Transport & Logistics,False,False,Major,183.65,2026-07,2026-04,5,,,False
616697,3rd & 4 th line Vadlapudi-Gate Jn. incl. tie line between Gangavaram Port- Visakhapatnam Steel Plant12.04 km PB73/2023-24/NR,CAO/C/SCoR SCoR mor,,,color,Andhra Pradesh,Andhra Pradesh,2023-04-01,2024-02-01,2026-06-01,,154.28,,True,89.66,88.0,2026-08,Table 6,83,533,Ministry of Railways,Railways,cao c scor scor mor,CAO/C/SCoR SCoR mor,,MoR,Transport & Logistics,False,False,Major,154.28,2026-07,2026-04,5,,DQ10,False
617216,South Central Railway- 3rd line between Gudur-Renigunta stations 83.17 km PB34/CR/2023-24,CAO/C/SCoR SCoR mor,,7545,color,Andhra Pradesh,Andhra Pradesh,2024-10-01,2026-03-01,2027-03-01,,877.34,,True,53.46,0.0,2026-08,Table 6,83,534,Ministry of Railways,Railways,cao c scor scor mor,CAO/C/SCoR SCoR mor,,MoR,Transport & Logistics,False,False,Major,877.34,2026-07,2026-04,5,,,False
616701,Lumding-Furkating section 140 km Umbrella work PB57/2019-20/NR,CAO/C-1/NFR NFR mor,,7078,color,Assam,Assam,2024-02-01,2020-09-01,2028-02-01,,2123.7,,True,215.47,15.0,2026-08,Table 6,83,535,Ministry of Railways,Railways,cao c 1 nfr nfr mor,CAO/C-1/NFR NFR mor,,MoR,Transport & Logistics,True,True,Mega,2123.7,2026-07,2026-04,5,,,False
705572,New Bongaigaon - Goalpara - Guwahati Kamakhya 176 km,CAO/C-III/NFR NFR mor,N22000388,1796,color,Assam,Assam,2016-09-01,2019-08-01,2026-03-01,2026-03-01,4060.0,,True,3860.64,91.0,2026-08,Table 6,83,536,Ministry of Railways,Railways,cao c iii nfr nfr mor,CAO/C-III/NFR NFR mor,,MoR,Transport & Logistics,True,True,Mega,4983.94,2026-07,2026-04,5,,,False
400254,Sakri-Hasanpur 79 km,CAO/Con/North/MHX ECR mor,,1731,color,Bihar,Bihar,2023-12-01,2020-01-01,2024-12-01,2027-03-01,735.2,,True,615.76,80.0,2026-08,Table 6,83,537,Ministry of Railways,Railways,cao con north mhx ecr mor,CAO/Con/North/MHX ECR mor,,MoR,Transport & Logistics,False,False,Major,802.45,2026-07,2026-04,5,,,False
617231,East Central Railway - Construction of Bulb line at Nabinagar Ankorah 17.49Km PB45/ECoR/2024-25.,CAO/Con/South/MHX ECR mor,,9908,color,Bihar,Bihar,2024-06-01,2025-09-01,2028-06-01,,611.74,,True,0.0,0.0,2026-08,Table 6,83,538,Ministry of Railways,Railways,cao con south mhx ecr mor,CAO/Con/South/MHX ECR mor,,MoR,Transport & Logistics,False,False,Major,611.74,2026-07,2026-04,5,,,False
617239,Narkatiaganj-Raxaul-Sitamarhi-Darbhanga & Sitamarhi-Muzaffarpur Sections doubling 256 km Umbrella work PB57/2019-20/NR,CAO/Con/North/MHX ECR mor,,9904,color,Bihar,Bihar,2024-11-01,2025-11-01,2029-11-01,2030-03-01,4079.95,,True,29.38,0.0,2026-08,Table 6,83,539,Ministry of Railways,Railways,cao con north mhx ecr mor,CAO/Con/North/MHX ECR mor,,MoR,Transport & Logistics,False,False,Mega,4079.96,2026-07,2026-04,5,2026-04,,False
705366,Hajipur-Sagauli via Vaishali 148.3 km,CAO/Con/North/MHX ECR mor,220100303,1729,color,Bihar,Bihar,2007-10-01,2019-12-01,2020-03-01,2027-06-01,2067.0,,True,2889.67,74.0,2026-08,Table 6,83,540,Ministry of Railways,Railways,cao con north mhx ecr mor,CAO/Con/North/MHX ECR mor,,MoR,Transport & Logistics,False,False,Mega,3991.33,2026-07,2026-04,5,,,False
705368,Araria-Supaul 92 km,CAO/Con/North/MHX ECR mor,N22000177,2265,color,Bihar,Bihar,2009-08-01,2019-12-01,2024-03-01,2027-01-01,1605.0,,True,2179.84,40.0,2026-08,Table 6,83,541,Ministry of Railways,Railways,cao con north mhx ecr mor,CAO/Con/North/MHX ECR mor,,MoR,Transport & Logistics,False,False,Mega,2621.05,2026-07,2026-04,5,,,False
705373,Fatuah-Islampur incl. material modification for extension of new line from Neora to Daniawan Daniawan to Biharsharif Biharsharif to Barbigha Barbigha to Sheikhpura,CAO/Con/South/MHX ECR mor,N22000476,2260,color,Bihar,Bihar,2002-08-01,2020-04-01,2023-03-01,2025-08-01,1473.0,,True,3044.61,95.0,2026-08,Table 6,83,542,Ministry of Railways,Railways,cao con south mhx ecr mor,CAO/Con/South/MHX ECR mor,,MoR,Transport & Logistics,False,False,Mega,3259.35,2026-07,2026-04,5,,,False
705526,Samastipur-Darbhanga 38 km,CAO/Con/North/MHX ECR mor,N22000329,2308,color,Bihar,Bihar,2015-11-01,2019-08-01,2025-03-01,2025-10-01,519.0,,True,751.29,92.0,2026-08,Table 6,83,543,Ministry of Railways,Railways,cao con north mhx ecr mor,CAO/Con/North/MHX ECR mor,,MoR,Transport & Logistics,False,False,Major,973.56,2026-07,2026-04,5,,,False
705527,Sagauli - Valmikinagar 109.7 km,CAO/Con/North/MHX ECR mor,N22000472,2309,color,Bihar,Bihar,2018-03-01,2019-12-01,2025-12-01,2025-12-01,1216.0,,True,1464.5,91.0,2026-08,Table 6,83,544,Ministry of Railways,Railways,cao con north mhx ecr mor,CAO/Con/North/MHX ECR mor,,MoR,Transport & Logistics,False,False,Mega,1558.77,2026-07,2026-04,5,,,False
705528,Muzaffarpur - Sagauli 100.6 km,CAO/Con/North/MHX ECR mor,N22000473,2310,color,Bihar,Bihar,2018-03-01,2019-12-01,2024-06-01,2026-06-01,1586.0,,True,1564.08,99.0,2026-08,Table 6,83,545,Ministry of Railways,Railways,cao con north mhx ecr mor,CAO/Con/North/MHX ECR mor,,MoR,Transport & Logistics,False,False,Mega,1744.84,2026-07,2026-04,5,,,False
706860,Barauni-Bachwara 16 km - 3rd & 4th line incl Barauni yard remodelling 32 km Umbrella work PB57/2019-20/NR,CAO/Con/North/MHX ECR mor,N22000524,9923,color,Bihar,Bihar,2022-10-01,2023-06-01,2025-08-01,2026-10-01,645.0,,True,237.7,38.0,2026-08,Table 6,83,546,Ministry of Railways,Railways,cao con north mhx ecr mor,CAO/Con/North/MHX ECR mor,,MoR,Transport & Logistics,False,False,Major,485.58,2026-07,2026-04,5,,,False
900874,Jhajha - Batia 20 km Umbrella work PB23/2018-19/NR,CAO/Con/South/MHX ECR mor,,9901,color,Bihar,Bihar,2019-02-01,2020-01-01,2028-03-01,2030-01-01,588.18,,True,29.78,0.0,2026-08,Table 6,83,547,Ministry of Railways,Railways,cao con south mhx ecr mor,CAO/Con/South/MHX ECR mor,,MoR,Transport & Logistics,False,False,Major,588.18,2026-07,2026-04,5,,,False
400291,Kirandul-Jagdalpur 150 km,CAO/C/ECOR ECoR mor,N22000318,1456,color,Chhattisgarh,Chhattisgarh,2013-02-01,2019-11-01,2020-03-01,2027-04-01,1589.0,,True,1369.01,89.0,2026-08,Table 6,83,548,Ministry of Railways,Railways,cao c ecor ecor mor,CAO/C/ECOR ECoR mor,,MoR,Transport & Logistics,False,False,Mega,1798.0,2026-07,2026-04,5,,,False
612815,Nipania-Bhatapra 14.4 km 4th line PB72/NR/2022-23,CAOC/SECR SECR mor,N22000573,,color,Chhattisgarh,Chhattisgarh,2022-12-01,2024-05-01,2027-03-01,,170.49,,True,13.63,3.0,2026-08,Table 6,83,549,Ministry of Railways,Railways,caoc secr secr mor,CAOC/SECR SECR mor,,MoR,Transport & Logistics,False,False,Major,170.49,2026-07,2026-04,5,,,False
706854,Boridand-Ambikapur 118.81 km Umbrella work PB57/2019-20/NR,CAOC/SECR SECR mor,N22000580,,color,Chhattisgarh,Chhattisgarh,2022-06-01,2023-03-01,2030-06-01,2030-06-01,1376.0,,True,512.14,38.0,2026-08,Table 6,83,550,Ministry of Railways,Railways,caoc secr secr mor,CAOC/SECR SECR mor,,MoR,Transport & Logistics,False,False,Mega,1576.72,2026-07,2026-04,5,,,False
709818,4th line - Rajnandgaon-Dongarhgarh 31.2 km PB72/NR/2022-23,CAOC/SECR SECR mor,N22000577,,color,Chhattisgarh,Chhattisgarh,2022-09-01,2024-03-01,2027-01-01,2027-01-01,328.34,,True,101.52,5.0,2026-08,Table 6,84,551,Ministry of Railways,Railways,caoc secr secr mor,CAOC/SECR SECR mor,,MoR,Transport & Logistics,False,False,Major,328.34,2026-07,2026-04,5,,,False
709819,3rd & 4th line - Saragbundia & Madwarani 12.2 km PB72/NR/2022-23,CAOC/SECR SECR mor,N22000579,,color,Chhattisgarh,Chhattisgarh,2022-09-01,2025-05-01,2026-12-01,2026-12-01,167.64,,True,28.49,10.0,2026-08,Table 6,84,552,Ministry of Railways,Railways,caoc secr secr mor,CAOC/SECR SECR mor,,MoR,Transport & Logistics,False,False,Major,167.64,2026-07,2026-04,5,,,False
705583,Anand Vihar-Tilak Bridge - 3rd & 4th line 9.77 km,CAOC/NR NR mor,N22000281,2336,color,Delhi,Delhi,2012-06-01,2020-01-01,2023-03-01,2027-12-01,667.0,,True,400.84,23.0,2026-08,Table 6,84,553,Ministry of Railways,Railways,caoc nr nr mor,CAOC/NR NR mor,,MoR,Transport & Logistics,False,False,Major,701.88,2026-07,2026-04,5,,,False
706865,Chandorgaon-Cansaulim rail flyover 16 km Umbrella work PB57/2019-20/NR,CAOC/SWR SWR mor,,6111,color,Goa,Goa,,2022-01-01,2031-03-01,,1892.0,,True,0.0,0.0,2026-08,Table 6,84,554,Ministry of Railways,Railways,caoc swr swr mor,CAOC/SWR SWR mor,,MoR,Transport & Logistics,False,False,Mega,1892.0,2026-07,2026-04,5,2026-04,DQ11,False
611918,Kosamba- Umarpada 69.70 Km PB32/WR/2023-24,CAOCWR WR mor,,,color,Gujarat,Gujarat,2023-07-01,2024-01-01,2027-03-01,,468.0,,True,161.5,31.0,2026-08,Table 6,84,555,Ministry of Railways,Railways,caocwr wr mor,CAOCWR WR mor,,MoR,Transport & Logistics,False,False,Major,468.0,2026-07,2026-04,5,,,False
611943,New BG line between Naliya - Jakhau Port 24.88 Km,CAOCWR WR mor,N22000550,,color,Gujarat,Gujarat,2023-02-01,2024-08-01,2028-01-01,2028-02-01,410.26,,True,11.9,5.0,2026-08,Table 6,84,556,Ministry of Railways,Railways,caocwr wr mor,CAOCWR WR mor,,MoR,Transport & Logistics,False,False,Major,410.26,2026-07,2026-04,5,,,False
611945,Petlad-Bhadran 22.5 km,CAOCWR WR mor,N22000538,,color,Gujarat,Gujarat,2022-05-01,2023-04-01,2030-05-01,2030-05-01,307.11,,True,115.19,32.0,2026-08,Table 6,84,557,Ministry of Railways,Railways,caocwr wr mor,CAOCWR WR mor,,MoR,Transport & Logistics,False,False,Major,307.12,2026-07,2026-04,5,,,False
611970,Samlaya-Timba Road 53.53 km,CAOCWR WR mor,N22000540,5448,color,Gujarat,Gujarat,2023-02-01,2023-05-01,2030-03-01,2030-03-01,670.17,,True,202.51,25.0,2026-08,Table 6,84,558,Ministry of Railways,Railways,caocwr wr mor,CAOCWR WR mor,,MoR,Transport & Logistics,False,False,Major,670.17,2026-07,2026-04,5,,,False
611971,Samni-Jambusar 24.08 km,CAOCWR WR mor,N22000541,,color,Gujarat,Gujarat,2022-05-01,2022-08-01,2030-03-01,2030-03-01,350.0,,True,189.28,40.0,2026-08,Table 6,84,559,Ministry of Railways,Railways,caocwr wr mor,CAOCWR WR mor,,MoR,Transport & Logistics,False,False,Major,349.93,2026-07,2026-04,5,,,False
611974,Western Railway- Samakhiali-Gandhidham Quadrupiling 53 km PB34/CR/2023-24,CAOCWR WR mor,,5449,color,Gujarat,Gujarat,2023-08-01,2024-04-01,2026-12-01,2027-12-01,1430.0,,True,796.21,50.0,2026-08,Table 6,84,560,Ministry of Railways,Railways,caocwr wr mor,CAOCWR WR mor,,MoR,Transport & Logistics,False,False,Mega,1430.0,2026-07,2026-04,5,,,False
612072,Barejadi Nandej Geratpur - Sanand - 4th line 38.20 km,CAOCWR WR mor,N22000532,5465,color,Gujarat,Gujarat,2023-02-01,2024-02-01,2027-03-01,2028-07-01,961.67,,True,569.92,25.0,2026-08,Table 6,84,561,Ministry of Railways,Railways,caocwr wr mor,CAOCWR WR mor,,MoR,Transport & Logistics,False,False,Major,961.67,2026-07,2026-04,5,,,False
705458,Miyagam-Karjan-Dabhoi-Samlaya 96.46 km- Gauge conversion with electrification,CAOCWR WR mor,N22000142,1781,color,Gujarat,Gujarat,2017-01-01,2019-08-01,2026-12-01,2026-12-01,483.88,,True,886.85,34.0,2026-08,Table 6,84,562,Ministry of Railways,Railways,caocwr wr mor,CAOCWR WR mor,,MoR,Transport & Logistics,False,False,Major,1015.07,2026-07,2026-04,5,,,False
706763,Rajkot-Kanalus 111.20 km,CAOCWR WR mor,N22000535,3803,color,Gujarat,Gujarat,2021-10-01,2019-12-01,2026-10-01,2026-06-01,1080.58,,True,1148.79,90.0,2026-08,Table 6,84,563,Ministry of Railways,Railways,caocwr wr mor,CAOCWR WR mor,,MoR,Transport & Logistics,False,False,Mega,1205.18,2026-07,2026-04,5,,DQ09,False
709812,Nadiad-Petlad 37.26 km,CAOCWR WR mor,N22000539,,color,Gujarat,Gujarat,2022-05-01,2023-10-01,2030-06-01,2030-06-01,461.91,,True,150.35,30.0,2026-08,Table 6,84,564,Ministry of Railways,Railways,caocwr wr mor,CAOCWR WR mor,,MoR,Transport & Logistics,False,False,Major,461.91,2026-07,2026-04,5,,,False
709813,New BG line intersection 5 nos between Geratpur-Sanand & Botad-Ahmedabad 16.51 km PB29/NR/2022-23,CAOCWR WR mor,N22000551,,color,Gujarat,Gujarat,2022-10-01,2023-10-01,2027-10-01,2027-10-01,437.21,,True,602.87,22.0,2026-08,Table 6,84,565,Ministry of Railways,Railways,caocwr wr mor,CAOCWR WR mor,,MoR,Transport & Logistics,False,False,Major,463.95,2026-07,2026-04,5,,,False
611884,Doubling between Bhiwani - Dobh Bahali PB73/2023-24/NR,CAOC/NWR NWR mor,N22000604,,color,Haryana,Haryana,2023-02-01,2023-11-01,2027-06-01,2028-02-01,471.0,,True,350.86,78.0,2026-08,Table 6,84,566,Ministry of Railways,Railways,caoc nwr nwr mor,CAOC/NWR NWR mor,,MoR,Transport & Logistics,False,False,Major,471.0,2026-07,2026-04,5,,,False
617372,Pradhankhunta Jn-Patherdih Bazar-Bhojudih 17.1 km Umbrella work PB57/2019- 20/NR,CAO/Con/South/MHX ECR mor,,,color,Jharkhand,Jharkhand,2022-11-01,2023-12-01,2027-11-01,2026-03-01,349.22,,True,166.86,60.0,2026-08,Table 6,84,567,Ministry of Railways,Railways,cao con south mhx ecr mor,CAO/Con/South/MHX ECR mor,,MoR,Transport & Logistics,False,False,Major,349.22,2026-07,2026-04,4,,DQ09,False
617832,Koderma-Barkakana Arigada 133 Km,CAO/Con/South/MHX ECR mor,,10780,color,Jharkhand,Jharkhand,2025-06-01,2026-06-01,2029-12-01,,2887.11,,True,0.85,0.0,2026-08,Table 6,84,568,Ministry of Railways,Railways,cao con south mhx ecr mor,CAO/Con/South/MHX ECR mor,,MoR,Transport & Logistics,False,False,Mega,2887.11,2026-07,2026-04,5,,,False
705765,Gomoh - Flyover for down trains 20 km,CAO/Con/South/MHX ECR mor,N22000611,2019,color,Jharkhand,Jharkhand,2018-01-01,2020-06-01,2026-03-01,2026-03-01,686.0,,True,543.45,65.0,2026-08,Table 6,84,569,Ministry of Railways,Railways,cao con south mhx ecr mor,CAO/Con/South/MHX ECR mor,,MoR,Transport & Logistics,False,False,Major,686.03,2026-07,2026-04,5,,,False
705785,Lodhma-Piska - Link line bypassing Hatia / Ranchi with Y connection 17.2 km,CAO/C/SER SER mor,N22000508,2397,color,Jharkhand,Jharkhand,2021-08-01,2021-09-01,2026-06-01,2027-05-01,473.0,,True,345.49,14.0,2026-08,Table 6,84,570,Ministry of Railways,Railways,cao c ser ser mor,CAO/C/SER SER mor,,MoR,Transport & Logistics,False,False,Major,472.5,2026-07,2026-04,5,,,False
705490,Gadag - Wadi 257.26 km,CAOC/SWR SWR mor,N22000299,1541,color,Karnataka,Karnataka,2013-04-01,2019-09-01,2027-03-01,2027-12-01,2842.0,,True,2324.01,35.0,2026-08,Table 6,84,571,Ministry of Railways,Railways,caoc swr swr mor,CAOC/SWR SWR mor,,MoR,Transport & Logistics,False,False,Mega,3668.17,2026-07,2026-04,5,,,False
705492,Kadur-Chickmagalur-Sakleshpur 93 km,CAOC/SWR SWR mor,N22000486,2227,color,Karnataka,Karnataka,2014-01-01,2023-02-01,2025-06-01,2025-12-01,825.0,,True,801.77,83.0,2026-08,Table 6,84,572,Ministry of Railways,Railways,caoc swr swr mor,CAOC/SWR SWR mor,,MoR,Transport & Logistics,False,False,Major,1043.15,2026-07,2026-04,5,,,False
705493,Hubli-Ankola 167 km,CAOC/SWR SWR mor,,652,color,Karnataka,Karnataka,1999-01-01,2022-05-01,2005-03-01,2030-03-01,5174.0,,True,186.31,10.0,2026-08,Table 6,85,573,Ministry of Railways,Railways,caoc swr swr mor,CAOC/SWR SWR mor,,MoR,Transport & Logistics,False,False,Mega,533.32,2026-07,2026-04,5,2026-04,,False
705495,Bagalkot-Kudachi 142 km,CAOC/SWR SWR mor,N22000258,1778,color,Karnataka,Karnataka,2010-02-01,2021-01-01,2027-03-01,2027-01-01,1378.0,,True,808.19,35.0,2026-08,Table 6,85,574,Ministry of Railways,Railways,caoc swr swr mor,CAOC/SWR SWR mor,,MoR,Transport & Logistics,False,False,Mega,1710.44,2026-07,2026-04,5,,DQ09,False
705663,Bangalore-Whitefield-Bangalore City-Krishnarajapuram 23.08 km - Quadrupling,CPM/GS/SBC SWR mor,N22000621,3892,color,Karnataka,Karnataka,2018-03-01,2020-02-01,2026-02-01,2026-02-01,493.0,,True,459.94,70.0,2026-08,Table 6,85,575,Ministry of Railways,Railways,cpm gs sbc swr mor,CPM/GS/SBC SWR mor,,MoR,Transport & Logistics,False,False,Major,717.54,2026-07,2026-04,5,,,False
705761,Shimoga-Shikaripura-Ranebennur 103 km umbrella work PB23/2018-19/NR,CAOC/SWR SWR mor,N22000559,3292,color,Karnataka,Karnataka,2019-09-01,2023-02-01,2027-12-01,2028-06-01,1454.0,,True,107.72,14.0,2026-08,Table 6,85,576,Ministry of Railways,Railways,caoc swr swr mor,CAOC/SWR SWR mor,,MoR,Transport & Logistics,False,False,Mega,455.86,2026-07,2026-04,5,,,False
705638,Kumbalam-Turavur - Patch doubling 15.59 km,CAO/CN/ERS SR mor,N22000620,1717,color,Kerala,Kerala,2023-04-01,2024-02-01,2027-03-01,2027-03-01,813.0,,True,404.17,30.0,2026-08,Table 6,85,577,Ministry of Railways,Railways,cao cn ers sr mor,CAO/CN/ERS SR mor,,MoR,Transport & Logistics,False,False,Major,1171.46,2026-07,2026-04,5,,,False
705639,Ernakulam-Kumbalam - Patch doubling 7.71 km,CAO/CN/ERS SR mor,N22000619,1716,color,Kerala,Kerala,2023-04-01,2024-02-01,2028-03-01,2027-02-01,601.0,,True,313.99,25.0,2026-08,Table 6,85,578,Ministry of Railways,Railways,cao cn ers sr mor,CAO/CN/ERS SR mor,,MoR,Transport & Logistics,False,False,Major,827.5,2026-07,2026-04,5,,DQ09,False
705419,Gwalior-Sheorpurkalan with extension to Kota 284 km,CAO/C/NCR NCR mor,N22000148,1767,color,Madhya Pradesh,Madhya Pradesh,2010-02-01,2020-09-01,2025-03-01,2026-02-01,2913.0,,True,3112.88,91.0,2026-08,Table 6,85,579,Ministry of Railways,Railways,cao c ncr ncr mor,CAO/C/NCR NCR mor,,MoR,Transport & Logistics,False,False,Mega,3947.0,2026-07,2026-04,5,,,False
705659,Satna - Rewa 50 km,CE/C-4/WCR WCR mor,N22000554,7289,color,Madhya Pradesh,Madhya Pradesh,2015-11-01,2019-09-01,2026-03-01,2026-03-01,500.0,,True,620.14,88.0,2026-08,Table 6,85,580,Ministry of Railways,Railways,ce c 4 wcr wcr mor,CE/C-4/WCR WCR mor,,MoR,Transport & Logistics,False,False,Major,646.1,2026-07,2026-04,5,,,False
705661,Katni - Grade separator / bypass 21.50 km,GM IRCON KATNI WCR mor,N22000416,1811,color,Madhya Pradesh,Madhya Pradesh,2016-08-01,2019-11-01,2024-09-01,2026-09-01,1248.0,,True,1839.46,84.0,2026-08,Table 6,85,581,Ministry of Railways,Railways,gm ircon katni wcr mor,GM IRCON KATNI WCR mor,,MoR,Transport & Logistics,False,False,Mega,2300.0,2026-07,2026-04,5,,,False
705933,Nimach-Ratlam 133 km,CAOCWR WR mor,N22000536,3802,color,Madhya Pradesh,Madhya Pradesh,2021-10-01,2022-01-01,2027-10-01,2027-10-01,1095.88,,True,1496.21,100.0,2026-08,Table 6,85,582,Ministry of Railways,Railways,caocwr wr mor,CAOCWR WR mor,,MoR,Transport & Logistics,False,False,Mega,1770.58,2026-07,2026-04,5,,,False
611751,Aurangabad-Ankai 98.25 km,CAOCON/SCR SCR mor,,5341,color,Maharashtra,Maharashtra,2023-05-01,2025-04-01,2025-12-01,,960.64,,True,401.33,0.0,2026-08,Table 6,85,583,Ministry of Railways,Railways,caocon scr scr mor,CAOCON/SCR SCR mor,,MoR,Transport & Logistics,False,False,Major,960.64,2026-07,2026-04,5,,DQ05; DQ10,False
612845,Pachora-Jamner with extension upto Malkapur-Narrow gauge to broad gauge 84 km,CAOC/CR CR mor,,7616,color,Maharashtra,Maharashtra,2022-08-01,2020-01-01,2027-08-01,,955.39,,True,308.07,10.0,2026-08,Table 6,85,584,Ministry of Railways,Railways,caoc cr cr mor,CAOC/CR CR mor,,MoR,Transport & Logistics,False,False,Major,2093.82,2026-07,2026-04,5,2026-04,,False
617215,Doubling between Parbhani-Parli Vaijnath stations 64.71 km PB34/CR/2023-24,CAOCON/SCR SCR mor,,7585,color,Maharashtra,Maharashtra,2023-12-01,2024-11-01,2028-03-01,,769.93,,True,178.5,1.0,2026-08,Table 6,85,585,Ministry of Railways,Railways,caocon scr scr mor,CAOCON/SCR SCR mor,,MoR,Transport & Logistics,False,False,Major,769.93,2026-07,2026-04,5,,,False
617364,Central Railway - Double chord line between Nilaje and Kopar 4.495 km PB34/CR/2023-24,CAOC/CR CR mor,,,color,Maharashtra,Maharashtra,2023-07-01,2025-01-01,2028-07-01,,338.33,,True,58.47,15.0,2026-08,Table 6,85,586,Ministry of Railways,Railways,caoc cr cr mor,CAOC/CR CR mor,,MoR,Transport & Logistics,False,False,Major,205.0,2026-07,2026-04,5,,,False
705356,Ahmednagar - Beed - Parli - Vaijnath New Broad Gauge Line Railway Project [261.3 km],CAOC/CR CR mor,220100181,1478,color,Maharashtra,Maharashtra,1997-02-01,2022-08-01,2026-12-01,2026-03-01,2538.67,,True,5084.82,93.0,2026-08,Table 6,85,587,Ministry of Railways,Railways,caoc cr cr mor,CAOC/CR CR mor,,MoR,Transport & Logistics,False,False,Mega,5942.48,2026-07,2026-04,5,,DQ09,False
705357,Baramati - Lonand 54 km,CAOC/CR CR mor,N22000615,2255,color,Maharashtra,Maharashtra,1999-02-01,2023-04-01,2027-03-01,2027-03-01,138.48,,True,1160.74,60.0,2026-08,Table 6,85,588,Ministry of Railways,Railways,caoc cr cr mor,CAOC/CR CR mor,,MoR,Transport & Logistics,False,False,Major,1790.5,2026-07,2026-04,5,,,False
705479,Wadsa-Gadchiroli 49.5 km,CAOC/SECR SECR mor,N22000480,2276,color,Maharashtra,Maharashtra,2017-05-01,2023-08-01,2027-03-01,2027-03-01,1886.0,,True,1015.46,69.0,2026-08,Table 6,85,589,Ministry of Railways,Railways,caoc secr secr mor,CAOC/SECR SECR mor,,MoR,Transport & Logistics,False,False,Mega,1880.61,2026-07,2026-04,5,,,False
705498,Kalyan-Kasara - 3rd line 67.62 km,CAOC/CR CR mor,N22000233,1782,color,Maharashtra,Maharashtra,2015-09-01,2023-04-01,2026-12-01,2026-12-01,792.89,,True,1165.98,73.0,2026-08,Table 6,85,590,Ministry of Railways,Railways,caoc cr cr mor,CAOC/CR CR mor,,MoR,Transport & Logistics,False,False,Major,1395.5,2026-07,2026-04,5,,,False
705500,Wardha Sevagram-Nagpur - 3rd line 76.3 km,CAOC/CR CR mor,N22000250,1784,color,Maharashtra,Maharashtra,2015-09-01,2020-07-01,2025-12-01,2026-10-01,540.02,,True,841.24,93.0,2026-08,Table 6,85,591,Ministry of Railways,Railways,caoc cr cr mor,CAOC/CR CR mor,,MoR,Transport & Logistics,False,False,Major,899.52,2026-07,2026-04,5,,,False
705502,Wardha-Balharshah - 3rd line 132 km,CAOC/CR CR mor,N22000356,1775,color,Maharashtra,Maharashtra,2016-03-01,2019-09-01,2025-12-01,2026-02-01,1384.72,,True,1911.26,86.0,2026-08,Table 6,85,592,Ministry of Railways,Railways,caoc cr cr mor,CAOC/CR CR mor,,MoR,Transport & Logistics,False,False,Mega,2603.11,2026-07,2026-04,5,,,False
705504,Daund - Manmad 247.50 km,CAOC/CR CR mor,N22000360,2304,color,Maharashtra,Maharashtra,2017-10-01,2022-09-01,2025-12-01,2026-03-01,2081.27,,True,3270.66,95.0,2026-08,Table 6,85,593,Ministry of Railways,Railways,caoc cr cr mor,CAOC/CR CR mor,,MoR,Transport & Logistics,False,False,Mega,3554.74,2026-07,2026-04,5,,,False
705505,Wardha-Nagpur - 4th line 78.70 km,CAOC/CR CR mor,N22000362,1789,color,Maharashtra,Maharashtra,2017-04-01,2021-08-01,2025-12-01,2026-10-01,637.95,,True,1094.89,93.0,2026-08,Table 6,85,594,Ministry of Railways,Railways,caoc cr cr mor,CAOC/CR CR mor,,MoR,Transport & Logistics,False,False,Major,1194.59,2026-07,2026-04,5,,,False
705735,Solapur-Osmanabad - New line via Tuljapur 84.44 km umbrella work PB23/2018- 19/NR,CAOC/CR CR mor,N22000513,2256,color,Maharashtra,Maharashtra,2019-01-01,2024-01-01,2027-03-01,2028-03-01,904.92,,True,1232.63,38.0,2026-08,Table 6,86,595,Ministry of Railways,Railways,caoc cr cr mor,CAOC/CR CR mor,,MoR,Transport & Logistics,False,False,Major,1647.87,2026-07,2026-04,5,,,False
705391,Jiribam-Imphal 110 km,CAO/C-III/NFR NFR mor,220100288,653,color,Manipur,Manipur,2003-10-01,2019-08-01,2026-12-01,2029-06-01,14323.0,,True,16931.5,78.0,2026-08,Table 6,86,596,Ministry of Railways,Railways,cao c iii nfr nfr mor,CAO/C-III/NFR NFR mor,,MoR,Transport & Logistics,True,True,Mega,21886.0,2026-07,2026-04,5,,,False
705491,Marikuppam-Kuppam 23.7 km,CAOC/SWR SWR mor,N22000308,,color,Multi-States,Andhra Pradesh; Karnataka,2011-10-01,2019-09-01,2026-06-01,2026-06-01,297.0,,True,145.88,20.0,2026-08,Table 6,86,597,Ministry of Railways,Railways,caoc swr swr mor,CAOC/SWR SWR mor,,MoR,Transport & Logistics,False,False,Major,502.13,2026-07,2026-04,5,,,False
705512,Kottavalasa-Koraput 189.278 km,CAO/C/ECOR ECoR mor,N22000377,1763,color,Multi-States,Andhra Pradesh; Odisha,2015-12-01,2019-11-01,2022-03-01,2028-03-01,2500.0,,True,2358.96,74.0,2026-08,Table 6,86,598,Ministry of Railways,Railways,cao c ecor ecor mor,CAO/C/ECOR ECoR mor,,MoR,Transport & Logistics,False,False,Mega,3580.41,2026-07,2026-04,5,,,False
617210,Tirupati-Pakala-Katpadi Doubling 104.39 Km Item83/NR/2024-25,CAO/C/SCoR SCoR mor,,7532,color,Multi-States,Andhra Pradesh; Tamil Nadu,2025-04-01,2025-12-01,2029-04-01,,1215.56,,True,0.0,0.0,2026-08,Table 6,86,599,Ministry of Railways,Railways,cao c scor scor mor,CAO/C/SCoR SCoR mor,,MoR,Transport & Logistics,False,False,Mega,1215.56,2026-07,2026-04,5,,,False
705610,"Renigunta 9.60 km, Wadi 7.60 km & Gooty 3.8 km - Bypass",CAO/C/SCoR SCoR mor,N22000587,9928,color,Multi-States,Andhra Pradesh; Tamil Nadu,2016-04-01,2021-02-01,2025-12-01,2026-03-01,302.0,,True,421.36,50.0,2026-08,Table 6,86,600,Ministry of Railways,Railways,cao c scor scor mor,CAO/C/SCoR SCoR mor,,MoR,Transport & Logistics,False,False,Major,850.74,2026-07,2026-04,5,,,False
616857,Doubling between Motumari Vishnupuram 88.81 km and Rail over Rail RoR at Motumari 10.877 Km,CAO/C/SCoR SCoR mor,,7099,color,Multi-States,Andhra Pradesh; Telangana,2024-02-01,2025-03-01,2029-03-01,,1595.55,,True,327.62,22.0,2026-08,Table 6,86,601,Ministry of Railways,Railways,cao c scor scor mor,CAO/C/SCoR SCoR mor,,MoR,Transport & Logistics,False,False,Mega,1595.55,2026-07,2026-04,5,,,False
617214,"South Central Railway- Rail connectivity to Amaravati, Capital of Andhra Pradesh Errupalem- Amaravati- Namburu New line 57 km PB7/WR/2023-24",CAO/C/SCoR SCoR mor,,7544,color,Multi-States,Andhra Pradesh; Telangana,2024-11-01,2026-01-01,2027-03-01,,2047.4,,True,155.0,0.0,2026-08,Table 6,86,602,Ministry of Railways,Railways,cao c scor scor mor,CAO/C/SCoR SCoR mor,,MoR,Transport & Logistics,False,False,Mega,2047.4,2026-07,2026-04,5,,,False
705632,Vijayawada19.50 km & Kazipet10.65 km -Byepass line,CAO/C/SCoR SCoR mor,N22000586,2000,color,Multi-States,Andhra Pradesh; Telangana,2016-04-01,2020-07-01,2025-01-01,2025-12-01,647.0,,True,711.08,90.0,2026-08,Table 6,86,603,Ministry of Railways,Railways,cao c scor scor mor,CAO/C/SCoR SCoR mor,,MoR,Transport & Logistics,False,False,Major,827.46,2026-07,2026-04,5,,,False
705401,Murkongselek-Pasighat 26.15 km,CAO/C-II/NFR NFR mor,N22000208,2273,color,Multi-States,Arunachal Pradesh; Assam,2011-02-01,2019-10-01,2025-03-01,2026-12-01,435.0,,True,1057.21,67.0,2026-08,Table 6,86,604,Ministry of Railways,Railways,cao c ii nfr nfr mor,CAO/C-II/NFR NFR mor,,MoR,Transport & Logistics,True,True,Major,1334.45,2026-07,2026-04,5,,,False
705392,Dimapur-Kohima 88 km,CAO/C-1/NFR NFR mor,N22000124,1680,color,Multi-States,Assam; Nagaland,2006-11-01,2019-09-01,2025-03-01,2029-12-01,6663.0,,True,6891.03,48.0,2026-08,Table 6,86,605,Ministry of Railways,Railways,cao c 1 nfr nfr mor,CAO/C-1/NFR NFR mor,,MoR,Transport & Logistics,True,True,Mega,15310.23,2026-07,2026-04,5,,,False
705375,Koderma-Tilaiya 68 km,CAO/Con/South/MHX ECR mor,220100305,2261,color,Multi-States,Bihar; Jharkhand,2004-11-01,2019-08-01,2025-02-01,2026-02-01,1626.0,,True,2272.44,90.0,2026-08,Table 6,86,606,Ministry of Railways,Railways,cao con south mhx ecr mor,CAO/Con/South/MHX ECR mor,,MoR,Transport & Logistics,False,False,Mega,2433.13,2026-07,2026-04,5,,,False
705385,Pirpainti - Jasidih 97 km,CAOC/ER ER mor,N22000219,1728,color,Multi-States,Bihar; Jharkhand,2014-03-01,2019-08-01,2028-03-01,2028-03-01,2555.0,,True,1779.91,40.0,2026-08,Table 6,86,607,Ministry of Railways,Railways,caoc er er mor,CAOC/ER ER mor,,MoR,Transport & Logistics,False,False,Mega,2700.43,2026-07,2026-04,5,,,False
616699,Multi tracking of Son Nagar-Andal 374.53 rkm & 814.38 tkm PB34/ECOR/2023-24,CAO/Con/South/MHX ECR mor,,7077,color,Multi-States,Bihar; Jharkhand; Uttar Pradesh; West Bengal,2023-08-01,2024-03-01,2028-03-01,,12333.57,,True,1350.85,3.0,2026-08,Table 6,86,608,Ministry of Railways,Railways,cao con south mhx ecr mor,CAO/Con/South/MHX ECR mor,,MoR,Transport & Logistics,False,False,Mega,12333.57,2026-07,2026-04,5,,,False
617224,Gorakhpur-Valmikinagar Doubling project,CONSTRUCTION / NE-RAILWAY,,7567,color,Multi-States,Bihar; Uttar Pradesh,2023-08-01,2024-03-01,2027-12-01,,1120.0,,True,442.7,46.0,2026-08,Table 6,86,609,Ministry of Railways,Railways,construction ne railway,CONSTRUCTION / NE-RAILWAY,,MoR,Transport & Logistics,False,False,Mega,1120.0,2026-07,2026-04,5,,,False
617333,Construction of surface traingle between Bhadaura and new crossing station Karma Dildarnagar-Taraghat line 11.1 km PB72/NR/2022-23,CAO/Con/South/MHX ECR mor,,,color,Multi-States,Bihar; Uttar Pradesh,2022-10-01,2024-05-01,2027-02-01,,199.96,,True,64.59,0.0,2026-08,Table 6,86,610,Ministry of Railways,Railways,cao con south mhx ecr mor,CAO/Con/South/MHX ECR mor,,MoR,Transport & Logistics,False,False,Major,199.96,2026-07,2026-04,5,,DQ05,False
705562,Chhapra-Ballia - Patch doubling 65 km,CONSTRUCTION / NE-RAILWAY,N22000134,2325,color,Multi-States,Bihar; Uttar Pradesh,2013-03-01,2020-01-01,2025-02-01,2026-05-01,963.0,,True,1008.54,95.0,2026-08,Table 6,86,611,Ministry of Railways,Railways,construction ne railway,CONSTRUCTION / NE-RAILWAY,,MoR,Transport & Logistics,False,False,Major,1010.84,2026-07,2026-04,5,,,False
617245,Katihar-Kumedpur & Katihar-Mukuria 64.5 km Umbrella work PB57/2019-20/NR,CAO/C-II/NFR NFR mor,,7607,color,Multi-States,Bihar; West Bengal,2022-08-01,2020-07-01,2027-08-01,2027-02-01,942.64,,True,952.95,65.0,2026-08,Table 6,86,612,Ministry of Railways,Railways,cao c ii nfr nfr mor,CAO/C-II/NFR NFR mor,,MoR,Transport & Logistics,False,False,Major,1961.0,2026-07,2026-04,5,,DQ09,False
705617,Rajnandgaon-Nagpur - 3rd line 228 km,CAOC/SECR SECR mor,N22000420,1851,color,Multi-States,Chhattisgarh; Maharashtra,2016-09-01,2019-12-01,2024-12-01,2026-06-01,3545.0,,True,3147.3,95.0,2026-08,Table 6,86,613,Ministry of Railways,Railways,caoc secr secr mor,CAOC/SECR SECR mor,,MoR,Transport & Logistics,False,False,Mega,3544.92,2026-07,2026-04,5,,,False
709815,4th line - Bhatapara-Hathband 8.8 km PB72/NR/2022-23,CAOC/SECR SECR mor,N22000574,,color,Multi-States,Chhattisgarh; Maharashtra,2022-09-01,2024-09-01,2027-01-01,2027-12-01,177.03,,True,21.08,3.0,2026-08,Table 6,86,614,Ministry of Railways,Railways,caoc secr secr mor,CAOC/SECR SECR mor,,MoR,Transport & Logistics,False,False,Major,177.03,2026-07,2026-04,5,,,False
709816,4th line - Bhilai-Bhilai nagar 8.8 km PB72/NR/2022-23,CAOC/SECR SECR mor,N22000575,,color,Multi-States,Chhattisgarh; Maharashtra,2022-09-01,2024-09-01,2027-02-01,2027-02-01,177.34,,True,39.39,3.0,2026-08,Table 6,86,615,Ministry of Railways,Railways,caoc secr secr mor,CAOC/SECR SECR mor,,MoR,Transport & Logistics,False,False,Major,177.34,2026-07,2026-04,5,,,False
709817,4th line - Dadhapara-Belha 9.2 km PB72/NR/2022-23,CAOC/SECR SECR mor,N22000576,,color,Multi-States,Chhattisgarh; Maharashtra,2022-09-01,2024-02-01,2026-11-01,2026-11-01,169.06,,True,65.72,10.0,2026-08,Table 6,86,616,Ministry of Railways,Railways,caoc secr secr mor,CAOC/SECR SECR mor,,MoR,Transport & Logistics,False,False,Major,169.06,2026-07,2026-04,4,,,False
705511,Jagdalpur-Koraput 110.22 km,CAO/C/ECOR ECoR mor,N22000376,2306,color,Multi-States,Chhattisgarh; Odisha,2015-12-01,2019-11-01,2024-03-01,2026-12-01,1547.0,,True,1391.95,90.0,2026-08,Table 6,87,617,Ministry of Railways,Railways,cao c ecor ecor mor,CAO/C/ECOR ECoR mor,,MoR,Transport & Logistics,False,False,Mega,1547.38,2026-07,2026-04,5,,,False
705616,Jharsuguda - Bilaspur - 4th line 206 km,CAOC/SECR SECR mor,N22000484,2001,color,Multi-States,Chhattisgarh; Odisha,2016-09-01,2020-09-01,2024-10-01,2026-03-01,2140.0,,True,2547.36,88.0,2026-08,Table 6,87,618,Ministry of Railways,Railways,caoc secr secr mor,CAOC/SECR SECR mor,,MoR,Transport & Logistics,False,False,Mega,2978.55,2026-07,2026-04,5,,,False
705453,"Dahod-Indore via Sardarpur, Jhabua & Dhar 200.97 km incl. material modification for change in alignment via Amjhera 4.82 km",CAOCWR WR mor,N22000139,1547,color,Multi-States,Gujarat; Madhya Pradesh,2012-06-01,2019-09-01,2027-02-01,2027-02-01,456.07,,True,4565.59,57.0,2026-08,Table 6,87,619,Ministry of Railways,Railways,caocwr wr mor,CAOCWR WR mor,,MoR,Transport & Logistics,False,False,Major,9217.23,2026-07,2026-04,5,,,False
705454,Chhota Udepur-Dhar 157 km,CAOCWR WR mor,N22000138,2230,color,Multi-States,Gujarat; Madhya Pradesh,2007-02-01,2019-08-01,2025-12-01,2025-12-01,1794.0,,True,1861.88,58.0,2026-08,Table 6,87,620,Ministry of Railways,Railways,caocwr wr mor,CAOCWR WR mor,,MoR,Transport & Logistics,False,False,Mega,1993.65,2026-07,2026-04,5,,,False
400022,Taranga Hill-Abu Road via Ambaji 116.65 km,CAOC/NWR NWR mor,N22000592,4458,color,Multi-States,Gujarat; Rajasthan,2022-07-01,2022-11-01,2030-07-01,2030-07-01,2798.0,,True,2061.73,50.0,2026-08,Table 6,87,621,Ministry of Railways,Railways,caoc nwr nwr mor,CAOC/NWR NWR mor,,MoR,Transport & Logistics,False,False,Mega,3198.16,2026-07,2026-04,5,,,False
705424,Chandigarh-Baddi 33.23 km,CAOC/NR NR mor,N22000467,1611,color,Multi-States,Haryana; Himachal Pradesh,2018-02-01,2019-11-01,2026-12-01,2026-12-01,1540.0,,True,1103.12,48.0,2026-08,Table 6,87,622,Ministry of Railways,Railways,caoc nr nr mor,CAOC/NR NR mor,,MoR,Transport & Logistics,False,False,Mega,1942.17,2026-07,2026-04,5,,,False
705410,Nangal Dam-Talwara 83.74 km - New broad gauge line & taking over siding Mukerian- Talwara 29.16 km,CAOC/NR NR mor,220100188,1525,color,Multi-States,Himachal Pradesh; Punjab,1983-03-01,2019-11-01,2025-12-01,2027-12-01,2018.0,,True,2998.72,84.0,2026-08,Table 6,87,623,Ministry of Railways,Railways,caoc nr nr mor,CAOC/NR NR mor,,MoR,Transport & Logistics,False,False,Mega,4076.15,2026-07,2026-04,5,,,False
705628,Bondamunda - Ranchi 158.50 km,CAO/C/SER SER mor,N22000396,1802,color,Multi-States,Jharkhand; Odisha,2016-03-01,2020-05-01,2025-06-01,2026-06-01,3029.0,,True,2706.77,95.0,2026-08,Table 6,87,624,Ministry of Railways,Railways,cao c ser ser mor,CAO/C/SER SER mor,,MoR,Transport & Logistics,False,False,Mega,3029.04,2026-07,2026-04,5,,,False
616588,Buramara - Chakulia 59.96 km PB9/SECR/2023-24,CAO/C/SER SER mor,,7027,color,Multi-States,Jharkhand; Odisha; West Bengal,2024-08-01,2025-07-01,2029-12-01,,1459.13,,True,12.55,2.0,2026-08,Table 6,87,625,Ministry of Railways,Railways,cao c ser ser mor,CAO/C/SER SER mor,,MoR,Transport & Logistics,False,False,Mega,1459.13,2026-07,2026-04,5,,,False
616227,3rd line between Chandil - Anara- Damodar section 121.26 km,CAO/C/SER SER mor,,7573,color,Multi-States,Jharkhand; West Bengal,2024-09-01,2025-10-01,2029-09-01,,1932.01,,True,10.27,0.0,2026-08,Table 6,87,626,Ministry of Railways,Railways,cao c ser ser mor,CAO/C/SER SER mor,,MoR,Transport & Logistics,False,False,Mega,1932.01,2026-07,2026-04,5,,,False
705668,Kharagpur-Adityapur - 3rd line 132 km,CMD / RVNL RVNL mor,N22000595,1862,color,Multi-States,Jharkhand; West Bengal,2016-09-01,2020-08-01,2025-03-01,2026-06-01,3250.0,,True,3297.43,98.0,2026-08,Table 6,87,627,Ministry of Railways,Railways,cmd rvnl rvnl mor,CMD / RVNL RVNL mor,,MoR,Transport & Logistics,False,False,Mega,3450.0,2026-07,2026-04,5,,,False
703586,Baiyyappanahalli-Hosur 48 km,M.D/KRIDE SWR mor,N22000542,,color,Multi-States,Karnataka; Tamil Nadu,2019-04-01,2022-11-01,2024-12-01,2026-01-01,498.7,,True,700.64,85.0,2026-08,Table 6,87,628,Ministry of Railways,Railways,m d kride swr mor,M.D/KRIDE SWR mor,,MoR,Transport & Logistics,False,False,Major,1160.0,2026-07,2026-04,5,,,False
705635,Trivandrum - Kanyakumari 86.56 km,CAO/CN/ERS SR mor,N22000399,2388,color,Multi-States,Kerala; Tamil Nadu,2017-08-01,2019-08-01,2024-03-01,2028-06-01,1432.0,,True,3294.98,60.0,2026-08,Table 6,87,629,Ministry of Railways,Railways,cao cn ers sr mor,CAO/CN/ERS SR mor,,MoR,Transport & Logistics,False,False,Mega,3785.45,2026-07,2026-04,5,,,False
705457,Ratlam-Mhow-Khandwa-Akola 472.64 km including material modification for Fatehabad-Chandrawati Ganj-Ujjain 22.96 km and Rau-DADN doubling 9.40 km,CAOCWR WR mor,N22000120,1544,color,Multi-States,Madhya Pradesh; Maharashtra,2008-01-01,2019-07-01,2027-03-01,2028-09-01,1656.25,,True,5084.39,75.0,2026-08,Table 6,87,630,Ministry of Railways,Railways,caocwr wr mor,CAOCWR WR mor,,MoR,Transport & Logistics,False,False,Mega,13314.47,2026-07,2026-04,5,,,False
705507,Itarsi-Nagpur bal. 280 km,CAOC/CR CR mor,N22000358,1772,color,Multi-States,Madhya Pradesh; Maharashtra,2016-09-01,2020-02-01,2027-03-01,2027-12-01,2449.91,,True,2318.11,55.0,2026-08,Table 6,87,631,Ministry of Railways,Railways,caoc cr cr mor,CAOC/CR CR mor,,MoR,Transport & Logistics,False,False,Mega,2509.24,2026-07,2026-04,5,,,False
705481,Ramganj Mandi-Bhopal 262 km,CPM/Kota WCR mor,220100314,1542,color,Multi-States,Madhya Pradesh; Rajasthan,2000-02-01,2019-08-01,2025-12-01,2027-12-01,3032.0,,True,4554.84,88.0,2026-08,Table 6,87,632,Ministry of Railways,Railways,cpm kota wcr mor,CPM/Kota WCR mor,,MoR,Transport & Logistics,False,False,Mega,5074.76,2026-07,2026-04,4,,,False
705764,Nimach-Badi Sadri NL Project 48 km,CAOC/NWR NWR mor,N22000503,9926,color,Multi-States,Madhya Pradesh; Rajasthan,2018-10-01,2020-08-01,2026-03-01,2026-06-01,495.0,,True,577.16,60.0,2026-08,Table 6,87,633,Ministry of Railways,Railways,caoc nwr nwr mor,CAOC/NWR NWR mor,,MoR,Transport & Logistics,False,False,Major,895.67,2026-07,2026-04,5,,,False
705667,Mathura-Jhansi - 3rd line 273.80 km,CMD / RVNL RVNL mor,N22000501,2005,color,Multi-States,Madhya Pradesh; Rajasthan; Uttar Pradesh,2016-09-01,2021-09-01,2023-12-01,2026-12-01,5961.0,,True,5725.22,94.0,2026-08,Table 6,87,634,Ministry of Railways,Railways,cmd rvnl rvnl mor,CMD / RVNL RVNL mor,,MoR,Transport & Logistics,False,False,Mega,5960.76,2026-07,2026-04,5,,,False
705480,"Lalitpur-Satna, Rewa-Singrauli & Mahoba-Khajuraho 541 km",CE/C-4/WCR WCR mor,220100232,1208,color,Multi-States,Madhya Pradesh; Uttar Pradesh,2007-01-01,2019-07-01,2027-03-01,2027-12-01,8914.0,,True,6694.7,73.0,2026-08,Table 6,87,635,Ministry of Railways,Railways,ce c 4 wcr wcr mor,CE/C-4/WCR WCR mor,,MoR,Transport & Logistics,False,False,Mega,8913.94,2026-07,2026-04,5,,,False
705598,Jhansi-Bina - 3rd line 152.57 km,CAO/C/NCR NCR mor,N22000496,2083,color,Multi-States,Madhya Pradesh; Uttar Pradesh,2016-09-01,2019-10-01,2022-03-01,2026-03-01,2002.0,,True,1949.8,98.0,2026-08,Table 6,87,636,Ministry of Railways,Railways,cao c ncr ncr mor,CAO/C/NCR NCR mor,,MoR,Transport & Logistics,False,False,Mega,2001.63,2026-07,2026-04,5,,,False
616586,Bangriposi - Gorumahisani 85.60 km PB9/SECR/2023-24,CAO/C/SER SER mor,,7025,color,Multi-States,Odisha; West Bengal,2024-08-01,2025-07-01,2029-12-01,,2269.49,,True,7.84,2.0,2026-08,Table 6,87,637,Ministry of Railways,Railways,cao c ser ser mor,CAO/C/SER SER mor,,MoR,Transport & Logistics,False,False,Mega,2269.49,2026-07,2026-04,5,,,False
705629,Narayangarh - Bhadrak - 3rd line 155 km,CAO/C/SER SER mor,N22000506,2385,color,Multi-States,Odisha; West Bengal,2019-03-01,2019-11-01,2025-12-01,2027-01-01,2400.0,,True,2927.26,87.0,2026-08,Table 6,87,638,Ministry of Railways,Railways,cao c ser ser mor,CAO/C/SER SER mor,,MoR,Transport & Logistics,False,False,Mega,3425.32,2026-07,2026-04,5,,,False
400223,Tiruchchirappalli-Nagore-Karaikal with extension of Nagapattinam-Velankani- Tiruthiraipundi incl. new material modification of Karaikal - Peralam 23 km new line,CAOC/SR SR mor,N22000626,2081,color,Multi-States,Puducherry; Tamil Nadu,1995-11-01,2019-12-01,2025-03-01,2028-03-01,713.0,,True,1271.33,80.0,2026-08,Table 6,88,639,Ministry of Railways,Railways,caoc sr sr mor,CAOC/SR SR mor,,MoR,Transport & Logistics,False,False,Major,1748.55,2026-07,2026-04,5,,,False
602797,"Sainthia, Sitarampur, Mughalsarai, Allahabad & Etawah - Bypass 35 km",CAOC/ER ER mor,N22000631,,color,Multi-States,Uttar Pradesh; West Bengal,2017-08-01,2024-04-01,2027-03-01,2027-03-01,461.64,,True,208.47,15.0,2026-08,Table 6,88,640,Ministry of Railways,Railways,caoc er er mor,CAOC/ER ER mor,,MoR,Transport & Logistics,False,False,Major,797.94,2026-07,2026-04,5,,,False
400232,Brundamal - Jharsuguda - Fly-over connection for joining down line 6.6 km,CAO/C/ECOR ECoR mor,N22000521,2015,color,Odisha,Odisha,2014-01-01,2024-02-01,2026-12-01,2026-12-01,297.0,,True,49.63,55.0,2026-08,Table 6,88,641,Ministry of Railways,Railways,cao c ecor ecor mor,CAO/C/ECOR ECoR mor,,MoR,Transport & Logistics,False,False,Major,296.51,2026-07,2026-04,5,,,False
612834,3rd & 4th line between Sarla - Sason 8 km PB73/2023-24/NR,CAO/C/ECOR ECoR mor,,,color,Odisha,Odisha,2023-04-01,2023-12-01,2025-12-01,,252.0,,True,188.33,88.0,2026-08,Table 6,88,642,Ministry of Railways,Railways,cao c ecor ecor mor,CAO/C/ECOR ECoR mor,,MoR,Transport & Logistics,False,False,Major,252.0,2026-07,2026-04,5,,DQ10,False
615915,Rourkela-Bondamunda A-Cabin 5th line 10 km Umbrella work PB57/2019-20/NR,CAO/C/SER SER mor,,,color,Odisha,Odisha,2022-09-01,2023-12-01,2024-09-01,2026-11-01,244.99,,True,162.31,50.0,2026-08,Table 6,88,643,Ministry of Railways,Railways,cao c ser ser mor,CAO/C/SER SER mor,,MoR,Transport & Logistics,False,False,Major,244.99,2026-07,2026-04,5,2026-04,,False
616694,Flyover between Siju & Paradeep coaching yard 7 km PB73/2023-24/NR,CAO/C/ECOR ECoR mor,,,color,Odisha,Odisha,2023-04-01,2025-05-01,2028-07-01,,200.77,,True,55.95,1.0,2026-08,Table 6,88,644,Ministry of Railways,Railways,cao c ecor ecor mor,CAO/C/ECOR ECoR mor,,MoR,Transport & Logistics,False,False,Major,200.77,2026-07,2026-04,5,,,False
616695,Construction of Paradeep- Badabandha 3rd & 4th line 18.51 km PB34/ECOR/2023-24,CAO/C/ECOR ECoR mor,,,color,Odisha,Odisha,2023-08-01,2025-03-01,2028-11-01,,300.15,,True,21.63,10.0,2026-08,Table 6,88,645,Ministry of Railways,Railways,cao c ecor ecor mor,CAO/C/ECOR ECoR mor,,MoR,Transport & Logistics,False,False,Major,300.15,2026-07,2026-04,5,,,False
616839,Gunupur - Therubali new line 73.62 km,CAO/C/ECOR ECoR mor,,7082,color,Odisha,Odisha,2024-08-01,2025-03-01,2029-12-01,,1165.89,,True,2.55,0.0,2026-08,Table 6,88,646,Ministry of Railways,Railways,cao c ecor ecor mor,CAO/C/ECOR ECoR mor,,MoR,Transport & Logistics,False,False,Mega,1165.73,2026-07,2026-04,5,2026-04,,False
705358,Khurda Road-Bolangir 301 km,CAO/C/ECOR ECoR mor,220100284,1476,color,Odisha,Odisha,1994-03-01,2019-09-01,2026-12-01,2026-12-01,3792.0,,True,4864.86,93.0,2026-08,Table 6,88,647,Ministry of Railways,Railways,cao c ecor ecor mor,CAO/C/ECOR ECoR mor,,MoR,Transport & Logistics,False,False,Mega,6221.98,2026-07,2026-04,5,,,False
705359,Talcher-Bimlagarh 154 km,CAO/C/ECOR ECoR mor,220100328,423,color,Odisha,Odisha,2004-03-01,2019-09-01,2025-03-01,2029-03-01,1928.0,,True,2194.73,56.0,2026-08,Table 6,88,648,Ministry of Railways,Railways,cao c ecor ecor mor,CAO/C/ECOR ECoR mor,,MoR,Transport & Logistics,False,False,Mega,4546.84,2026-07,2026-04,5,,,False
705510,Bhadrak-Nergundi - 3rd line 80 km,CAO/C/ECOR ECoR mor,N22000316,1854,color,Odisha,Odisha,2012-03-01,2019-11-01,2024-11-01,2026-01-01,1284.0,,True,1404.45,85.0,2026-08,Table 6,88,649,Ministry of Railways,Railways,cao c ecor ecor mor,CAO/C/ECOR ECoR mor,,MoR,Transport & Logistics,False,False,Mega,1600.0,2026-07,2026-04,5,,DQ13,False
705513,Koraput-Singapur Road 164.56 km,CAO/C/ECOR ECoR mor,N22000379,1857,color,Odisha,Odisha,2015-12-01,2019-11-01,2027-12-01,2028-03-01,2362.0,,True,2124.38,56.0,2026-08,Table 6,88,650,Ministry of Railways,Railways,cao c ecor ecor mor,CAO/C/ECOR ECoR mor,,MoR,Transport & Logistics,False,False,Mega,2462.17,2026-07,2026-04,5,,,False
705515,Budhapank-Salegaon via Rajatgarh - 3rd & 4th line 85 85 km,CAO/C/ECOR ECoR mor,N22000381,1752,color,Odisha,Odisha,2015-12-01,2019-10-01,2026-03-01,2026-03-01,1173.0,,True,2226.1,86.0,2026-08,Table 6,88,651,Ministry of Railways,Railways,cao c ecor ecor mor,CAO/C/ECOR ECoR mor,,MoR,Transport & Logistics,False,False,Mega,3034.8,2026-07,2026-04,5,,,False
705741,Jeypore - Navarangpur 38 km,CAO/C/ECOR ECoR mor,N22000517,3436,color,Odisha,Odisha,2017-07-01,2020-10-01,2028-07-01,2029-12-01,748.0,,True,16.28,1.0,2026-08,Table 6,88,652,Ministry of Railways,Railways,cao c ecor ecor mor,CAO/C/ECOR ECoR mor,,MoR,Transport & Logistics,False,False,Major,747.91,2026-07,2026-04,5,,,False
705742,Jeypore - Malkangiri 130 km,CAO/C/ECOR ECoR mor,N22000516,3458,color,Odisha,Odisha,2018-02-01,2020-10-01,2033-07-01,2033-07-01,2344.0,,True,738.6,6.0,2026-08,Table 6,88,653,Ministry of Railways,Railways,cao c ecor ecor mor,CAO/C/ECOR ECoR mor,,MoR,Transport & Logistics,False,False,Mega,2343.64,2026-07,2026-04,4,,,False
705783,Ludhiana-Kila Raipur 19 km with freight line at Gill station,CAOC/NR NR mor,N22000584,,color,Punjab,Punjab,2019-03-01,2022-03-01,2025-03-01,2027-02-01,237.64,,True,109.63,70.0,2026-08,Table 6,88,654,Ministry of Railways,Railways,caoc nr nr mor,CAOC/NR NR mor,,MoR,Transport & Logistics,False,False,Major,260.33,2026-07,2026-04,5,,,False
611855,Nathdwara Mavli - Devgarh Madariya 82.542 km,CAOC/NWR NWR mor,,9756,color,Rajasthan,Rajasthan,2023-01-01,2023-07-01,2028-06-01,,968.92,,True,830.89,75.0,2026-08,Table 6,88,655,Ministry of Railways,Railways,caoc nwr nwr mor,CAOC/NWR NWR mor,,MoR,Transport & Logistics,False,False,Major,1100.0,2026-07,2026-04,5,,,False
616841,Pushkar - Merta Katyasani 51.346 km,CAOC/NWR NWR mor,,7086,color,Rajasthan,Rajasthan,2024-02-01,2023-02-01,2026-12-01,2028-12-01,799.64,,True,242.08,7.0,2026-08,Table 6,88,656,Ministry of Railways,Railways,caoc nwr nwr mor,CAOC/NWR NWR mor,,MoR,Transport & Logistics,False,False,Major,799.64,2026-07,2026-04,5,,,False
616843,Ajmer-Chanderiya section 178.28 km Umbrella work PB57/2019-20/NR,CAOC/NWR NWR mor,,7084,color,Rajasthan,Rajasthan,2024-02-01,2020-09-01,2027-06-01,2028-03-01,1634.79,,True,560.17,23.0,2026-08,Table 6,88,657,Ministry of Railways,Railways,caoc nwr nwr mor,CAOC/NWR NWR mor,,MoR,Transport & Logistics,False,False,Mega,1634.79,2026-07,2026-04,5,,,False
617404,North Western Railway - New line between Ramdevra and Pokhran via Bhairav Gufa - Kailash Tekri 13.38 Km PB30/NR/2025-26,CAOC/NWR NWR mor,,,color,Rajasthan,Rajasthan,2025-04-01,2026-03-01,2028-03-01,,189.21,,True,57.4,3.0,2026-08,Table 6,88,658,Ministry of Railways,Railways,caoc nwr nwr mor,CAOC/NWR NWR mor,,MoR,Transport & Logistics,False,False,Major,189.21,2026-07,2026-04,5,,,False
705752,Gudha-Thathana Mithri - Construction of dedicated test track for testing and trial of rolling stocks and infrastructure components umbrella work PB23/2018-19/NR,CAOC/NWR NWR mor,N22000593,7072,color,Rajasthan,Rajasthan,2019-04-01,2020-09-01,2026-11-01,2026-11-01,819.48,,True,326.2,95.0,2026-08,Table 6,88,659,Ministry of Railways,Railways,caoc nwr nwr mor,CAOC/NWR NWR mor,,MoR,Transport & Logistics,False,False,Major,540.0,2026-07,2026-04,5,,,False
706836,Dedicatedtest track for RDSO Phase-2 34 km Umbrella work PB22/2019-20/NR,CAOC/NWR NWR mor,,,color,Rajasthan,Rajasthan,2021-11-01,2022-10-01,2026-11-01,,466.42,,True,586.33,98.0,2026-08,Table 6,88,660,Ministry of Railways,Railways,caoc nwr nwr mor,CAOC/NWR NWR mor,,MoR,Transport & Logistics,False,False,Major,619.19,2026-07,2026-04,5,2026-04,,False
706866,Sawaimadhopur - Bypass line 6.98 km Umbrella work PB57/2019-20/NR,CAOC/NWR NWR mor,N22000607,,color,Rajasthan,Rajasthan,2022-12-01,2023-12-01,2026-03-01,2027-05-01,304.0,,True,188.07,72.0,2026-08,Table 6,89,661,Ministry of Railways,Railways,caoc nwr nwr mor,CAOC/NWR NWR mor,,MoR,Transport & Logistics,False,False,Major,239.0,2026-07,2026-04,5,,,False
705489,Madurai-Tuticorin via Aruppukkottai 143.5 km,CAOC/SR SR mor,,1508,color,Tamil Nadu,Tamil Nadu,2011-04-01,2019-08-01,2021-07-01,2031-01-01,601.43,,True,351.21,14.0,2026-08,Table 6,89,662,Ministry of Railways,Railways,caoc sr sr mor,CAOC/SR SR mor,,MoR,Transport & Logistics,False,False,Major,2053.39,2026-07,2026-04,4,2026-04,,False
400204,"Bahraich - Khalilabad via Bhinga, Shravasti, Balrampur, Utraula, Domriyaganj, Mehdawal, Bansi 240.26 km",CAOC/NER NER mor,N22000569,2271,color,Uttar Pradesh,Uttar Pradesh,2018-10-01,2021-08-01,2030-10-01,2030-10-01,4939.78,,True,1767.82,16.0,2026-08,Table 6,89,663,Ministry of Railways,Railways,caoc ner ner mor,CAOC/NER NER mor,,MoR,Transport & Logistics,False,False,Mega,4939.78,2026-07,2026-04,5,,,False
400205,Sahjanwa - Dohrighat 81.17 km,CAOC/NER NER mor,N22000565,2270,color,Uttar Pradesh,Uttar Pradesh,2019-08-01,2022-06-01,2029-03-01,2029-03-01,1319.75,,True,749.57,1.0,2026-08,Table 6,89,664,Ministry of Railways,Railways,caoc ner ner mor,CAOC/NER NER mor,,MoR,Transport & Logistics,False,False,Mega,1319.75,2026-07,2026-04,5,,,False
617213,"Varanasi- Pt. Deen Dayal Upadhyaya - Multitracking 15 km, including construction of a new Rail- cum- Road Bridge across Ganga River",CAO/C-II/NR NR mor,,9911,color,Uttar Pradesh,Uttar Pradesh,2024-10-01,2025-07-01,2029-10-01,,2464.46,,True,119.36,7.0,2026-08,Table 6,89,665,Ministry of Railways,Railways,cao c ii nr nr mor,CAO/C-II/NR NR mor,,MoR,Transport & Logistics,False,False,Mega,2464.46,2026-07,2026-04,5,,,False
617252,Anand Nagar - Ghughuli via Maharajganj 53.37 km,CONSTRUCTION / NE-RAILWAY,,7619,color,Uttar Pradesh,Uttar Pradesh,2023-08-01,2023-10-01,2028-03-01,,958.27,,True,894.1,14.0,2026-08,Table 6,89,666,Ministry of Railways,Railways,construction ne railway,CONSTRUCTION / NE-RAILWAY,,MoR,Transport & Logistics,False,False,Major,1501.1,2026-07,2026-04,5,,,False
617370,Doubling between Jaunpur Jn - Zaffarabad 6.28 km PB73/2023-24/NR,CAOC/NR NR mor,,,color,Uttar Pradesh,Uttar Pradesh,2023-03-01,2025-01-01,2027-01-01,,180.66,,True,79.74,22.0,2026-08,Table 6,89,667,Ministry of Railways,Railways,caoc nr nr mor,CAOC/NR NR mor,,MoR,Transport & Logistics,False,False,Major,237.38,2026-07,2026-04,5,,,False
705567,Burhwal - Gonda - 3rd line 61.72 km,CAOC/NER NER mor,N22000468,2328,color,Uttar Pradesh,Uttar Pradesh,2017-11-01,2019-09-01,2025-03-01,2026-05-01,1016.0,,True,795.57,100.0,2026-08,Table 6,89,668,Ministry of Railways,Railways,caoc ner ner mor,CAOC/NER NER mor,,MoR,Transport & Logistics,False,False,Mega,1307.62,2026-07,2026-04,5,,,False
705588,Janghai - Pratapgarh - Amethi 87 km,CAO/C-II/NR NR mor,N22000583,2339,color,Uttar Pradesh,Uttar Pradesh,2017-11-01,2019-11-01,2025-03-01,2026-03-01,722.0,,True,1231.85,80.0,2026-08,Table 6,89,669,Ministry of Railways,Railways,cao c ii nr nr mor,CAO/C-II/NR NR mor,,MoR,Transport & Logistics,False,False,Major,1528.83,2026-07,2026-04,5,,,False
705766,Lalitpur - Birari with flyover at Lalitpur 15.80 km,CAO/C/NCR NCR mor,N22000546,2084,color,Uttar Pradesh,Uttar Pradesh,2017-03-01,2023-01-01,2024-12-01,2026-01-01,304.44,,True,287.94,85.0,2026-08,Table 6,89,670,Ministry of Railways,Railways,cao c ncr ncr mor,CAO/C/NCR NCR mor,,MoR,Transport & Logistics,False,False,Major,356.1,2026-07,2026-04,5,,,False
705772,Mughalsarai - Allahabad - 3rd line 150 km,CAO/C/NCR NCR mor,N22000544,2317,color,Uttar Pradesh,Uttar Pradesh,2019-08-01,2020-12-01,2026-12-01,2027-03-01,2649.0,,True,2069.77,78.0,2026-08,Table 6,89,671,Ministry of Railways,Railways,cao c ncr ncr mor,CAO/C/NCR NCR mor,,MoR,Transport & Logistics,False,False,Mega,2649.44,2026-07,2026-04,5,,,False
705777,Bhandai - Flyover for Etawah bound down trains 10 km,CAO/C/NCR NCR mor,N22000564,10080,color,Uttar Pradesh,Uttar Pradesh,2019-04-01,2024-10-01,2026-02-01,2027-02-01,250.18,,True,147.35,11.0,2026-08,Table 6,89,672,Ministry of Railways,Railways,cao c ncr ncr mor,CAO/C/NCR NCR mor,,MoR,Transport & Logistics,False,False,Major,250.18,2026-07,2026-04,5,,,False
705780,Bhatni - Aunrihar with electrification 125 km excl Indara - Mau 116.95 km,CMD / RVNL RVNL mor,N22000598,2330,color,Uttar Pradesh,Uttar Pradesh,2018-03-01,2019-07-01,2024-03-01,2026-06-01,2529.0,,True,2296.77,94.0,2026-08,Table 6,89,673,Ministry of Railways,Railways,cmd rvnl rvnl mor,CMD / RVNL RVNL mor,,MoR,Transport & Logistics,False,False,Mega,2529.46,2026-07,2026-04,5,,,False
705782,Barabanki-Malhaur - 3rd & 4th Line 32.84 km,CAO/C-II/NR NR mor,N22000590,,color,Uttar Pradesh,Uttar Pradesh,2019-01-01,2020-11-01,2025-03-01,2026-08-01,407.0,,True,444.86,77.0,2026-08,Table 6,89,674,Ministry of Railways,Railways,cao c ii nr nr mor,CAO/C-II/NR NR mor,,MoR,Transport & Logistics,False,False,Major,480.13,2026-07,2026-04,5,,,False
400247,"Kalinarayanpur-Krishnanagar with Krishnanagar-Shantipur-Nabadwipghat - GC, Krishnanagar-Chartala, MM for Krishnanagar-Chapra-NL, Naihati-Ranaghat-3rd line, Nabadwipghat-Nabadwipdham upto BB loop 9.58 km, Ranaghat-Lalgola- strengthening bridge No.2",CAOC/ER ER mor,N22000624,1852,color,West Bengal,West Bengal,2015-07-01,2019-09-01,2027-02-01,2028-03-01,1000.0,,True,926.51,49.0,2026-08,Table 6,89,675,Ministry of Railways,Railways,caoc er er mor,CAOC/ER ER mor,,MoR,Transport & Logistics,False,False,Mega,2153.91,2026-07,2026-04,5,,,False
619184,"Rehabilitation and up-gradation and completion of balance works of the section from Km 107.760 km to 129.445 km After Middle strait to Humphrey, Km 130.600 to 138.300 After Humphrey to Kadamtala of NH-4 Intermediate/2-Lane with hard shoulder in the Union Territory of Andaman & Nicobar Islands on EPC basis Package- IIIA",NHIDCL,,,color,Andaman & Nicobar Islands,Andaman & Nicobar Islands,2018-02-01,2024-03-01,2025-09-01,2026-12-01,207.45,,True,0.0,81.95,2026-08,Table 6,89,676,Ministry of Road Transport & Highways,Roads & Highways,NHIDCL,National Highways & Infrastructure Development Corporation Ltd. [NHIDCL],,MoRTH,Transport & Logistics,False,False,Major,376.48,2026-07,2026-04,5,,,False
619185,Rehabilitation and up-gradation and completion of balance work of section from Km 155.00 to Km 181.00 End of Jarwa to Rangat of NH -4 Total length 26 Km to Intermediate Lane/2-lane with hard shoulders in the UT of A&N Islands on EPC basis - Package-III.B Balance work,NHIDCL,,,color,Andaman & Nicobar Islands,Andaman & Nicobar Islands,2018-02-01,2024-05-01,2025-10-01,2027-03-01,183.56,,True,163.63,53.81,2026-08,Table 6,89,677,Ministry of Road Transport & Highways,Roads & Highways,NHIDCL,National Highways & Infrastructure Development Corporation Ltd. [NHIDCL],,MoRTH,Transport & Logistics,False,False,Major,333.12,2026-07,2026-04,5,,,False
619186,Construction of Balance works of Major Bridge over Middle Strait Creek between Km.106.590 to km108.553 of NH-04 connecting South Andaman & Baratang Island in the Union Territory of Andaman & Nicobar Islands on EPC basis,NHIDCL,,,color,Andaman & Nicobar Islands,Andaman & Nicobar Islands,2015-03-01,2024-05-01,2026-02-01,2026-12-01,262.96,,True,112.15,12.98,2026-08,Table 6,89,678,Ministry of Road Transport & Highways,Roads & Highways,NHIDCL,National Highways & Infrastructure Development Corporation Ltd. [NHIDCL],,MoRTH,Transport & Logistics,False,False,Major,371.88,2026-07,2026-04,5,,,False
617984,"Gudivada Town 2 RoB, and Road improvement NH-165",MoRTH,N24000989,,color,Andhra Pradesh,Andhra Pradesh,2022-03-01,2023-05-01,2025-05-01,2027-03-01,317.22,,True,234.36,75.2,2026-08,Table 6,90,679,Ministry of Road Transport & Highways,Roads & Highways,MORTH,MoRTH,,MoRTH,Transport & Logistics,False,False,Major,317.22,2026-07,2026-04,5,,,False
617985,Widening to two lane with paved shoulders from Km 0/0 to 64/020 Pamarru to Akiveedu,MoRTH,N24000983,10158,color,Andhra Pradesh,Andhra Pradesh,2020-03-01,2021-11-01,2023-11-01,2027-05-01,529.54,,True,441.1,74.41,2026-08,Table 6,90,680,Ministry of Road Transport & Highways,Roads & Highways,MORTH,MoRTH,,MoRTH,Transport & Logistics,False,False,Major,588.65,2026-07,2026-04,5,,,False
617986,Kurnool/Kadapa Border-Jammalamadugu section of NH-167K i.e. Design Ch. Km 248010 to km 269900 to 2,MoRTH,N24001537,,color,Andhra Pradesh,Andhra Pradesh,2023-03-01,2024-12-01,2026-12-01,2026-12-01,292.63,,True,0.0,95.77,2026-08,Table 6,90,681,Ministry of Road Transport & Highways,Roads & Highways,MORTH,MoRTH,,MoRTH,Transport & Logistics,False,False,Major,292.63,2026-07,2026-04,5,,DQ04,False
617987,Nandyala-Kurnool/Kadapa Border section of NH-167K i.e. Km 186/000 to Km 250/000Design Ch.186000 to 248010 to 2LPS,MoRTH,,10159,color,Andhra Pradesh,Andhra Pradesh,2024-10-01,2025-09-01,2027-09-01,2027-09-01,691.81,,True,256.39,49.71,2026-08,Table 6,90,682,Ministry of Road Transport & Highways,Roads & Highways,MORTH,MoRTH,,MoRTH,Transport & Logistics,False,False,Major,691.81,2026-07,2026-04,5,,,False
617988,Sangameswaram - Atmakuru section from Km 96 to Km 124 & Velegodu- Nandyal section including Nandyal Bypass from Km 143/6 to 185/9 NH-167K,MoRTH,,10160,color,Andhra Pradesh,Andhra Pradesh,2024-10-01,2025-07-01,2027-07-01,2027-07-01,776.17,,True,350.3,49.44,2026-08,Table 6,90,683,Ministry of Road Transport & Highways,Roads & Highways,MORTH,MoRTH,,MoRTH,Transport & Logistics,False,False,Major,644.14,2026-07,2026-04,5,,,False
617991,"Rehabilitation and up-gradation of NH-167 from Km 14/900 to Km70/000 Design Ch. 14/900 to 69/700 Chintakunta to Adoni section to two lane with paved shoulders in the State of Andhra Pradesh under Corridor Approach through Engineering, Procurement",MoRTH,N24001278,,color,Andhra Pradesh,Andhra Pradesh,2016-11-01,2017-05-01,2019-05-01,2026-12-01,290.15,,True,205.04,91.9,2026-08,Table 6,90,684,Ministry of Road Transport & Highways,Roads & Highways,MORTH,MoRTH,,MoRTH,Transport & Logistics,False,False,Major,290.15,2026-07,2026-04,5,,,False
618013,4-laning of Puttaparthi-Koduru Section of NH-342,MoRTH,,10164,color,Andhra Pradesh,Andhra Pradesh,2022-10-01,2023-11-01,2025-11-01,2026-10-01,1318.59,,True,640.13,94.42,2026-08,Table 6,90,685,Ministry of Road Transport & Highways,Roads & Highways,MORTH,MoRTH,,MoRTH,Transport & Logistics,False,False,Mega,909.19,2026-07,2026-04,5,,,False
618037,Rehabilitation and Up-gradation of existin of road from 2-lane to 2-lane with paved shoulders from km. 0.00 to km 53.590 total length-53.590 km of Raychoti to Vempalli section of NH-440 in the State of Andhra Pradesh on EPC mode.,MoRTH,N24001934,,color,Andhra Pradesh,Andhra Pradesh,2021-12-01,2022-05-01,2024-05-01,2026-09-01,439.82,,True,213.12,90.2,2026-08,Table 6,90,686,Ministry of Road Transport & Highways,Roads & Highways,MORTH,MoRTH,,MoRTH,Transport & Logistics,False,False,Major,359.52,2026-07,2026-04,5,,,False
618052,Gorantla - Hindupur section from Km 120/300 to 165/000 of NH716G in the State of Andhra Pradesh,MoRTH,,10169,color,Andhra Pradesh,Andhra Pradesh,2024-10-01,2025-08-01,2027-08-01,2027-08-01,808.7,,True,187.44,43.87,2026-08,Table 6,90,687,Ministry of Road Transport & Highways,Roads & Highways,MORTH,MoRTH,,MoRTH,Transport & Logistics,False,False,Major,808.7,2026-07,2026-04,5,,,False
618053,Muddanur to B. Kothapalli section of NH-716G from Km. 0/000 to Km. 56/500 56.500 Km in the State of Andhra Pradesh on EPC mode Job no. 741,MoRTH,,10170,color,Andhra Pradesh,Andhra Pradesh,2024-10-01,2025-08-01,2027-08-01,2027-08-01,1019.97,,True,0.0,33.55,2026-08,Table 6,90,688,Ministry of Road Transport & Highways,Roads & Highways,MORTH,MoRTH,,MoRTH,Transport & Logistics,False,False,Mega,1019.97,2026-07,2026-04,5,,,False
618101,Kondamodu to Perecherla Section Design Ch. Km 000 to Km 49917 of NH-167AG to to 4LPS,MoRTH,,10181,color,Andhra Pradesh,Andhra Pradesh,2024-10-01,2025-04-01,2027-04-01,2027-04-01,881.61,,True,430.77,57.76,2026-08,Table 6,90,689,Ministry of Road Transport & Highways,Roads & Highways,MORTH,MoRTH,,MoRTH,Transport & Logistics,False,False,Major,881.61,2026-07,2026-04,5,,,False
618103,Rehabilitation and upgradation from Km 22300 to 58635 of MudireddyPalle to Kadapa/Nellore Border via porumamilla Section of NH 167 Two Lane with paved Shoulder in,MoRTH,,,color,Andhra Pradesh,Andhra Pradesh,2022-03-01,2024-10-01,2026-04-01,2026-07-01,279.29,,True,168.7,90.33,2026-08,Table 6,90,690,Ministry of Road Transport & Highways,Roads & Highways,MORTH,MoRTH,,MoRTH,Transport & Logistics,False,False,Major,279.29,2026-07,2026-04,5,,,False
618125,Rehabilitation and upgradation of NH 326A from km 0/0 to 41/979 excluding km 2/255 to 3/372 and km 36/820 to 38/275 Odisha border to Narasamapeta to two lane with paved Shoulders in the State of Andhra Pradesh under NHO on EPC Mode,MoRTH,,,color,Andhra Pradesh,Andhra Pradesh,2018-03-01,2018-09-01,2020-03-01,2025-10-01,228.32,,True,183.07,100.0,2026-08,Table 6,90,691,Ministry of Road Transport & Highways,Roads & Highways,MORTH,MoRTH,,MoRTH,Transport & Logistics,False,False,Major,228.32,2026-07,2026-04,5,,,False
618193,Widening of Existing Road to Two Lane with Paved Shoulder Configuration from Km 0.00 to 26.000 & Km 45.200 To 59.622 Of NH 365BB in the State of Andhra Pradesh Under Annual Plan 2023-24 through EPC Mode,MoRTH,,,color,Andhra Pradesh,Andhra Pradesh,2024-01-01,2025-04-01,2026-12-01,2027-03-01,368.63,,True,134.99,45.62,2026-08,Table 6,90,692,Ministry of Road Transport & Highways,Roads & Highways,MORTH,MoRTH,,MoRTH,Transport & Logistics,False,False,Major,368.63,2026-07,2026-04,5,,,False
618194,Rehabilitation and upgradation of New NH 544DD from design Chainage Km. 56/000 to 102/20 of Kalyandrg - Molakalmuru Section,MoRTH,N24000937,,color,Andhra Pradesh,Andhra Pradesh,2018-03-01,2018-08-01,2020-02-01,2025-09-01,294.13,,True,257.77,98.52,2026-08,Table 6,90,693,Ministry of Road Transport & Highways,Roads & Highways,MORTH,MoRTH,,MoRTH,Transport & Logistics,False,False,Major,285.29,2026-07,2026-04,5,,DQ14,False
618236,Rehabilitation and Up-gradation of Dhindi - Digamarru section from Km 126/510 to Km 135/740 of NH -214 New NH -216 and digamarru -Losari section from Km 0/000 tp Km 34/230 of NH-214 A New Nh-216 to two lane with paved shoulder in the state of AP-NH,MoRTH,,,color,Andhra Pradesh,Andhra Pradesh,2016-02-01,2016-05-01,2018-05-01,2023-11-01,316.06,,True,283.54,100.0,2026-08,Table 6,90,694,Ministry of Road Transport & Highways,Roads & Highways,MORTH,MoRTH,,MoRTH,Transport & Logistics,False,False,Major,288.76,2026-07,2026-04,5,,,False
618238,Rehabilitation and Up-gradation of Thimmapuram to Gurajanapalli section from Km 26/150 to Km 41/161 of NH - 214 New NH - 216 to two lane with paved shoulder in the state of Andhra Pradesh under NHDP-IV,MoRTH,N24000964,,color,Andhra Pradesh,Andhra Pradesh,2016-08-01,2017-01-01,2018-07-01,2026-09-01,350.61,,True,481.3,98.2,2026-08,Table 6,90,695,Ministry of Road Transport & Highways,Roads & Highways,MORTH,MoRTH,,MoRTH,Transport & Logistics,False,False,Major,432.91,2026-07,2026-04,5,,,False
618239,"Rehabilitation & Upgradation of NH214 New NH-216 from Km 34/230 to Km 84/550 Losari to Machavaram Section to two lane with paved shoulder in the state of Andhrapradesh under NHDP-IV through Engineering, Procurement& Construction EPC mode.",MoRTH,,,color,Andhra Pradesh,Andhra Pradesh,2016-03-01,2016-09-01,2018-09-01,2025-07-01,445.22,,True,431.25,98.6,2026-08,Table 6,91,696,Ministry of Road Transport & Highways,Roads & Highways,MORTH,MoRTH,,MoRTH,Transport & Logistics,False,False,Major,459.37,2026-07,2026-04,5,,DQ14,False
618254,Construction of Paderu bypass Km 0000 to Km 13000 of 2- lane with paved shoulder on NH-516E,MORTH,N24002148,,color,Andhra Pradesh,Andhra Pradesh,2023-03-01,2025-01-01,2026-07-01,2026-12-01,244.43,,True,21.96,13.0,2026-08,Table 6,91,697,Ministry of Road Transport & Highways,Roads & Highways,MORTH,MoRTH,,MoRTH,Transport & Logistics,False,False,Major,244.43,2026-07,2026-04,5,,,False
618255,Two laning with paved shoulders of Lambasingi to Paderusection of NH 516E,MoRTH,N24002142,,color,Andhra Pradesh,Andhra Pradesh,2020-04-01,2023-11-01,2025-11-01,2027-03-01,361.24,,True,180.54,57.99,2026-08,Table 6,91,698,Ministry of Road Transport & Highways,Roads & Highways,MORTH,MoRTH,,MoRTH,Transport & Logistics,False,False,Major,358.05,2026-07,2026-04,5,,,False
618256,"Rehabilitation and Upgradation to 2-lane with paved should ders Sir, configuration of Chaprathipalem to Lambasingi section Km 165500 to Km 205000 of NH-516E in the State of Andhra Pradesh under Green National Highways Corridor Project GNHCP with the loan assistance of World Bank on EPC mode",MoRTH,N24001958,,color,Andhra Pradesh,Andhra Pradesh,2020-08-01,2022-10-01,2024-10-01,2026-09-01,311.22,,True,217.37,93.01,2026-08,Table 6,91,699,Ministry of Road Transport & Highways,Roads & Highways,MORTH,MoRTH,,MoRTH,Transport & Logistics,False,False,Major,311.22,2026-07,2026-04,5,,,False
618257,Rehabilitation and Upgradation to 2-lane with paved shoulders configuration of Koyyuru to Chaprathipalem section Km 120000 to Km 165500 of NH-516E in the State of Andhra Pradesh under Green National Highways Corridor Project GNHCP with the loan assistance of World Bank on EPC mode,MoRTH,N24001957,,color,Andhra Pradesh,Andhra Pradesh,2020-08-01,2022-07-01,2024-07-01,2026-09-01,349.29,,True,267.62,98.09,2026-08,Table 6,91,700,Ministry of Road Transport & Highways,Roads & Highways,MORTH,MoRTH,,MoRTH,Transport & Logistics,False,False,Major,349.29,2026-07,2026-04,5,,,False
618412,Construction of i Connecting Road from Z-Morh Tunnel to Zojila Tunnel Road Length 18.475km and ii 14.150 Km long 2-L Bi-directional single tube Zoji-la Tunnel across Zojila Pass on Sonamarg - Kargil section from Km 82 to Km 118 of NH-01 under PMDP,NHIDCL,N24001256,10304,color,Andhra Pradesh,Andhra Pradesh,2018-01-01,2020-10-01,2026-09-01,2028-02-01,6808.69,,True,3583.3,68.8,2026-08,Table 6,91,701,Ministry of Road Transport & Highways,Roads & Highways,NHIDCL,National Highways & Infrastructure Development Corporation Ltd. [NHIDCL],,MoRTH,Transport & Logistics,False,False,Mega,6808.69,2026-07,2026-04,5,,,False
618475,Bangalore Chennai Expressway Phase-II Pkg-II from km.96.000 to Km 127.000 Baireddypalle to Bangarupalem section,NHAI,N24001985,10334,color,Andhra Pradesh,Andhra Pradesh,2021-02-01,2023-06-01,2025-06-01,2026-10-01,2548.04,,True,1332.88,94.24,2026-08,Table 6,91,702,Ministry of Road Transport & Highways,Roads & Highways,NHAI,National Highways Authority of India [NHAI],,MoRTH,Transport & Logistics,False,False,Mega,2548.04,2026-07,2026-04,5,,,False
618476,Bangalore Chennai Expressway Phase-II Pkg-III from km.127.000 to Km 156.000 Bangarupalem to Gudipala section,NHAI,N24001821,10335,color,Andhra Pradesh,Andhra Pradesh,2020-11-01,2022-10-01,2024-10-01,2026-09-01,1407.33,,True,868.76,99.46,2026-08,Table 6,91,703,Ministry of Road Transport & Highways,Roads & Highways,NHAI,National Highways Authority of India [NHAI],,MoRTH,Transport & Logistics,False,False,Mega,1407.33,2026-07,2026-04,5,,,False
618524,Construction of 6 lane elevated corridor including its approaches from Km. 629880 to Km. 634470 Design Chainage of NH-16 in Ranasthalam Town portion in the state of Andhra Pradesh on EPC Mode under NHO.,NHAI,,,color,Andhra Pradesh,Andhra Pradesh,2024-07-01,2025-03-01,2027-03-01,2027-08-01,257.98,,True,61.8,39.1,2026-08,Table 6,91,704,Ministry of Road Transport & Highways,Roads & Highways,NHAI,National Highways Authority of India [NHAI],,MoRTH,Transport & Logistics,False,False,Major,192.85,2026-07,2026-04,5,,,False
618525,Construction of flyover at Gammon Junction at Km.903.265 on NH16 including vent at Diwancheruvu junction at Km.902.308 Blackspot ID No.AP03299 in Andhra Pradesh on EPC mode under NHO,NHAI,,,color,Andhra Pradesh,Andhra Pradesh,2025-03-01,2025-10-01,2027-10-01,2027-10-01,326.61,,True,60.66,26.2,2026-08,Table 6,91,705,Ministry of Road Transport & Highways,Roads & Highways,NHAI,National Highways Authority of India [NHAI],,MoRTH,Transport & Logistics,False,False,Major,223.29,2026-07,2026-04,5,,,False
618579,6L of Anandapuram Pendurthi Anakapalli Section from km. 681.000 to km. 731.780 of NH-16,NHAI,,10415,color,Andhra Pradesh,Andhra Pradesh,2018-01-01,2019-01-01,2021-07-01,2026-10-01,2527.0,,True,2378.74,100.0,2026-08,Table 6,91,706,Ministry of Road Transport & Highways,Roads & Highways,NHAI,National Highways Authority of India [NHAI],,MoRTH,Transport & Logistics,False,False,Mega,2957.25,2026-07,2026-04,5,,,False
618629,Nandigama Bypass and Kanchikacherla bypass,NHAI,,,color,Andhra Pradesh,Andhra Pradesh,2017-11-01,2018-03-01,2019-06-01,2026-09-01,416.07,,True,387.77,98.47,2026-08,Table 6,91,707,Ministry of Road Transport & Highways,Roads & Highways,NHAI,National Highways Authority of India [NHAI],,MoRTH,Transport & Logistics,False,False,Major,444.58,2026-07,2026-04,5,,,False
618633,4L of Kadapa China Orampadu section of NH-716 Package I of Kadapa-Renigunta section,NHAI,,12088,color,Andhra Pradesh,Andhra Pradesh,2022-12-01,2026-03-01,2028-03-01,2028-03-01,1732.66,,True,163.41,5.01,2026-08,Table 6,91,708,Ministry of Road Transport & Highways,Roads & Highways,NHAI,National Highways Authority of India [NHAI],,MoRTH,Transport & Logistics,False,False,Mega,1732.66,2026-07,2026-04,5,2026-04,,False
618682,6L Korlam-Kantakapalle Section of NH-130CD Road from Km 421.100 to Km 445.100 Pkg-3,NHAI,,10485,color,Andhra Pradesh,Andhra Pradesh,2021-02-01,2022-02-01,2024-02-01,2026-09-01,1112.7,,True,850.01,99.5,2026-08,Table 6,91,709,Ministry of Road Transport & Highways,Roads & Highways,NHAI,National Highways Authority of India [NHAI],,MoRTH,Transport & Logistics,False,False,Mega,1127.63,2026-07,2026-04,5,,,False
618700,Renigunta - Poyya - Naidupeta km 124.60 to km 183.4 of NH 71,NHAI,N24001824,10500,color,Andhra Pradesh,Andhra Pradesh,2020-03-01,2022-01-01,2024-01-01,2026-09-01,1863.09,,True,1688.88,98.6,2026-08,Table 6,91,710,Ministry of Road Transport & Highways,Roads & Highways,NHAI,National Highways Authority of India [NHAI],,MoRTH,Transport & Logistics,False,False,Mega,2510.14,2026-07,2026-04,5,,,False
618712,6L Access Controlled Greenfield Highway from Kodur Ch. 0000 to Vanavolu Ch. 24300 of [NH-544G] Package-1,NHAI,N24001841,10507,color,Andhra Pradesh,Andhra Pradesh,2023-01-01,2024-02-01,2026-02-01,2027-03-01,912.94,,True,358.13,87.65,2026-08,Table 6,91,711,Ministry of Road Transport & Highways,Roads & Highways,NHAI,National Highways Authority of India [NHAI],,MoRTH,Transport & Logistics,False,False,Major,798.25,2026-07,2026-04,5,,,False
618713,6L Access Controlled Greenfield Highway from Yerragudipadu Ch. 129000 to Audireddipalle Ch. 160000 of [NH 544G] Package-6,NHAI,N24001846,10508,color,Andhra Pradesh,Andhra Pradesh,2023-02-01,2024-02-01,2026-02-01,2027-11-01,1200.42,,True,282.21,47.2,2026-08,Table 6,91,712,Ministry of Road Transport & Highways,Roads & Highways,NHAI,National Highways Authority of India [NHAI],,MoRTH,Transport & Logistics,False,False,Mega,1019.69,2026-07,2026-04,5,,,False
618714,6L Access Controlled Greenfield Highway from Nallacheruvu palli Ch. 96300 to Yerragudipadu Ch. 129000 of [NH-544G] Package-5,NHAI,N24001845,10509,color,Andhra Pradesh,Andhra Pradesh,2022-02-01,2024-02-01,2026-02-01,2027-06-01,1253.26,,True,389.2,67.05,2026-08,Table 6,92,713,Ministry of Road Transport & Highways,Roads & Highways,NHAI,National Highways Authority of India [NHAI],,MoRTH,Transport & Logistics,False,False,Mega,1095.78,2026-07,2026-04,5,,,False
618715,6L Access Controlled Greenfield Highway from Odulapalle Ch. 72000 to Nallacheruvu- palli Ch. 96300 of [NH-544G]Package-4,NHAI,N24001844,10510,color,Andhra Pradesh,Andhra Pradesh,2023-01-01,2024-02-01,2026-02-01,2027-04-01,1058.9,,True,403.37,76.97,2026-08,Table 6,92,714,Ministry of Road Transport & Highways,Roads & Highways,NHAI,National Highways Authority of India [NHAI],,MoRTH,Transport & Logistics,False,False,Mega,946.1,2026-07,2026-04,5,,,False
618716,6L Access Controlled Greenfield Highway from Vankarakunta Ch. 45700 to Odulapalle Ch. 72000 of [NH-544G]Package-3,NHAI,N24001843,10511,color,Andhra Pradesh,Andhra Pradesh,2022-12-01,2024-03-01,2026-03-01,2027-03-01,992.91,,True,351.25,77.21,2026-08,Table 6,92,715,Ministry of Road Transport & Highways,Roads & Highways,NHAI,National Highways Authority of India [NHAI],,MoRTH,Transport & Logistics,False,False,Major,888.07,2026-07,2026-04,5,,,False
618717,6L Access Controlled Greenfield Highway from Vanavolu Ch. 24300 to Vankarakunta Ch. 45700 of [NH-544G] Package-2,NHAI,N24001842,10512,color,Andhra Pradesh,Andhra Pradesh,2023-01-01,2024-03-01,2026-03-01,2027-02-01,750.81,,True,261.41,87.24,2026-08,Table 6,92,716,Ministry of Road Transport & Highways,Roads & Highways,NHAI,National Highways Authority of India [NHAI],,MoRTH,Transport & Logistics,False,False,Major,626.91,2026-07,2026-04,5,,,False
618718,6L Access Controlled Greenfield Highway from Kavulakuntla Ch. 196000 to Narayanmpet Ch. 203500Package-09,NHAI,,10513,color,Andhra Pradesh,Andhra Pradesh,2023-02-01,2025-02-01,2027-02-01,2027-12-01,1092.18,,True,242.13,54.56,2026-08,Table 6,92,717,Ministry of Road Transport & Highways,Roads & Highways,NHAI,National Highways Authority of India [NHAI],,MoRTH,Transport & Logistics,False,False,Mega,956.4,2026-07,2026-04,5,,,False
618719,6L Access Controlled Greenfield Highway from Mallapalle Ch. 176000 to Kavulakuntla Ch. 196000 Package-08,NHAI,N24001848,10514,color,Andhra Pradesh,Andhra Pradesh,2023-02-01,2024-02-01,2026-02-01,2027-07-01,909.02,,True,290.05,65.92,2026-08,Table 6,92,718,Ministry of Road Transport & Highways,Roads & Highways,NHAI,National Highways Authority of India [NHAI],,MoRTH,Transport & Logistics,False,False,Major,751.81,2026-07,2026-04,5,,,False
618720,6L Access Controlled Greenfield Highway from Audireddipalle Ch. 160000 to Mallapalle Ch. 176000Package-07,NHAI,N24001847,10515,color,Andhra Pradesh,Andhra Pradesh,2023-02-01,2024-03-01,2026-03-01,2027-04-01,987.1,,True,338.45,73.78,2026-08,Table 6,92,719,Ministry of Road Transport & Highways,Roads & Highways,NHAI,National Highways Authority of India [NHAI],,MoRTH,Transport & Logistics,False,False,Major,848.06,2026-07,2026-04,5,,,False
618721,6L Access Controlled Greenfield Highway from Chandrasekharapuram Ch. 228000 to Polavaram Ch. 260000of [NH-544G] Package-11,NHAI,N24002123,10516,color,Andhra Pradesh,Andhra Pradesh,2023-02-01,2024-02-01,2026-02-01,2027-08-01,1292.65,,True,358.74,64.2,2026-08,Table 6,92,720,Ministry of Road Transport & Highways,Roads & Highways,NHAI,National Highways Authority of India [NHAI],,MoRTH,Transport & Logistics,False,False,Mega,1110.33,2026-07,2026-04,5,,,False
618759,4L PS Mydukur - Badvel from Km 585.820 to Km 630.960 of NH-67,NHAI,N24001849,10541,color,Andhra Pradesh,Andhra Pradesh,2022-05-01,2023-09-01,2025-09-01,2026-12-01,1063.57,,True,586.02,90.4,2026-08,Table 6,92,721,Ministry of Road Transport & Highways,Roads & Highways,NHAI,National Highways Authority of India [NHAI],,MoRTH,Transport & Logistics,False,False,Mega,1103.87,2026-07,2026-04,5,,,False
618777,4L of Pileru to Kalur Section from Km 55.900 to Km 92.800 & Km 94.500 to Km 95.717 of NH-71Package-II,NHAI,N24001986,10553,color,Andhra Pradesh,Andhra Pradesh,2022-03-01,2023-10-01,2025-11-01,2026-09-01,1877.47,,True,266.59,98.84,2026-08,Table 6,92,722,Ministry of Road Transport & Highways,Roads & Highways,NHAI,National Highways Authority of India [NHAI],,MoRTH,Transport & Logistics,False,False,Mega,592.85,2026-07,2026-04,5,,,False
618778,4L of Madanapalle to Pileru Section from Km 0.000 to Km 55.900 of NH-71Package-I,NHAI,N24001823,10554,color,Andhra Pradesh,Andhra Pradesh,2022-02-01,2023-01-01,2025-01-01,2026-09-01,1877.47,,True,1183.12,94.9,2026-08,Table 6,92,723,Ministry of Road Transport & Highways,Roads & Highways,NHAI,National Highways Authority of India [NHAI],,MoRTH,Transport & Logistics,False,False,Mega,1994.1,2026-07,2026-04,5,,,False
618803,Development of 4L Road from Samarlakota to Achampeta Junction as part of Kakinada Port Connectivity to NH-16 Rajanagaram Junction in East Godavari District,NHAI,N24001856,10572,color,Andhra Pradesh,Andhra Pradesh,2022-09-01,2023-08-01,2025-08-01,2026-12-01,645.63,,True,694.72,93.0,2026-08,Table 6,92,724,Ministry of Road Transport & Highways,Roads & Highways,NHAI,National Highways Authority of India [NHAI],,MoRTH,Transport & Logistics,False,False,Major,750.2,2026-07,2026-04,5,,,False
618804,Dedicated Port road to Krishnapatnam Port Package-I from Km. 0.000 to Km. 18.000,NHAI,N24000811,,color,Andhra Pradesh,Andhra Pradesh,2018-03-01,2018-12-01,2020-12-01,2027-03-01,348.72,,True,310.54,80.19,2026-08,Table 6,92,725,Ministry of Road Transport & Highways,Roads & Highways,NHAI,National Highways Authority of India [NHAI],,MoRTH,Transport & Logistics,False,False,Major,341.36,2026-07,2026-04,5,,,False
618805,6L Connectivity to Port Road from Sabbavaram Sheelanagar-NH516C,NHAI,,11880,color,Andhra Pradesh,Andhra Pradesh,2024-12-01,2026-02-01,2028-02-01,2028-02-01,977.33,,True,156.52,7.2,2026-08,Table 6,92,726,Ministry of Road Transport & Highways,Roads & Highways,NHAI,National Highways Authority of India [NHAI],,MoRTH,Transport & Logistics,False,False,Major,977.33,2026-07,2026-04,5,,,False
618806,Improvement of 4L road to 6L road and 4L dedicated Port Roads for the Port connectivity road from Convent junction to Sheelanagar Junction,NHAI,,10573,color,Andhra Pradesh,Andhra Pradesh,2023-01-01,2024-02-01,2026-02-01,2026-12-01,685.99,,True,508.74,79.0,2026-08,Table 6,92,727,Ministry of Road Transport & Highways,Roads & Highways,NHAI,National Highways Authority of India [NHAI],,MoRTH,Transport & Logistics,False,False,Major,680.21,2026-07,2026-04,5,,,False
618807,"4L Greenfield Road connecting North and South industrial cluster of Khandaleru Creek near Krishnapatnam port at Thamminapatnam to Mollur from Km 0.0 to Km 16.046, Part I & 6L extension of dedicated port road of NH-67 Km 18.0 to Km 19.3, Part II",NHAI,N24001979,10574,color,Andhra Pradesh,Andhra Pradesh,2022-08-01,2023-09-01,2025-09-01,2027-01-01,609.43,,True,593.76,84.03,2026-08,Table 6,92,728,Ministry of Road Transport & Highways,Roads & Highways,NHAI,National Highways Authority of India [NHAI],,MoRTH,Transport & Logistics,False,False,Major,559.98,2026-07,2026-04,5,,,False
618826,4 Laning of NH-544D from Km 0.000 to km 37.000 of Anantapur- Muchukota section Pkg-1,NHAI,N24001980,10590,color,Andhra Pradesh,Andhra Pradesh,2022-10-01,2023-07-01,2025-07-01,2026-10-01,907.76,,True,493.1,92.34,2026-08,Table 6,92,729,Ministry of Road Transport & Highways,Roads & Highways,NHAI,National Highways Authority of India [NHAI],,MoRTH,Transport & Logistics,False,False,Major,905.98,2026-07,2026-04,5,,,False
618827,4 Laning of NH-544D from Km 37.000 to km 69.000 of Muchukota- Bugga section Pkg-2,NHAI,N24001983,10591,color,Andhra Pradesh,Andhra Pradesh,2022-10-01,2023-08-01,2025-08-01,2026-12-01,1097.57,,True,466.89,84.92,2026-08,Table 6,92,730,Ministry of Road Transport & Highways,Roads & Highways,NHAI,National Highways Authority of India [NHAI],,MoRTH,Transport & Logistics,False,False,Mega,1055.23,2026-07,2026-04,5,,,False
618920,Access Controlled Highway of 4 Lane with Paved Shoulders from TN/AP Border Design Chainage Km 6151 to Puttur Design Chainage Km 81540 of NH-716 & 6 Lane with Paved Shoulders from Mallavaram to Renigunta,NHAI,,10666,color,Andhra Pradesh,Andhra Pradesh,2024-03-01,2024-12-01,2026-12-01,2027-03-01,1346.82,,True,204.93,42.48,2026-08,Table 6,92,731,Ministry of Road Transport & Highways,Roads & Highways,NHAI,National Highways Authority of India [NHAI],,MoRTH,Transport & Logistics,False,False,Mega,1260.37,2026-07,2026-04,5,,,False
619046,4L Access controlled Highway From Vakalpudi Light House to Annavaram on NH-16 section of NH-516F From Km0000 to Km40621,NHAI,,,color,Andhra Pradesh,Andhra Pradesh,2023-03-01,2026-08-01,2028-08-01,2028-08-01,1439.0,,True,8.78,0.0,2026-08,Table 6,93,732,Ministry of Road Transport & Highways,Roads & Highways,NHAI,National Highways Authority of India [NHAI],,MoRTH,Transport & Logistics,False,False,Mega,,,2026-08,1,2026-08,,False
619076,Six Laning of Vijayawada Bypass from Chinna Avutapalli to Gollapudi in Vijayawada - Gundugolanu Section from km. 0.00 to km. 30.00 Pkg-III,NHAI,,11766,color,Andhra Pradesh,Andhra Pradesh,2020-01-01,2021-02-01,2023-02-01,2026-09-01,1581.24,,True,1024.59,98.2,2026-08,Table 6,93,733,Ministry of Road Transport & Highways,Roads & Highways,NHAI,National Highways Authority of India [NHAI],,MoRTH,Transport & Logistics,False,False,Mega,1883.71,2026-07,2026-04,5,,,False
619102,4 L of China Orampadu-Renigunta section of NH-716 Package-II of Kadapa- Renigunta section,NHAI,,12087,color,Andhra Pradesh,Andhra Pradesh,2022-12-01,2026-03-01,2028-03-01,2028-03-01,1500.11,,True,122.05,2.25,2026-08,Table 6,93,734,Ministry of Road Transport & Highways,Roads & Highways,NHAI,National Highways Authority of India [NHAI],,MoRTH,Transport & Logistics,False,False,Mega,1500.11,2026-07,2026-04,5,2026-04,,False
619111,6L Jakkuva Korlam Section of NH-130CD Road from km 396.800 to km 421.100 Pkg 2,NHAI,N24001837,11785,color,Andhra Pradesh,Andhra Pradesh,2021-02-01,2022-03-01,2024-03-01,2026-09-01,840.51,,True,573.9,99.83,2026-08,Table 6,93,735,Ministry of Road Transport & Highways,Roads & Highways,NHAI,National Highways Authority of India [NHAI],,MoRTH,Transport & Logistics,False,False,Major,840.51,2026-07,2026-04,5,,,False
619112,6L Kantakapalle Sabbavaram Section of NH-130CD Road from Km 445.100 to Km 464.662 Pkg-4,NHAI,N24001836,11786,color,Andhra Pradesh,Andhra Pradesh,2021-02-01,2022-10-01,2024-10-01,2027-03-01,1012.57,,True,704.27,84.6,2026-08,Table 6,93,736,Ministry of Road Transport & Highways,Roads & Highways,NHAI,National Highways Authority of India [NHAI],,MoRTH,Transport & Logistics,False,False,Mega,1012.57,2026-07,2026-04,5,,,False
619123,6L Access Controlled Greenfield Highway from Narayanmpet Ch. 203500 to Chandrasekharpuram Ch. 228000Package-10,NHAI,N24002122,11792,color,Andhra Pradesh,Andhra Pradesh,2023-02-01,2024-02-01,2026-02-01,2027-07-01,813.66,,True,238.29,66.12,2026-08,Table 6,93,737,Ministry of Road Transport & Highways,Roads & Highways,NHAI,National Highways Authority of India [NHAI],,MoRTH,Transport & Logistics,False,False,Major,678.21,2026-07,2026-04,5,,,False
619124,6L Access Controlled Greenfield Highway from Polavaram Ch. 260000 to Marripudi Ch. 285500 of [NH-544G]Package-12,NHAI,N24002124,11793,color,Andhra Pradesh,Andhra Pradesh,2023-02-01,2024-02-01,2026-02-01,2027-05-01,747.29,,True,250.94,70.2,2026-08,Table 6,93,738,Ministry of Road Transport & Highways,Roads & Highways,NHAI,National Highways Authority of India [NHAI],,MoRTH,Transport & Logistics,False,False,Major,626.83,2026-07,2026-04,5,,,False
619125,6L Access Controlled Greenfield Highway from Somavarappadu Ch.314.600 to Muppavaram Ch.343240 of [NH-544G] Package-14,NHAI,N24002126,11794,color,Andhra Pradesh,Andhra Pradesh,2023-02-01,2024-02-01,2026-02-01,2027-10-01,1103.9,,True,279.46,44.56,2026-08,Table 6,93,739,Ministry of Road Transport & Highways,Roads & Highways,NHAI,National Highways Authority of India [NHAI],,MoRTH,Transport & Logistics,False,False,Mega,943.66,2026-07,2026-04,5,,,False
619126,6L Access Controlled Greenfield Highway from Marripudi Ch. 285500 to Somavarappadu Ch. 314600 of [NH-544G] Package-13,NHAI,N24002125,11795,color,Andhra Pradesh,Andhra Pradesh,2023-02-01,2024-02-01,2026-02-01,2027-04-01,976.41,,True,370.83,73.0,2026-08,Table 6,93,740,Ministry of Road Transport & Highways,Roads & Highways,NHAI,National Highways Authority of India [NHAI],,MoRTH,Transport & Logistics,False,False,Major,798.71,2026-07,2026-04,5,,,False
619140,6L of Naidupeta Junction - Turpukanupur Section from km 57.046 to km 91.927,NHAI,N24001981,11806,color,Andhra Pradesh,Andhra Pradesh,2022-08-01,2023-10-01,2025-10-01,2027-09-01,1398.84,,True,397.32,53.7,2026-08,Table 6,93,741,Ministry of Road Transport & Highways,Roads & Highways,NHAI,National Highways Authority of India [NHAI],,MoRTH,Transport & Logistics,False,False,Mega,965.58,2026-07,2026-04,5,,,False
619141,Construction of four lane access controlled highway from Chillakuru cross road to Turpu KanupurPart 1 of Package - II km 0.000 131.500 of NH - 16 to km 23.770 on New NH-516W including six lane flyover and approaches on NH-16 length km 1.050 and six lane access controlled from Turpu Kanupur to Port South Gate Part 2 of Package - II km 23.770 to km 35.015 on New NH-516W in the state of Andhra Pradesh on HAM Mode under Bharatmala Pariyojana Phase I,NHAI,N24002033,11807,color,Andhra Pradesh,Andhra Pradesh,2022-08-01,2023-12-01,2025-12-01,2026-03-01,864.2,,True,369.28,55.53,2026-08,Table 6,93,742,Ministry of Road Transport & Highways,Roads & Highways,NHAI,National Highways Authority of India [NHAI],,MoRTH,Transport & Logistics,False,False,Major,844.39,2026-07,2026-04,5,,,False
619160,Balance works in AP Portion and punch list items in TN & AP portion of NH-205,NHAI,,,color,Andhra Pradesh,Andhra Pradesh,2022-10-01,2023-07-01,2025-01-01,2026-01-01,166.52,,True,98.52,100.0,2026-08,Table 6,93,743,Ministry of Road Transport & Highways,Roads & Highways,NHAI,National Highways Authority of India [NHAI],,MoRTH,Transport & Logistics,False,False,Major,113.46,2026-07,2026-04,5,,,False
198592,Construction of road from Bomdilla9th Mile- Nafra Lada section of Frontier Highway NH-913 Package 1 9th mile-Nafra 19.554 to 70.00 50.446,MoRTH,,,color,Arunachal Pradesh,Arunachal Pradesh,2025-03-01,2026-07-01,2029-07-01,,1273.44,,True,151.9,0.0,2026-08,Table 6,93,744,Ministry of Road Transport & Highways,Roads & Highways,MORTH,MoRTH,,MoRTH,Transport & Logistics,True,True,Mega,,,2026-08,1,2026-08,,False
617892,Construction of 2-lane road of Potin to Pangin section of NH-13 from Km 163.59 to Km 206.66 Package-5 on EPC Mode in the State of Arunachal Pradesh under Arunachal Pradesh Package of Roads and Highways of SARDP-NE [Job No SARDP-NE/P- P/Pkg-A/NH-13/Ar.Pr./PWD/2018-19/116],MoRTH,N24001297,,color,Arunachal Pradesh,Arunachal Pradesh,2019-03-01,2020-11-01,2023-11-01,2026-10-01,450.65,,True,403.84,96.61,2026-08,Table 6,93,745,Ministry of Road Transport & Highways,Roads & Highways,MORTH,MoRTH,,MoRTH,Transport & Logistics,True,True,Major,450.65,2026-07,2026-04,5,,,False
618401,"Construction of Intermediate Lane with Hard Shoulder of Hunli to Hayuliang Package- III from design Km 60.000 to Km 121.500 Design Length 61.500 km, Greenfield Section of Frontier Highway NH-913 in the State of Arunachal Pradesh on EPC Mode Pkg-3",NHIDCL,,10300,color,Arunachal Pradesh,Arunachal Pradesh,2024-02-01,2025-07-01,2028-07-01,2028-07-01,1418.67,,True,93.29,2.5,2026-08,Table 6,93,746,Ministry of Road Transport & Highways,Roads & Highways,NHIDCL,National Highways & Infrastructure Development Corporation Ltd. [NHIDCL],,MoRTH,Transport & Logistics,True,True,Mega,1418.67,2026-07,2026-04,5,,,False
618402,"Construction of Intermediate Lane with Hard Shoulder of Hunli to Hayuliang from Design Km 0.000 to Km 53.000 Design Length 53.000 km, Greenfield Section of Frontier Highway NH-913 in the State of Arunachal Pradesh on EPC Mode Package-I",NHIDCL,N24002222,10301,color,Arunachal Pradesh,Arunachal Pradesh,2024-02-01,2025-03-01,2028-02-01,2028-02-01,1262.43,,True,257.02,22.12,2026-08,Table 6,93,747,Ministry of Road Transport & Highways,Roads & Highways,NHIDCL,National Highways & Infrastructure Development Corporation Ltd. [NHIDCL],,MoRTH,Transport & Logistics,True,True,Mega,1262.43,2026-07,2026-04,5,,,False
618403,Construction of Intermediate Lane Road with hard shoulder from design Km 0.000 to Km 17.387 Total length 17.387 km of Hunli to Ithun Bridge section on NH-913 Frontier Highway in State of Arunachal Pradesh on EPC mode under NHO-NE,NHIDCL,N24002223,,color,Arunachal Pradesh,Arunachal Pradesh,2024-02-01,2025-01-01,2027-01-01,2027-01-01,275.5,,True,166.24,60.96,2026-08,Table 6,93,748,Ministry of Road Transport & Highways,Roads & Highways,NHIDCL,National Highways & Infrastructure Development Corporation Ltd. [NHIDCL],,MoRTH,Transport & Logistics,True,True,Major,275.5,2026-07,2026-04,5,,,False
618404,Construction of lntermediate Lane Road with hard shoulder from design chainage Km 0.000 to Km 53.040 Existing Length68.500 Km & Total Design length 53.04 km of Tato to Monigong section of NH-913 Frontier Highway on Nafra Bomdila to Vijaynagar along China border in state of Arunachal pradesh on EPC mode,NHIDCL,,10302,color,Arunachal Pradesh,Arunachal Pradesh,2023-12-01,2025-05-01,2027-11-01,2027-11-01,625.61,,True,274.89,23.03,2026-08,Table 6,94,749,Ministry of Road Transport & Highways,Roads & Highways,NHIDCL,National Highways & Infrastructure Development Corporation Ltd. [NHIDCL],,MoRTH,Transport & Logistics,True,True,Major,625.61,2026-07,2026-04,5,,,False
618405,"Construction of Intermediate Lane of Pango to Jorging Road from 0000 to Design Km Design Km 40000 Design Length 40.00 Km, Pkg-l, Greenfield Alignment in the State of Arunachal Pradesh on EPC mode Pkg-1",NHIDCL,N24002224,10303,color,Arunachal Pradesh,Arunachal Pradesh,2024-01-01,2025-01-01,2027-07-01,2027-07-01,898.19,,True,259.63,40.12,2026-08,Table 6,94,750,Ministry of Road Transport & Highways,Roads & Highways,NHIDCL,National Highways & Infrastructure Development Corporation Ltd. [NHIDCL],,MoRTH,Transport & Logistics,True,True,Major,898.19,2026-07,2026-04,5,,,False
618433,Construction of Balance work of 2-Lane with PS of Joram Koloriang Road from existing Km122.600 to km138.00 [Design Km108.724 to Km123.714] in Arunachal Pradesh on EPC Mode under SARDP-NE Pkg-7,NHIDCL,N24001393,,color,Arunachal Pradesh,Arunachal Pradesh,2017-02-01,2020-10-01,2022-04-01,2026-04-01,184.89,,True,156.42,99.69,2026-08,Table 6,94,751,Ministry of Road Transport & Highways,Roads & Highways,NHIDCL,National Highways & Infrastructure Development Corporation Ltd. [NHIDCL],,MoRTH,Transport & Logistics,True,True,Major,184.89,2026-07,2026-04,5,,,False
618434,Roing-Hunli Road Greenfield Alignment Project,NHIDCL,N24000946,10309,color,Arunachal Pradesh,Arunachal Pradesh,2017-02-01,2018-03-01,2022-03-01,2026-10-01,1718.59,,True,1123.53,82.48,2026-08,Table 6,94,752,Ministry of Road Transport & Highways,Roads & Highways,NHIDCL,National Highways & Infrastructure Development Corporation Ltd. [NHIDCL],,MoRTH,Transport & Logistics,True,True,Mega,1718.59,2026-07,2026-04,5,,,False
618445,Construction of 2-Laning with hard shoulders of Demwe-Brahmakund section of NH- 13 from Ch.0.00 km to 18.464 km on EPC under SARDP-NE NHO-NE -Balance Work,NHIDCL,,,color,Arunachal Pradesh,Arunachal Pradesh,2020-08-01,2025-06-01,2027-12-01,2027-12-01,353.9,,True,26.82,23.2,2026-08,Table 6,94,753,Ministry of Road Transport & Highways,Roads & Highways,NHIDCL,National Highways & Infrastructure Development Corporation Ltd. [NHIDCL],,MoRTH,Transport & Logistics,True,True,Major,353.9,2026-07,2026-04,5,,,False
619014,"lmprovement and Widening to 2 lane with paved Shoulder of NH-15 old NH-52 from Existing Km 770.600 Design Km 24.819 to Existing km 805.750 Design Km 59.885 Kamlang T-Junction to Chowkham, Existing Length 35.150 Km, Design Length-35.066 Km in the state of Arunachal Pradesh on EPC mode Pkg-2",NHIDCL,,,color,Arunachal Pradesh,Arunachal Pradesh,2023-12-01,2026-02-01,2028-02-01,2028-02-01,316.73,,True,35.1,23.9,2026-08,Table 6,94,754,Ministry of Road Transport & Highways,Roads & Highways,NHIDCL,National Highways & Infrastructure Development Corporation Ltd. [NHIDCL],,MoRTH,Transport & Logistics,True,True,Major,316.73,2026-07,2026-04,5,2026-04,,False
619248,"lmprovement and Widening to 2-lane with Paved Shoulder of NH-13 & 15 Old NH-52 from Existing Km 745.60 Design Km 0.000 to Existing km 770.600 Design Km 24.819 Brahmakund T-junction to Kamlang T-Junction, Existing Length 25.00 Km, Design Length 24.819 Km in the state of Arunachal Pradesh on EPC mode Pkg-1",NHIDCL,,,color,Arunachal Pradesh,Arunachal Pradesh,2023-12-01,2026-06-01,2028-06-01,2028-06-01,441.41,,True,44.87,19.92,2026-08,Table 6,94,755,Ministry of Road Transport & Highways,Roads & Highways,NHIDCL,National Highways & Infrastructure Development Corporation Ltd. [NHIDCL],,MoRTH,Transport & Logistics,True,True,Major,441.41,2026-07,2026-06,3,2026-06,,False
619256,Construction of road from Bomdilla 9th Mile - Nafra Lada section of Frontier Highway NH-913 Package 4 Dishum-Sachung-Lada 113.00 to 167.75 54.75km,MoRTH,,,color,Arunachal Pradesh,Arunachal Pradesh,2024-03-01,2026-07-01,2030-07-01,,1266.86,,True,107.62,0.0,2026-08,Table 6,94,756,Ministry of Road Transport & Highways,Roads & Highways,MORTH,MoRTH,,MoRTH,Transport & Logistics,True,True,Mega,,,2026-08,1,2026-08,,False
619257,Construction of road from Km 70.000 to Km 113.000 of Bomdila-Nafra-Lada Section of NH-913 Frontier Highway in the State of Arunachal Pradesh L43.000 Km,MoRTH,,,color,Arunachal Pradesh,Arunachal Pradesh,2024-02-01,2026-08-01,2030-08-01,,1240.75,,True,79.0,0.0,2026-08,Table 6,94,757,Ministry of Road Transport & Highways,Roads & Highways,MORTH,MoRTH,,MoRTH,Transport & Logistics,True,True,Mega,,,2026-08,1,2026-08,,False
619266,Construction of road from Taliha to Tato section of Frontier Highway NH-913 Package 3 km 87.13 to 121.541 34.411km,MoRTH,,,color,Arunachal Pradesh,Arunachal Pradesh,2024-03-01,2026-08-01,2029-08-01,,735.2,,True,135.42,0.0,2026-08,Table 6,94,758,Ministry of Road Transport & Highways,Roads & Highways,MORTH,MoRTH,,MoRTH,Transport & Logistics,True,True,Major,,,2026-08,1,2026-08,,False
619267,Construction of road from km 113.25 to km 160.75 of Huri-Taliha section of NH-913 Pkg 3 Frontier Highway to Intermediate Lane on EPC mode in the State of Arunachal Pradesh,MoRTH,,,color,Arunachal Pradesh,Arunachal Pradesh,2024-03-01,2026-08-01,2030-08-01,,1228.64,,True,137.54,0.0,2026-08,Table 6,94,759,Ministry of Road Transport & Highways,Roads & Highways,MORTH,MoRTH,,MoRTH,Transport & Logistics,True,True,Mega,,,2026-08,1,2026-08,,False
617895,Construction of Mangaldoi Bypass NH-15 starting at Ch 26400 and terminating at Ch 41505 under Rangia NH Division L 15.105 Km in the State of Assam. Job No. 15/AS/2021-22/234,MoRTH,N24001840,10132,color,Assam,Assam,2022-03-01,2023-04-01,2025-04-01,2026-12-01,535.03,,True,215.32,76.78,2026-08,Table 6,94,760,Ministry of Road Transport & Highways,Roads & Highways,MORTH,MoRTH,,MoRTH,Transport & Logistics,True,True,Major,535.03,2026-07,2026-04,5,,,False
617896,"Construction of 4 lane Gauripur Bypass Starting bfrom Km 852.56 of NH- 31Dumardoha Pt-II and Terminating at Km 862.17 Baladmara via. Khudimari Pt.- II, Fulkumari, Charaldanga, Sajuakuti,Geramari Pt.-III and finally meeting at km 862.17 of NH-17New/ NH-31Old in the State of Assam under EPC Mode Job no. 31/AS/ 2023- 24/265",MoRTH,N24002237,,color,Assam,Assam,2024-03-01,2025-04-01,2026-10-01,2027-03-01,421.15,,True,55.16,34.0,2026-08,Table 6,94,761,Ministry of Road Transport & Highways,Roads & Highways,MORTH,MoRTH,,MoRTH,Transport & Logistics,True,True,Major,421.15,2026-07,2026-04,5,,,False
618034,Construction of 2 lane Barpeta Bypass from Km 77900Baradi to Km 86150 Deurikuchi Length8.25Km on NH-427 in the state of Assam under EPC ModeJob No.427/AS/2022-23/245,MoRTH,N24002238,,color,Assam,Assam,2023-03-01,2025-02-01,2026-08-01,2027-03-01,173.65,,True,173.65,20.0,2026-08,Table 6,94,762,Ministry of Road Transport & Highways,Roads & Highways,MORTH,MoRTH,,MoRTH,Transport & Logistics,True,True,Major,173.65,2026-07,2026-04,5,,,False
618159,"Construction of new 2 Lane with paved shoulders of NH Standards from km 0.080 to km 11.690 L11.610 km in Majuli and from km 19.715 to km 27.484 L 7.769 km in Jorhat on the newly declared NH 715K and construction of 1.10 km flyover on NH-715 with its approaches and service roads L1.10 km, Total Length 20.479 km in the State of Assam Job No. 715K/AS/2023-24/256",MoRTH,,,color,Assam,Assam,2024-02-01,2025-09-01,2027-03-01,2027-03-01,382.1,,True,25.6,7.15,2026-08,Table 6,94,763,Ministry of Road Transport & Highways,Roads & Highways,MORTH,MoRTH,,MoRTH,Transport & Logistics,True,True,Major,382.1,2026-07,2026-04,5,,DQ14,False
618160,"Construction of 2 lane Major Bridge including approaches over Brahmaputra between Majuli on North Bank and Jorhat on South Bank from km. 11.690 to km. 19.715 length of bridge 6,812.5m Package - II on NH-715K in the state of Assam Job no. 715/AS/2020-21/213",MoRTH,,,color,Assam,Assam,2025-03-01,2025-12-01,2027-12-01,2027-12-01,1019.17,,True,17.38,5.31,2026-08,Table 6,95,764,Ministry of Road Transport & Highways,Roads & Highways,MORTH,MoRTH,,MoRTH,Transport & Logistics,True,True,Mega,1019.17,2026-07,2026-04,5,,,False
618282,4-L Bilasipara-Guwahati Package-10,NHIDCL,N24002023,10237,color,Assam,Assam,2023-03-01,2023-12-01,2026-06-01,2027-03-01,1264.9,,True,633.62,65.64,2026-08,Table 6,95,765,Ministry of Road Transport & Highways,Roads & Highways,NHIDCL,National Highways & Infrastructure Development Corporation Ltd. [NHIDCL],,MoRTH,Transport & Logistics,True,True,Mega,1264.9,2026-07,2026-04,5,,,False
618283,4-L Bilasipara-Guwahati Package-9,NHIDCL,N24002022,10238,color,Assam,Assam,2023-03-01,2023-12-01,2026-06-01,2027-03-01,1000.27,,True,506.42,61.78,2026-08,Table 6,95,766,Ministry of Road Transport & Highways,Roads & Highways,NHIDCL,National Highways & Infrastructure Development Corporation Ltd. [NHIDCL],,MoRTH,Transport & Logistics,True,True,Mega,1000.27,2026-07,2026-04,5,,,False
618284,Widening/Improvement to 4-Lane with paved shoulder from Km 99930 to Km 143680 Design Chainage 96000 to 139750 of Paikan to Dhupdhara Sahar of Bilasipura- Guwahati Road on NH-17 in the state of Assam on EPC mode under Bharatmala Pariyojana in Economic Corridors Project Length 43.750km under NHO-NE Package- 8,NHIDCL,N24002021,10239,color,Assam,Assam,2023-03-01,2023-12-01,2026-12-01,2026-12-01,1457.59,,True,996.13,93.96,2026-08,Table 6,95,767,Ministry of Road Transport & Highways,Roads & Highways,NHIDCL,National Highways & Infrastructure Development Corporation Ltd. [NHIDCL],,MoRTH,Transport & Logistics,True,True,Mega,1457.59,2026-07,2026-04,5,,,False
618286,Construction of New 2-Lane Bridge with its approaches from km 0000 to Km 4385 across River Brahmaputra on NH-17 at Jogighopa in Assam on EPC mode,NHIDCL,N24001434,10240,color,Assam,Assam,2021-09-01,2021-11-01,2024-11-01,2027-03-01,746.76,,True,447.07,84.69,2026-08,Table 6,95,768,Ministry of Road Transport & Highways,Roads & Highways,NHIDCL,National Highways & Infrastructure Development Corporation Ltd. [NHIDCL],,MoRTH,Transport & Logistics,True,True,Major,746.76,2026-07,2026-04,5,,,False
618287,"Widening/Improvement to 4-Lane with paved Shoulder from Ch. 25.633 Km to Ch. 52.470 Km Design Ch. 21.850 Km to Ch.48.670 Km for Package-2 of Bilasipura- Guwahati road NH-17 Section Near Mowatari, before Chapar Bypass to Tulungia junction with NH-17 in the state of Assam on HAM mode under NHO-NE Package-2",NHIDCL,N24002229,10241,color,Assam,Assam,2023-11-01,2024-12-01,2027-06-01,2027-06-01,1338.61,,True,199.15,12.5,2026-08,Table 6,95,769,Ministry of Road Transport & Highways,Roads & Highways,NHIDCL,National Highways & Infrastructure Development Corporation Ltd. [NHIDCL],,MoRTH,Transport & Logistics,True,True,Mega,1338.61,2026-07,2026-04,5,,,False
618288,"Widening/lmprovement to 4-Lane with Paved Shoulder from Ch.5.580 Km to Ch.25.633 Km Design Ch.0.000 Km to Ch.17.737km Km 901.100 to Km 921.145 of old NH-31 of Bilasipara- Guwahati road NH-17 Section Near Chirakuta to near Mowatari, before Chapar Bypass in the state ol Assam on HAM mode Package-1",NHIDCL,N24002225,10242,color,Assam,Assam,2024-02-01,2025-02-01,2027-08-01,2027-08-01,1081.15,,True,163.24,35.98,2026-08,Table 6,95,770,Ministry of Road Transport & Highways,Roads & Highways,NHIDCL,National Highways & Infrastructure Development Corporation Ltd. [NHIDCL],,MoRTH,Transport & Logistics,True,True,Mega,1081.15,2026-07,2026-04,5,,,False
618289,Construction and up gradation to 4-Lane of existing two lane with paved shoulder from Hapachara to Tulungia road of NH-117 of existing Km 0.00 to km 14.050 and Design Km 0.000 to km 14.660 under BMP on EPC mode,NHIDCL,N24001246,,color,Assam,Assam,2020-03-01,2020-06-01,2022-12-01,2026-03-01,224.85,,True,209.95,97.76,2026-08,Table 6,95,771,Ministry of Road Transport & Highways,Roads & Highways,NHIDCL,National Highways & Infrastructure Development Corporation Ltd. [NHIDCL],,MoRTH,Transport & Logistics,True,True,Major,224.85,2026-07,2026-04,5,,,False
618308,Construction of 4-Lane Panchgram Bypass from Design Chainage km 15500 on NH- 37 Old NH-53 at Kalinagar Pt.-I Village to Design Chainage km 27300 at crossing with NH-6 Old NH-44 Near Siddeswar Pt.-I Village on Silchar - Churaibari stretch in the State of Assam on EPC Mode under Bharatmala Pariyojana in Economic Corridors Silchar- Churaibari Package-2,NHIDCL,N24002154,10247,color,Assam,Assam,2023-03-01,2024-08-01,2027-02-01,2027-03-01,676.18,,True,358.25,60.05,2026-08,Table 6,95,772,Ministry of Road Transport & Highways,Roads & Highways,NHIDCL,National Highways & Infrastructure Development Corporation Ltd. [NHIDCL],,MoRTH,Transport & Logistics,True,True,Major,728.97,2026-07,2026-04,5,,,False
618309,Widening/lmprovement to 4-Laning and Greenfield alignment with Paved shoulder of Silchar-Badarpur Churaibari section of NH-37 & NH-8 from Design chainage 38.600 End point of proposed Badarpur Bypass to Km. 62.800 Start point of proposed Nilambazar/Cheragi Bypass in the state of Assam on HAM Mode Package-4,NHIDCL,,10248,color,Assam,Assam,2024-02-01,2025-08-01,2027-08-01,2027-08-01,1319.55,,True,185.17,25.46,2026-08,Table 6,95,773,Ministry of Road Transport & Highways,Roads & Highways,NHIDCL,National Highways & Infrastructure Development Corporation Ltd. [NHIDCL],,MoRTH,Transport & Logistics,True,True,Mega,1319.55,2026-07,2026-04,5,,,False
618310,Widening/lmprovement to 4-L of Karimgani - sutarkandi section of NH 37 from design Ch 0020 Start of proposed Karimganj Bypass from NH -8 to design Chainage Km 14380 near Sutarkandi Spur Connectivity to Indo/Bangladesh Border on Silchar- Churaibari in the State of Assam on HAM Mode Package-7,NHIDCL,N24002231,10249,color,Assam,Assam,2024-02-01,2025-02-01,2027-02-01,2027-02-01,791.79,,True,135.92,44.5,2026-08,Table 6,95,774,Ministry of Road Transport & Highways,Roads & Highways,NHIDCL,National Highways & Infrastructure Development Corporation Ltd. [NHIDCL],,MoRTH,Transport & Logistics,True,True,Major,791.79,2026-07,2026-04,5,,,False
618311,Widening/lmprovement to 4-Lane with Paved shoulder for existing as well as Greenfield alignment of Badarpur Churaibari section of NH-8 from Design chainage 87.700 Chandkhira to Km. 106.500 Churaibari section Assam-Tripura border in the state of Assam on HAM Mode Package-6,NHIDCL,N24002230,10250,color,Assam,Assam,2024-03-01,2025-03-01,2027-03-01,2027-03-01,870.0,,True,158.08,44.9,2026-08,Table 6,95,775,Ministry of Road Transport & Highways,Roads & Highways,NHIDCL,National Highways & Infrastructure Development Corporation Ltd. [NHIDCL],,MoRTH,Transport & Logistics,True,True,Major,870.0,2026-07,2026-04,5,,,False
618312,Widening/lmprovement to 4-Lane with Paved Shoulder from existing road and Greenfield alignment form Design Ch. 62.800 start of proposed Nilambazar/Cheragi Bypass to Design Ch. 87.700 near Chandkhira Village of NH-8 on Silchar-Churaibari in the state of Assam on HAM Mode Package-5,NHIDCL,N24002243,10251,color,Assam,Assam,2024-02-01,2025-04-01,2027-10-01,2027-10-01,1258.13,,True,187.02,14.6,2026-08,Table 6,95,776,Ministry of Road Transport & Highways,Roads & Highways,NHIDCL,National Highways & Infrastructure Development Corporation Ltd. [NHIDCL],,MoRTH,Transport & Logistics,True,True,Mega,1258.13,2026-07,2026-04,5,,,False
618313,Widening/lmprovement of Existing 2 lane to 4-Laning of Karimganj-Silchar section of NH-37 from Design Ch 0.000 near Silchar ISBT to Design Ch 15.970 near Kalinagar Pt I on NH-37 in Assam on HAM Mode Pkg-1,NHIDCL,,10252,color,Assam,Assam,2024-03-01,2025-09-01,2027-09-01,2027-09-01,1181.55,,True,178.8,41.64,2026-08,Table 6,95,777,Ministry of Road Transport & Highways,Roads & Highways,NHIDCL,National Highways & Infrastructure Development Corporation Ltd. [NHIDCL],,MoRTH,Transport & Logistics,True,True,Mega,1181.55,2026-07,2026-04,5,,,False
618314,4-Laning of Dhanehari Lailapur / Vairengte section from Existing Chainage km 12920 to km 43000 of NH 306 Design Chainage km 20000 to km 49360 on Silchar - Vairengte Sairang road in the State of Assam under Bharatmala Pariyojna on EPC mode. Project Length 29.360 km under NHO-NE Package-2,NHIDCL,N24002128,10253,color,Assam,Assam,2023-03-01,2024-02-01,2026-08-01,2027-03-01,1716.21,,True,1057.81,82.6,2026-08,Table 6,95,778,Ministry of Road Transport & Highways,Roads & Highways,NHIDCL,National Highways & Infrastructure Development Corporation Ltd. [NHIDCL],,MoRTH,Transport & Logistics,True,True,Mega,1716.21,2026-07,2026-04,5,,,False
618315,4-Laning of Silchar - Dhanehari section from Existing Chainage km 263800 of NH 37 to km 12920 of NH 306 Design Chainage km 0000 to km 20000 on Silchar - Vairengte - Sairang road in the State of Assam under Bharatmala Pariyojna on EPC mode Package-1,NHIDCL,N24002127,10254,color,Assam,Assam,2023-02-01,2024-01-01,2026-07-01,2027-03-01,1256.9,,True,635.51,60.43,2026-08,Table 6,96,779,Ministry of Road Transport & Highways,Roads & Highways,NHIDCL,National Highways & Infrastructure Development Corporation Ltd. [NHIDCL],,MoRTH,Transport & Logistics,True,True,Mega,1256.9,2026-07,2026-04,5,,,False
618326,Widening/Improvement to 4-Lane with Paved Shoulder from KM 38500 to Km 51246 Design Chainage 38500 to 50959 with proposed Daboka Bypass of Daboka- Parokhaowa of NH 29 on EPC under NHO-NE Package-1,NHIDCL,N24001450,10261,color,Assam,Assam,2023-01-01,2023-11-01,2025-11-01,2026-06-01,516.88,,True,323.35,99.7,2026-08,Table 6,96,780,Ministry of Road Transport & Highways,Roads & Highways,NHIDCL,National Highways & Infrastructure Development Corporation Ltd. [NHIDCL],,MoRTH,Transport & Logistics,True,True,Major,516.88,2026-07,2026-04,5,,,False
618331,lmprovement to 4-Lane with Paved Shoulder from existing km 260000 Design Ch.4560 km to existing km Ch.233000 D. Ch.24560 of Silchar near Nutan Dayapur village - Budha Nagar Section Length-20.00 Km of NH-37 under Package Silchar- Jiribam Pkg-1 in the state of Assam on HAM Mode,NHIDCL,N24002226,10266,color,Assam,Assam,2024-01-01,2025-01-01,2028-01-01,2028-01-01,957.95,,True,214.73,48.17,2026-08,Table 6,96,781,Ministry of Road Transport & Highways,Roads & Highways,NHIDCL,National Highways & Infrastructure Development Corporation Ltd. [NHIDCL],,MoRTH,Transport & Logistics,True,True,Major,957.95,2026-07,2026-04,5,,,False
618340,Widening/Improvement to 4-Lane with Paved Shoulder from km 626030 Nalani hulla Gaon to km 650450 Chotahapjan on existing Tinsukhia -Makum Bypass of NH-15 OLD NH-37 and Strengthening of existing NH-315 OLD NH-38 from Km 0000 Chotahapjan to Km 16900 Bogapani section 2-Lane PS in Assam on EPCMode under NHO-NE Package-3,NHIDCL,N24001419,,color,Assam,Assam,2023-01-01,2023-05-01,2025-05-01,2026-10-01,458.59,,True,264.54,89.92,2026-08,Table 6,96,782,Ministry of Road Transport & Highways,Roads & Highways,NHIDCL,National Highways & Infrastructure Development Corporation Ltd. [NHIDCL],,MoRTH,Transport & Logistics,True,True,Major,458.59,2026-07,2026-04,5,,,False
618351,Widening & Upgradation to 2 lanes with paved shoulders road from Tamenglong to Mahur NH-137 in the State of Assam starting from km 156.489 near P. Leikul to km 176.410 near Borowapu on EPC mode under NHO-NE Assam portion Package-10,NHIDCL,N24001971,10273,color,Assam,Assam,2023-03-01,2023-08-01,2025-08-01,2026-12-01,890.33,,True,628.77,92.51,2026-08,Table 6,96,783,Ministry of Road Transport & Highways,Roads & Highways,NHIDCL,National Highways & Infrastructure Development Corporation Ltd. [NHIDCL],,MoRTH,Transport & Logistics,True,True,Major,693.15,2026-07,2026-04,5,,,False
618352,Widening & Upgradation to 2 lanes with paved shoulders road from Tamenglong to Mahur NH-137 in the State of Assam starting from km 136.500 near Hejaichak to km 156.489 near P. Leikul Package-9 on EPC mode under NHO-NE Package-9,NHIDCL,N24001970,10274,color,Assam,Assam,2023-03-01,2023-08-01,2025-08-01,2026-12-01,860.37,,True,559.71,97.25,2026-08,Table 6,96,784,Ministry of Road Transport & Highways,Roads & Highways,NHIDCL,National Highways & Infrastructure Development Corporation Ltd. [NHIDCL],,MoRTH,Transport & Logistics,True,True,Major,614.43,2026-07,2026-04,5,,,False
618353,Widening & Upgradation to 2-lanes with paved shoulders road from Tamenglong to Mahur NH-137 in the State of Assam starting from km 116.480 near Hangrum to km 136.500 near Hejaichak Package-8 on EPC mode under NHO-NE Package 8,NHIDCL,N24001969,10275,color,Assam,Assam,2023-03-01,2023-08-01,2025-08-01,2026-12-01,904.04,,True,563.52,96.7,2026-08,Table 6,96,785,Ministry of Road Transport & Highways,Roads & Highways,NHIDCL,National Highways & Infrastructure Development Corporation Ltd. [NHIDCL],,MoRTH,Transport & Logistics,True,True,Major,904.04,2026-07,2026-04,5,,,False
618354,Wideinig & Upgradation to 2-lanes with paved shoulders road from Tamenglong to Mahur NH-137 in the State of Assam starting from km 96.870 near Jiri River to km 116.550 near Hangrum Package-7 on EPC mode Package7,NHIDCL,N24002130,10276,color,Assam,Assam,2023-12-01,2024-03-01,2026-03-01,2026-12-01,846.82,,True,482.38,90.36,2026-08,Table 6,96,786,Ministry of Road Transport & Highways,Roads & Highways,NHIDCL,National Highways & Infrastructure Development Corporation Ltd. [NHIDCL],,MoRTH,Transport & Logistics,True,True,Major,846.82,2026-07,2026-04,5,,,False
618371,"Widening/Improvement to 4-Lane with Paved Shoulder configuration of existing single lane road from Srirampur near Bhairiguri Village to Kachukhana Harichara Paglagaunj Package-I of Srirampur - Dhubri Section of NH-127B from existing Km 0.000 to Km 28.050 Design Km 0.000 to Km 27.650, Design Length27.650 Km under JICA ODA Loan assistance Phase-V -Balance work",NHIDCL,N24001831,10285,color,Assam,Assam,2022-03-01,2024-11-01,2026-11-01,2026-11-01,613.89,,True,385.77,89.76,2026-08,Table 6,96,787,Ministry of Road Transport & Highways,Roads & Highways,NHIDCL,National Highways & Infrastructure Development Corporation Ltd. [NHIDCL],,MoRTH,Transport & Logistics,True,True,Major,613.89,2026-07,2026-04,5,,,False
618373,"Construction of 4-Lane Bridge including approaches over River Brahmaputra between Dhubri on North Bank,Assam and Phulbari on south Bank,Meghalaya on NH-127B under JICA ODA Loan assistance Phase-III",NHIDCL,N24001326,10287,color,Assam,Assam,2019-05-01,2020-12-01,2028-09-01,2028-09-01,4997.04,,True,3133.25,79.36,2026-08,Table 6,96,788,Ministry of Road Transport & Highways,Roads & Highways,NHIDCL,National Highways & Infrastructure Development Corporation Ltd. [NHIDCL],,MoRTH,Transport & Logistics,True,True,Mega,4997.04,2026-07,2026-04,5,,,False
618436,4-Laning of Jamugurihat to end of Biswanath Chariali By-Pass from Km 182.000 to Km 208.000 of NH-52 on EPC mode in state of Assam under SARDP-NE,NHIDCL,N24000431,10310,color,Assam,Assam,2015-03-01,2016-12-01,2019-06-01,2025-07-01,599.0,,True,433.62,100.0,2026-08,Table 6,96,789,Ministry of Road Transport & Highways,Roads & Highways,NHIDCL,National Highways & Infrastructure Development Corporation Ltd. [NHIDCL],,MoRTH,Transport & Logistics,True,True,Major,599.0,2026-07,2026-04,5,,,False
618437,"Construction of Balance Work of 4-Laning of NH-37 Section between End of Moran Bypass to Bogibeel junction near Lapetketa Km. 561.700-Km. 580.875 under SARDP- NE, Phase 'A' in the State of Assam on EPC mode Pkg-I Road works & Toll Plaza",NHIDCL,N24000583,,color,Assam,Assam,2016-01-01,2024-09-01,2025-03-01,2025-08-01,274.34,,True,116.67,100.0,2026-08,Table 6,96,790,Ministry of Road Transport & Highways,Roads & Highways,NHIDCL,National Highways & Infrastructure Development Corporation Ltd. [NHIDCL],,MoRTH,Transport & Logistics,True,True,Major,274.34,2026-07,2026-04,5,,,False
618438,"4-Laning of NH-37 Section between Demow to End of Moran Bypass From Km. 534.800 to Km. 561.700 including Emergency Landing Facility ELF under SARDP-NE, Phase 'A' in the State of Assam on EPC mode",NHIDCL,N24000582,,color,Assam,Assam,2016-01-01,2023-01-01,2024-07-01,2025-08-01,385.57,,True,681.4,100.0,2026-08,Table 6,96,791,Ministry of Road Transport & Highways,Roads & Highways,NHIDCL,National Highways & Infrastructure Development Corporation Ltd. [NHIDCL],,MoRTH,Transport & Logistics,True,True,Major,385.57,2026-07,2026-04,5,,,False
618440,"Construction of Balance Work of 4-Laning of the Section from Jhanji to Demow of NH- 37 Old from Km 490.800 to Km 534.800, under SARDP- NE on EPC Mode in the state of Assam Pkg- IV Structures & Toll Plaza",NHIDCL,N24000320,,color,Assam,Assam,2016-01-01,2024-10-01,2025-10-01,2026-10-01,187.09,,True,16.71,62.67,2026-08,Table 6,96,792,Ministry of Road Transport & Highways,Roads & Highways,NHIDCL,National Highways & Infrastructure Development Corporation Ltd. [NHIDCL],,MoRTH,Transport & Logistics,True,True,Major,100.22,2026-07,2026-04,5,,,False
618441,"Construction of Balance Work of 4-Laning of the Section from Jhanji to Demow of NH- 37 Old from Km 490.800 to Km 501.800 11.000 Km, under SARDP- NE under EPC Mode in the state of Assam Pkg-I Road Works",NHIDCL,N24000320,,color,Assam,Assam,2016-01-01,2024-10-01,2025-09-01,2026-10-01,467.79,,True,97.88,88.93,2026-08,Table 6,96,793,Ministry of Road Transport & Highways,Roads & Highways,NHIDCL,National Highways & Infrastructure Development Corporation Ltd. [NHIDCL],,MoRTH,Transport & Logistics,True,True,Major,476.5,2026-07,2026-04,5,,,False
618442,"Construction of Balance Work of the 4-Laning of the Section from Jorhat to Jhanji of NH-37 Old from Km 477.000 to Km 490800 13.800 Km, under SARDP- NE under EPC Mode in the state of Assam Pkg-III Road Works",NHIDCL,N24000319,,color,Assam,Assam,2024-01-01,2024-02-01,2024-08-01,2026-06-01,358.72,,True,100.4,100.0,2026-08,Table 6,97,794,Ministry of Road Transport & Highways,Roads & Highways,NHIDCL,National Highways & Infrastructure Development Corporation Ltd. [NHIDCL],,MoRTH,Transport & Logistics,True,True,Major,358.72,2026-07,2026-04,5,,,False
618934,Guwahati Ring Road in the State of Assam,NHAI,,,color,Assam,Assam,2024-08-01,2026-01-01,2030-01-01,2030-01-01,5729.47,,True,364.51,1.3,2026-08,Table 6,97,795,Ministry of Road Transport & Highways,Roads & Highways,NHAI,National Highways Authority of India [NHAI],,MoRTH,Transport & Logistics,True,True,Mega,5729.47,2026-07,2026-04,5,,,False
618958,2L with ES of Yagyi - Kalewa section from Milepost 40/0 to Milepost 115/5 in Myanmar,NHAI,,10693,color,Assam,Assam,2017-12-01,2018-05-01,2023-06-01,2027-12-01,1200.14,,True,0.0,52.0,2026-08,Table 6,97,796,Ministry of Road Transport & Highways,Roads & Highways,NHAI,National Highways Authority of India [NHAI],,MoRTH,Transport & Logistics,True,True,Mega,1200.14,2026-07,2026-04,5,,,False
619013,"Construction of Balance Work of 4-Laning of the Section from Jhanji to Demow of NH- 37 Old from Km 501.800 to Km 514.800 13.000 Km, under SARDP- NE under EPC Mode in the state of Assam Pkg-II Road Works",NHIDCL,N24000320,10807,color,Assam,Assam,2014-10-01,2024-10-01,2026-01-01,2026-10-01,508.76,,True,114.14,81.27,2026-08,Table 6,97,797,Ministry of Road Transport & Highways,Roads & Highways,NHIDCL,National Highways & Infrastructure Development Corporation Ltd. [NHIDCL],,MoRTH,Transport & Logistics,True,True,Major,542.87,2026-07,2026-04,5,,,False
619057,Construction of 4-Lane Badarpur Bypass from Design Chainage km 27300 at crossing with NH-6 Old NH-44 Near Siddeswar Pt.-I Village to Design Chainage km 38600 on NH-37 Old NH-44 at Kandigram Chaita Village on Silchar - Churaibari stretch in the State of Assam on EPC Mode under Bharatmala Pariyojana in Economic Corridors Silchar- Churaibari Pkg-3,NHIDCL,N24002129,11755,color,Assam,Assam,2023-02-01,2024-02-01,2026-08-01,2027-03-01,574.26,,True,331.19,71.09,2026-08,Table 6,97,798,Ministry of Road Transport & Highways,Roads & Highways,NHIDCL,National Highways & Infrastructure Development Corporation Ltd. [NHIDCL],,MoRTH,Transport & Logistics,True,True,Major,574.26,2026-07,2026-04,5,,,False
619060,"Construction of Balance Work of 4-Laning of the Section from Jhanji to Demow of NH- 37 Old from Km 514.800 to Km 534.800 20.000 Km, under SARDP- NE under EPC Mode in the state of Assam Pkg-III Road Works",NHIDCL,N24000320,11756,color,Assam,Assam,2014-10-01,2024-10-01,2025-09-01,2026-10-01,344.71,,True,56.61,74.4,2026-08,Table 6,97,799,Ministry of Road Transport & Highways,Roads & Highways,NHIDCL,National Highways & Infrastructure Development Corporation Ltd. [NHIDCL],,MoRTH,Transport & Logistics,True,True,Major,619.7,2026-07,2026-04,5,,,False
619089,Balance work of 4L of NarimbangloJatinga Junction- Harangajoroad section from Km 0.000 to Km 49.230 of NH-27,NHAI,N24001547,11770,color,Assam,Assam,2022-03-01,2023-01-01,2026-01-01,2026-09-01,1909.98,,True,1434.97,98.0,2026-08,Table 6,97,800,Ministry of Road Transport & Highways,Roads & Highways,NHAI,National Highways Authority of India [NHAI],,MoRTH,Transport & Logistics,True,True,Mega,2745.74,2026-07,2026-04,5,,,False
617897,Construction of proposed 4Lane Revelgunj bypass NH-19 in the State of Bihar on EPC mode connecting NH 19 to 85 origin,MoRTH,N24001879,,color,Bihar,Bihar,2022-03-01,2023-07-01,2025-07-01,2026-12-01,295.24,,True,178.52,91.79,2026-08,Table 6,97,801,Ministry of Road Transport & Highways,Roads & Highways,MORTH,MoRTH,,MoRTH,Transport & Logistics,False,False,Major,295.24,2026-07,2026-04,5,,,False
617958,Widening & Strenthening from km132.895 to km 190.15 NH-80,MoRTH,N24001876,10151,color,Bihar,Bihar,2021-03-01,2022-11-01,2024-11-01,2026-11-01,566.1,,True,376.64,95.15,2026-08,Table 6,97,802,Ministry of Road Transport & Highways,Roads & Highways,MORTH,MoRTH,,MoRTH,Transport & Logistics,False,False,Major,566.1,2026-07,2026-04,5,,,False
617961,Gaya-Hisua-Rajgir-Nalanda-Biharsharif section km0.00 to 92.935 NH-82,MoRTH,N24000579,10152,color,Bihar,Bihar,2014-01-01,2016-11-01,2019-11-01,2026-12-01,1408.85,,True,1784.89,97.0,2026-08,Table 6,97,803,Ministry of Road Transport & Highways,Roads & Highways,MORTH,MoRTH,,MoRTH,Transport & Logistics,False,False,Mega,2138.16,2026-07,2026-04,5,,,False
617966,Rehabilitation and Upgrading to 2 lanes/2-lane with paved shoulders configuration and strengthening of of Birpur and Bihpur Section from km 0.0 to Km 106 of NH 106 under phase I of National Highways Interconnectivity Improvement Projects NHIIP ICB No. NHIIP-BR-106-7 [NHIIP-BR-106-7],MoRTH,N24000382,10153,color,Bihar,Bihar,2014-01-01,2016-10-01,2019-10-01,2026-10-01,780.77,,True,832.37,99.74,2026-08,Table 6,97,804,Ministry of Road Transport & Highways,Roads & Highways,MORTH,MoRTH,,MoRTH,Transport & Logistics,False,False,Major,961.33,2026-07,2026-04,5,,,False
617969,Construction of 4 Lane ROB and its approaches at the level crossing LC No 29 B of Km 29 Ekangarsarai at NH 110 New NH 33 & Railway Km 32.63 at Fatwa FUT Islampur IPR section in the state of Bihar on EPC mode.,MoRTH,N24002193,,color,Bihar,Bihar,2023-03-01,2024-07-01,2026-07-01,2026-12-01,201.08,,True,57.98,62.0,2026-08,Table 6,97,805,Ministry of Road Transport & Highways,Roads & Highways,MORTH,MoRTH,,MoRTH,Transport & Logistics,False,False,Major,201.08,2026-07,2026-04,5,,,False
618004,Construction of Bhabhua Bypass from Ch. 10800Design Ch. 10800 to Ch. 19860 Design Ch. 18150 and Chand Bypass from Ch. 38060 Design Ch. 36250 to Ch. 40460 Design Ch. 38650 and widening of existing road to 2 - lane with Paved shoulder from Ch. 40460 Design Ch. 38650 to Ch. 46860 Design Ch. 45050 of NH-219 Total length- 16.150 Kmunder EPC mode in the state of Bihar,MoRTH,N24001545,,color,Bihar,Bihar,2022-02-01,2026-06-01,2027-12-01,2027-12-01,179.86,,True,30.54,3.0,2026-08,Table 6,97,806,Ministry of Road Transport & Highways,Roads & Highways,MORTH,MoRTH,,MoRTH,Transport & Logistics,False,False,Major,179.86,2026-07,2026-04,5,,,False
618073,Improvement to Two lane with Paved Shoulder from Junction of NH22 near Hajipur to Junction of NH -122 at Bachhwara via Mahnar and Mohiuddin Nagar from Km 0.00 to Km 29.730 of NH 122 B in the State of Bihar.,MoRTH,N24002197,,color,Bihar,Bihar,2024-02-01,2024-08-01,2026-02-01,2027-02-01,226.16,,True,71.04,65.0,2026-08,Table 6,97,807,Ministry of Road Transport & Highways,Roads & Highways,MORTH,MoRTH,,MoRTH,Transport & Logistics,False,False,Major,226.16,2026-07,2026-04,5,,,False
618074,Pre construction activity of NH 122B from km 0 to 72.348 and Improvement to two lane with paved shoulders of NH 122B from km 29.730 to km 72.348 in state of Bihar under EPC mode,MoRTH,N24001870,10173,color,Bihar,Bihar,2022-02-01,2023-05-01,2026-08-01,2026-10-01,624.43,,True,392.71,97.0,2026-08,Table 6,97,808,Ministry of Road Transport & Highways,Roads & Highways,MORTH,MoRTH,,MoRTH,Transport & Logistics,False,False,Major,624.43,2026-07,2026-04,5,,,False
618080,Improvement to two lane with paved shoulders of BH WB Border Amdabad Manihari section from design Km 0.000 to Km 23.945 of NH 131 A Total length 23.945 Km under EPC mode in the state of Bihar,MoRTH,N24002198,,color,Bihar,Bihar,2022-01-01,2025-05-01,2026-11-01,2027-06-01,353.27,,True,512.4,8.0,2026-08,Table 6,97,809,Ministry of Road Transport & Highways,Roads & Highways,MORTH,MoRTH,,MoRTH,Transport & Logistics,False,False,Major,353.27,2026-07,2026-04,5,,,False
618120,construction of Four-Lane of chausa-Buxar Bypass from Km 45.000 to Km 65.915 Package - 2 in the State of Bihar on EPC Mode.,MoRTH,,,color,Bihar,Bihar,2022-09-01,2026-01-01,2028-01-01,2028-01-01,1060.16,,True,29.84,6.0,2026-08,Table 6,97,810,Ministry of Road Transport & Highways,Roads & Highways,MORTH,MoRTH,,MoRTH,Transport & Logistics,False,False,Mega,1060.16,2026-07,2026-04,5,,,False
618121,Improvement to two lane with paved shoulders of NH-319A from km 0 to km 45 in state of Bihar under EPC mode,MoRTH,N24001878,,color,Bihar,Bihar,2022-02-01,2023-06-01,2024-12-01,2026-11-01,427.29,,True,276.13,93.0,2026-08,Table 6,98,811,Ministry of Road Transport & Highways,Roads & Highways,MORTH,MoRTH,,MoRTH,Transport & Logistics,False,False,Major,427.29,2026-07,2026-04,5,,,False
618126,"Pre-Construction activities from Km 134.000 to Km 190.233 of NH-333A and Construction of 4 no. of Bypasses at Katoria, Lakhpura, Banka & Panjwara total length-14.359 Km to two lane with paved shoulders standard in State of Bihar.",MoRTH,,,color,Bihar,Bihar,2022-11-01,2024-12-01,2026-12-01,2027-03-01,479.37,,True,101.5,58.75,2026-08,Table 6,98,812,Ministry of Road Transport & Highways,Roads & Highways,MORTH,MoRTH,,MoRTH,Transport & Logistics,False,False,Major,479.37,2026-07,2026-04,5,,,False
618146,Estimate for Improvement to two lane with paved shoulder from Ramnagar to Roseda from km 3.500 to 43.000 of NH 527 E on EPC mode in State of Bihar,MoRTH,N24001323,,color,Bihar,Bihar,2022-01-01,2024-10-01,2026-04-01,2027-06-01,495.16,,True,221.38,40.0,2026-08,Table 6,98,813,Ministry of Road Transport & Highways,Roads & Highways,MORTH,MoRTH,,MoRTH,Transport & Logistics,False,False,Major,495.16,2026-07,2026-04,5,,,False
618228,construction of a new 4 lane Parallel to existing MG Setu with its approaces from km 0.00 to km 14.500 across river Ganga on NH-19 at Patna in the state of Bihar.,MoRTH,N24001201,10221,color,Bihar,Bihar,2019-02-01,2021-03-01,2024-09-01,2027-12-01,2926.42,,True,1721.72,75.79,2026-08,Table 6,98,814,Ministry of Road Transport & Highways,Roads & Highways,MORTH,MoRTH,,MoRTH,Transport & Logistics,False,False,Mega,2926.42,2026-07,2026-04,5,,,False
618234,Construction of a new 4-lane major bridge across river Kosi at Phulaut including Rehabilitation and upgradation of existing Birpur and Bihpur section of NH-106 from km 106.000 to km 136.000 to 2-lane with paved shoulders in the State of Bihar on EPC mode,MoRTH,N24000943,10223,color,Bihar,Bihar,2018-09-01,2021-06-01,2024-06-01,2027-02-01,1478.4,,True,1323.35,99.0,2026-08,Table 6,98,815,Ministry of Road Transport & Highways,Roads & Highways,MORTH,MoRTH,,MoRTH,Transport & Logistics,False,False,Mega,1478.4,2026-07,2026-04,5,,,False
618246,Construction of New 4-Lane Bridge Parallel to existing Vikramashila Setufrom km 8920 to Km 13375including approach road 35m Naugachhia side &53 m Bhagalpur sideacross River Ganga on newly declared NH-131B at Bhagalpur in the State of Bihar,MoRTH,N24001877,10226,color,Bihar,Bihar,2020-07-01,2023-05-01,2027-05-01,2029-03-01,1110.23,,True,522.58,52.6,2026-08,Table 6,98,816,Ministry of Road Transport & Highways,Roads & Highways,MORTH,MoRTH,,MoRTH,Transport & Logistics,False,False,Mega,1110.23,2026-07,2026-04,5,,,False
618250,Construction of 6-Lane Elevated / Extra Dose Cable Bridge on River Ganga parallel to & Western side of Digha-Sonepur Rail cum-Road Bridge of NH 139W in the State of Bihar,MoRTH,N24002194,10228,color,Bihar,Bihar,2024-01-01,2024-05-01,2027-11-01,2028-12-01,3064.45,,True,407.62,18.92,2026-08,Table 6,98,817,Ministry of Road Transport & Highways,Roads & Highways,MORTH,MoRTH,,MoRTH,Transport & Logistics,False,False,Mega,3064.45,2026-07,2026-04,5,,,False
618251,"Improvement and Up gradation to four lane with Paved shoulder configuration from Existing Km 0000 to Km 39500 design km 0500 to Km 40342, Design length km of NH 227A near Mehrauna GhatUP Bihar Border to Siwan on the state of Bihar on Hybrid Annuity Model HAM basis",MoRTH,,10229,color,Bihar,Bihar,2023-03-01,2025-09-01,2028-03-01,2028-03-01,1661.25,,True,209.87,10.03,2026-08,Table 6,98,818,Ministry of Road Transport & Highways,Roads & Highways,MORTH,MoRTH,,MoRTH,Transport & Logistics,False,False,Mega,1661.25,2026-07,2026-04,5,,,False
618571,Permanent rectification of 3 nos. of black spots in project Highway NH-27 of U.P border - Dewapur - Kotwa section from Km.360.915 to km.440.000 Total Length of 79.085 Km of NH-27& Permanent rectification of 5 nos. of black spots of project Highway NH-27 of Kotwa - Mehsi - Muzaffarpur Section from km.440.000 to km.520.000 Total length 80.00Km,NHAI,N24002064,,color,Bihar,Bihar,2022-04-01,2023-12-01,2025-12-01,2026-12-01,227.25,,True,233.89,83.01,2026-08,Table 6,98,819,Ministry of Road Transport & Highways,Roads & Highways,NHAI,National Highways Authority of India [NHAI],,MoRTH,Transport & Logistics,False,False,Major,321.23,2026-07,2026-04,5,,,False
618725,6L Greenfield Varanasi-Ranchi-Kolkata Highway from Pachmon village to Anarbansalea village From KM. 116000 to KM. 151200 Package-6,NHAI,,10520,color,Bihar,Bihar,2023-03-01,2025-09-01,2027-09-01,2027-09-01,1915.99,,True,439.98,24.87,2026-08,Table 6,98,820,Ministry of Road Transport & Highways,Roads & Highways,NHAI,National Highways Authority of India [NHAI],,MoRTH,Transport & Logistics,False,False,Mega,1920.21,2026-07,2026-04,5,,,False
618726,6L Greenfield Varanasi-Ranchi-Kolkata Highway from junction with Chandauli- Chainpur Road near Khainti village to junction with Bhabhua-Adhaura road near Palka village from Km. 27.000 to Km. 54.000 Pkg-2,NHAI,,10521,color,Bihar,Bihar,2023-03-01,2025-10-01,2027-10-01,2027-10-01,1240.93,,True,252.45,26.77,2026-08,Table 6,98,821,Ministry of Road Transport & Highways,Roads & Highways,NHAI,National Highways Authority of India [NHAI],,MoRTH,Transport & Logistics,False,False,Mega,1341.52,2026-07,2026-04,5,,,False
618727,6L Greenfield Varanasi-Ranchi-Kolkata Highway from junction with Bhabhua-Adhaura road in Bhairopur village to Konki village From KM. 54.000 to KM. 90.000Pkg-3,NHAI,,10522,color,Bihar,Bihar,2023-03-01,2025-10-01,2027-10-01,2027-10-01,1576.94,,True,328.35,27.91,2026-08,Table 6,98,822,Ministry of Road Transport & Highways,Roads & Highways,NHAI,National Highways Authority of India [NHAI],,MoRTH,Transport & Logistics,False,False,Mega,1711.44,2026-07,2026-04,5,,,False
618738,6L Bridge and its approaches across River Ganga as Part of Patna Ring Road NH- 131G starting from Km 8.480 near Sherpur to Km 23.000 near Dighwara,NHAI,N24002062,10527,color,Bihar,Bihar,2022-09-01,2023-09-01,2027-09-01,2029-03-01,6291.69,,True,769.02,22.05,2026-08,Table 6,98,823,Ministry of Road Transport & Highways,Roads & Highways,NHAI,National Highways Authority of India [NHAI],,MoRTH,Transport & Logistics,False,False,Mega,3351.62,2026-07,2026-04,5,,,False
618739,4L Greenfield Alignment of Amas to Shivrampur from 0.000 Km. to 55.002 Km. of NH 119 D Pkg-I,NHAI,N24002065,10528,color,Bihar,Bihar,2022-02-01,2023-03-01,2025-03-01,2027-07-01,1390.92,,True,642.43,54.8,2026-08,Table 6,98,824,Ministry of Road Transport & Highways,Roads & Highways,NHAI,National Highways Authority of India [NHAI],,MoRTH,Transport & Logistics,False,False,Mega,1427.43,2026-07,2026-04,5,,,False
618740,4L Greenfield Alignment of Shivrampur to Ramnagar from Km. 55.002 to Km. 109.300 of NH 119 D Pkg-II,NHAI,N24002066,10529,color,Bihar,Bihar,2022-02-01,2023-07-01,2025-07-01,2027-11-01,1494.31,,True,706.06,50.8,2026-08,Table 6,98,825,Ministry of Road Transport & Highways,Roads & Highways,NHAI,National Highways Authority of India [NHAI],,MoRTH,Transport & Logistics,False,False,Mega,1546.07,2026-07,2026-04,5,,,False
618741,4L Greenfield Alignment from Kalyanapur to Tal Dashraha of NH-119D Pkg-III,NHAI,N24001697,10530,color,Bihar,Bihar,2022-03-01,2023-02-01,2025-02-01,2028-03-01,1857.58,,True,957.5,36.25,2026-08,Table 6,98,826,Ministry of Road Transport & Highways,Roads & Highways,NHAI,National Highways Authority of India [NHAI],,MoRTH,Transport & Logistics,False,False,Mega,1969.3,2026-07,2026-04,5,,,False
618742,"Construction of 6-lane Greenfield corridor from Ramnagar to Kacchi Dargah NH-119D from Km 109700 to Km 122300, including widening of the existing NH-31 from Km 196700 to Km 198600, as part of the Amas-Darbhanga.",NHAI,,12151,color,Bihar,Bihar,2025-01-01,2026-04-01,2028-04-01,2028-04-01,1113.46,,True,13.38,0.8,2026-08,Table 6,99,827,Ministry of Road Transport & Highways,Roads & Highways,NHAI,National Highways Authority of India [NHAI],,MoRTH,Transport & Logistics,False,False,Mega,1113.46,2026-07,2026-04,5,2026-04,,False
618775,Ara Bypass,NHAI,,,color,Bihar,Bihar,2025-03-01,2025-10-01,2027-04-01,2027-04-01,226.32,,True,6.32,25.78,2026-08,Table 6,99,828,Ministry of Road Transport & Highways,Roads & Highways,NHAI,National Highways Authority of India [NHAI],,MoRTH,Transport & Logistics,False,False,Major,226.32,2026-07,2026-04,5,,,False
618790,Construction of four laning of Bakarpur- Manikpur road section starting from village Chitarsenpur km 0000 and terminating at SH-74 near Manikpur 38814 at NH-139W under Bharatmalapariyona,NHAI,,10564,color,Bihar,Bihar,2023-03-01,2024-10-01,2027-04-01,2027-09-01,1422.37,,True,671.84,49.0,2026-08,Table 6,99,829,Ministry of Road Transport & Highways,Roads & Highways,NHAI,National Highways Authority of India [NHAI],,MoRTH,Transport & Logistics,False,False,Mega,1537.99,2026-07,2026-04,5,2026-04,,False
618791,4L PS under NH configuration of Manikpur-Sahebganj of NH-139W,NHAI,,,color,Bihar,Bihar,2024-10-01,2026-01-01,2027-12-01,2027-12-01,1538.76,,True,599.9,27.5,2026-08,Table 6,99,830,Ministry of Road Transport & Highways,Roads & Highways,NHAI,National Highways Authority of India [NHAI],,MoRTH,Transport & Logistics,False,False,Mega,1538.76,2026-07,2026-04,5,,,False
618840,Simaria Km. 206.050 to Khagaria Km. 266.282,NHAI,N24000480,10602,color,Bihar,Bihar,2015-12-01,2016-10-01,2019-04-01,2026-12-01,664.02,,True,816.96,97.73,2026-08,Table 6,99,831,Ministry of Road Transport & Highways,Roads & Highways,NHAI,National Highways Authority of India [NHAI],,MoRTH,Transport & Logistics,False,False,Major,891.64,2026-07,2026-04,5,,,False
618841,4L Elevated Section and at-grade improvements at Begusarai town Simaria - Khagaria section from Km. 221.047 to Km. 225.302 of NH-31,NHAI,N24001699,,color,Bihar,Bihar,2021-10-01,2022-06-01,2024-12-01,2026-10-01,491.04,,True,354.71,96.2,2026-08,Table 6,99,832,Ministry of Road Transport & Highways,Roads & Highways,NHAI,National Highways Authority of India [NHAI],,MoRTH,Transport & Logistics,False,False,Major,348.38,2026-07,2026-04,5,,,False
618861,Bakhtiyarpur-Rajauli Pkg-II from km. 54.405 to km.101.630,NHAI,N24001709,10616,color,Bihar,Bihar,2020-09-01,2021-04-01,2023-07-01,2026-09-01,897.45,,True,914.29,97.85,2026-08,Table 6,99,833,Ministry of Road Transport & Highways,Roads & Highways,NHAI,National Highways Authority of India [NHAI],,MoRTH,Transport & Logistics,False,False,Major,1397.47,2026-07,2026-04,5,,,False
618862,Bakhtiyarpur-Rajauli Pkg-III from km. 101.630 to km.152.520,NHAI,,10617,color,Bihar,Bihar,2020-09-01,2021-12-01,2024-06-01,2026-09-01,2156.22,,True,1823.64,99.14,2026-08,Table 6,99,834,Ministry of Road Transport & Highways,Roads & Highways,NHAI,National Highways Authority of India [NHAI],,MoRTH,Transport & Logistics,False,False,Mega,3046.61,2026-07,2026-04,5,,,False
618902,Maheshkunt-Saharsa-Purnea Pkg I km 0.00 to km. 90.00 of NH-107,NHAI,N24000723,10651,color,Bihar,Bihar,2017-02-01,2019-12-01,2021-12-01,2026-12-01,662.44,,True,1127.24,90.38,2026-08,Table 6,99,835,Ministry of Road Transport & Highways,Roads & Highways,NHAI,National Highways Authority of India [NHAI],,MoRTH,Transport & Logistics,False,False,Major,1311.22,2026-07,2026-04,5,,,False
618903,Maheshkunt -Saharsa-Purnea Pkg II,NHAI,N24000665,10652,color,Bihar,Bihar,2017-03-01,2018-12-01,2020-12-01,2026-09-01,1245.33,,True,1261.02,94.0,2026-08,Table 6,99,836,Ministry of Road Transport & Highways,Roads & Highways,NHAI,National Highways Authority of India [NHAI],,MoRTH,Transport & Logistics,False,False,Mega,1244.09,2026-07,2026-04,5,,,False
618905,Widening with additional 3L abetting Chhapra Bypass Section of NH-19 from Km. 143.200 to Km. 159.255 Pkg-1,NHAI,,10654,color,Bihar,Bihar,2024-02-01,2024-08-01,2026-08-01,2026-10-01,470.5,,True,318.83,77.28,2026-08,Table 6,99,837,Ministry of Road Transport & Highways,Roads & Highways,NHAI,National Highways Authority of India [NHAI],,MoRTH,Transport & Logistics,False,False,Major,528.48,2026-07,2026-04,5,,,False
618914,"4L Elevated Corridor and at-grade improvements from Design Ch0000 to Design Ch 19870 of Danapur Bihta Section, Design Ch0000 to Design Ch0231 connecting the existing RoB near Danapur station ,1.35 Km ramps and at-grade improvements to 4- lane section on Danapur side and Upgradation of existing Two lane carriageway to Four Lane carriageway from Design Ch19870 to Design Ch23500 of Bihta - Koilwar section",NHAI,,10661,color,Bihar,Bihar,2022-10-01,2024-03-01,2026-09-01,2027-08-01,4432.97,,True,1650.59,63.91,2026-08,Table 6,99,838,Ministry of Road Transport & Highways,Roads & Highways,NHAI,National Highways Authority of India [NHAI],,MoRTH,Transport & Logistics,False,False,Mega,2625.4,2026-07,2026-04,5,,,False
618917,4L Greenfield starting from NH-30 near Saristabad Patna to Nathupur Project end point of Patna-Gaya-Dobhi Section of NH-83,NHAI,,,color,Bihar,Bihar,2023-07-01,2024-03-01,2025-08-01,2026-09-01,488.24,,True,101.06,90.03,2026-08,Table 6,99,839,Ministry of Road Transport & Highways,Roads & Highways,NHAI,National Highways Authority of India [NHAI],,MoRTH,Transport & Logistics,False,False,Major,419.66,2026-07,2026-04,5,,,False
618926,4L of Siwan- Masrakh section of Ram Janki Marg from Km 230.385 to Km 281.391 of NH-227A,NHAI,,10670,color,Bihar,Bihar,2022-08-01,2024-11-01,2026-11-01,2028-11-01,1431.36,,True,521.99,10.97,2026-08,Table 6,99,840,Ministry of Road Transport & Highways,Roads & Highways,NHAI,National Highways Authority of India [NHAI],,MoRTH,Transport & Logistics,False,False,Mega,1927.04,2026-07,2026-04,5,,,False
618953,Umagaon-Saharsa Package-IV Koshi Bridge & approach Road - Bheja-Bakaur,NHAI,N24001371,10689,color,Bihar,Bihar,2019-02-01,2020-02-01,2023-08-01,2027-03-01,1199.58,,True,1331.17,92.4,2026-08,Table 6,99,841,Ministry of Road Transport & Highways,Roads & Highways,NHAI,National Highways Authority of India [NHAI],,MoRTH,Transport & Logistics,False,False,Mega,1223.94,2026-07,2026-04,5,,,False
618954,Umagaon - Saharsa Package - I Combined Umagaon-Kaluahi0.000KM to 21.609Km of NH227LSaharghat-Rahika0.000 Km to 26.130KM of NH227JRahika-Rampatti 0.00 KM to 15.00KM of NH527ABideshwarsthan-Bheja0.000KM to 25.915KM of NH527A.,NHAI,,10690,color,Bihar,Bihar,2022-08-01,2025-01-01,2027-07-01,2027-07-01,1473.2,,True,666.87,23.78,2026-08,Table 6,99,842,Ministry of Road Transport & Highways,Roads & Highways,NHAI,National Highways Authority of India [NHAI],,MoRTH,Transport & Logistics,False,False,Mega,1703.02,2026-07,2026-04,5,,,False
618955,2L PS of Majhauli to Charout section from km. 0.00 to km. 63.655,NHAI,N24000813,10691,color,Bihar,Bihar,2018-01-01,2019-11-01,2021-11-01,2026-09-01,638.29,,True,1104.68,99.8,2026-08,Table 6,99,843,Ministry of Road Transport & Highways,Roads & Highways,NHAI,National Highways Authority of India [NHAI],,MoRTH,Transport & Logistics,False,False,Major,1067.51,2026-07,2026-04,5,,,False
618956,Construction of Major Bridge over Baghmati and Lakhandei River along with Approaches from Design km.16.500 to km.21.500,NHAI,,,color,Bihar,Bihar,2024-02-01,2024-10-01,2027-04-01,2028-03-01,498.97,,True,57.79,26.84,2026-08,Table 6,99,844,Ministry of Road Transport & Highways,Roads & Highways,NHAI,National Highways Authority of India [NHAI],,MoRTH,Transport & Logistics,False,False,Major,380.3,2026-07,2026-04,5,,,False
619127,4L of Greenfield Alignment from Km. 47.000 to Km. 89.210 of Balbhadarpur to Bela Nawda Section of NH-119D,NHAI,,11796,color,Bihar,Bihar,2022-03-01,2024-03-01,2026-03-01,2028-03-01,2185.75,,True,764.98,30.41,2026-08,Table 6,99,845,Ministry of Road Transport & Highways,Roads & Highways,NHAI,National Highways Authority of India [NHAI],,MoRTH,Transport & Logistics,False,False,Mega,2118.46,2026-07,2026-04,5,,,False
619136,Rehabilitation and Upgradation of Chorma - Bairgania Section of National Highway No 227F to 2 lane with paved shoulders from Design Ch.0.000 to Ch. 34.566,NHAI,,11803,color,Bihar,Bihar,2022-06-01,2024-02-01,2026-01-01,2026-09-01,610.78,,True,340.56,100.0,2026-08,Table 6,100,846,Ministry of Road Transport & Highways,Roads & Highways,NHAI,National Highways Authority of India [NHAI],,MoRTH,Transport & Logistics,False,False,Major,628.65,2026-07,2026-04,5,,,False
619152,Bakhtiyarpur Km 153.300 to Mokama Km 197.900,NHAI,N24000507,,color,Bihar,Bihar,2015-12-01,2017-06-01,2019-12-01,2026-09-01,1898.84,,True,1799.39,99.95,2026-08,Table 6,100,847,Ministry of Road Transport & Highways,Roads & Highways,NHAI,National Highways Authority of India [NHAI],,MoRTH,Transport & Logistics,False,False,Mega,1898.84,2026-07,2026-04,5,,,False
619166,Umagaon-Saharsa Package-V Bakaur-Parsarma-Bangaon-Bariyahi & Spur to Mahishi,NHAI,,11820,color,Bihar,Bihar,2022-10-01,2023-12-01,2025-12-01,2026-09-01,768.35,,True,509.34,99.5,2026-08,Table 6,100,848,Ministry of Road Transport & Highways,Roads & Highways,NHAI,National Highways Authority of India [NHAI],,MoRTH,Transport & Logistics,False,False,Major,968.42,2026-07,2026-04,5,,,False
619289,4L of Munger Mirzachauki section from Munger to Kharia village junction from Km 69520 to Km 95580 Pkg-1,NHAI,,12091,color,Bihar,Bihar,2021-01-01,2022-03-01,2024-03-01,2026-10-01,1659.81,,True,685.55,85.15,2026-08,Table 6,100,849,Ministry of Road Transport & Highways,Roads & Highways,NHAI,National Highways Authority of India [NHAI],,MoRTH,Transport & Logistics,False,False,Mega,1696.66,2026-07,2026-04,5,,,False
619301,Construction of Approach Road to Rail-cum- Road Bridge across river Ganga at Munger Ghat NH-333 B,NHAI,,,color,Bihar,Bihar,2013-07-01,2018-12-01,2021-05-01,2026-09-01,537.88,,True,574.02,99.99,2026-08,Table 6,100,850,Ministry of Road Transport & Highways,Roads & Highways,NHAI,National Highways Authority of India [NHAI],,MoRTH,Transport & Logistics,False,False,Major,633.91,2026-07,2026-04,5,,,False
619305,4L of Munger Mirzachauki section from start of existing Bhagalpur bypass to Rasulpur from Km 125000 to Km 157350 Pkg-3,NHAI,,12095,color,Bihar,Bihar,2021-01-01,2022-04-01,2024-04-01,2026-12-01,1769.5,,True,681.07,81.03,2026-08,Table 6,100,851,Ministry of Road Transport & Highways,Roads & Highways,NHAI,National Highways Authority of India [NHAI],,MoRTH,Transport & Logistics,False,False,Mega,2024.59,2026-07,2026-04,5,,,False
619306,4L of Munger Mirzachauki section from Km 95580 to Km 125000 Pkg-2,NHAI,,12096,color,Bihar,Bihar,2021-02-01,2022-03-01,2024-03-01,2026-09-01,1020.84,,True,643.08,95.9,2026-08,Table 6,100,852,Ministry of Road Transport & Highways,Roads & Highways,NHAI,National Highways Authority of India [NHAI],,MoRTH,Transport & Logistics,False,False,Mega,1235.65,2026-07,2026-04,5,,,False
619317,4L of Hajipur-Muzaffarpur Section of the existing NH-77 from Km. 0000 Ramashish Chowk to Km. 46300 and new bypass starting at Km. 46300 and connecting NH-28 of E-W Corridor at Km. 515045,NHAI,,,color,Bihar,Bihar,2010-08-01,2010-08-01,2013-02-01,2026-10-01,2723.39,,True,2160.8,99.45,2026-08,Table 6,100,853,Ministry of Road Transport & Highways,Roads & Highways,NHAI,National Highways Authority of India [NHAI],,MoRTH,Transport & Logistics,False,False,Mega,2906.78,2026-07,2026-04,5,2026-04,,False
617908,Bemetara Bypass NH 30,MoRTH,,,color,Chhattisgarh,Chhattisgarh,2024-01-01,2025-04-01,2027-04-01,2027-04-01,161.96,,True,38.39,45.0,2026-08,Table 6,100,854,Ministry of Road Transport & Highways,Roads & Highways,MORTH,MoRTH,,MoRTH,Transport & Logistics,False,False,Major,161.96,2026-07,2026-04,5,,,False
617919,Construction of 4 Nos Grade separtor between km. 281.000 to km. 307.600 km. 286.400 kumhari km. 299.000 Transport Nagar km. 302.000 Power House km. 304.000 Chandra Moura Chowk to km. 305.000 supeia of NH-53 old NH-06 Raipur - Durg 4 Lane on EPC mode in the state of chhattisgarh job NO. NH-53old NH-06 CG- 2017-18-56,MoRTH,N24001227,,color,Chhattisgarh,Chhattisgarh,2018-03-01,2019-01-01,2021-01-01,2025-08-01,349.03,,True,321.49,97.9,2026-08,Table 6,100,855,Ministry of Road Transport & Highways,Roads & Highways,MORTH,MoRTH,,MoRTH,Transport & Logistics,False,False,Major,349.03,2026-07,2026-04,5,,,False
617971,Up-gradation to Two/Four lane with paved shoulder Configuration of Kondagaon- Narayanpur from design ch. 0.00 - 48.693 Design Length 47.493 Km. 1.20 Km. retained on NH-130D under EPC mode in the State Chhattisgarh.,MoRTH,,,color,Chhattisgarh,Chhattisgarh,2022-12-01,2025-03-01,2027-03-01,2027-03-01,322.4,,True,142.76,70.0,2026-08,Table 6,100,856,Ministry of Road Transport & Highways,Roads & Highways,MORTH,MoRTH,,MoRTH,Transport & Logistics,False,False,Major,322.4,2026-07,2026-04,5,,,False
617972,Upgradation to Two lane with Paved Shoulder Configuration of Narayanpur Kasturmeta pkg-II from design ch. 48.693 to 70.453 design length21.760 Km. on NH-130D under EPC mode in the state of Chhattisgarh.,MoRTH,,,color,Chhattisgarh,Chhattisgarh,2022-12-01,2024-12-01,2026-06-01,,200.67,,True,0.0,0.0,2026-08,Table 6,100,857,Ministry of Road Transport & Highways,Roads & Highways,MORTH,MoRTH,,MoRTH,Transport & Logistics,False,False,Major,200.67,2026-07,2026-04,5,,DQ10,False
618014,"Upgradation of Ambikapur-Ramanujganj-Garwa road of NH-343, Package-III, Badki mahri village to Ramanujganj section from existing km 80.600 to km 110.330 Design Ch. 85.370 to Ch. 114.800 of total length 29.430 km to two lane with paved shoulders udner corridor scheme under EPC Mode in the of Chhattisgarh",MoRTH,,,color,Chhattisgarh,Chhattisgarh,2022-03-01,2025-05-01,2026-10-01,2026-10-01,199.05,,True,76.7,38.56,2026-08,Table 6,100,858,Ministry of Road Transport & Highways,Roads & Highways,MORTH,MoRTH,,MoRTH,Transport & Logistics,False,False,Major,199.05,2026-07,2026-04,5,,,False
618015,"Upgradation of Keonchi - Ratanpur Road of NH 45 Package-I, from design chainage km 237.860 to km 273.200 of length 35.340 km to two lane with paved shoulders under Corridor scheme on EPC mode in the state of Chhattisgarh.",MoRTH,,,color,Chhattisgarh,Chhattisgarh,2022-03-01,2024-07-01,2026-01-01,2026-12-01,225.41,,True,99.1,60.0,2026-08,Table 6,100,859,Ministry of Road Transport & Highways,Roads & Highways,MORTH,MoRTH,,MoRTH,Transport & Logistics,False,False,Major,228.93,2026-07,2026-04,5,,,False
618016,"Upgradation of Ambikapur Ramanujganj - Garhwa Road NH 343 of Package-I, Rajpuri Khurd Village to Padih Village section from existing km 7.830 to km 57.650 Design Ch. 13.700 to Ch. 62.700 of total length 49.00 km to two lane with paved shoulders under EPC mode in the state of Chhattisgarh",MoRTH,,,color,Chhattisgarh,Chhattisgarh,2022-03-01,2025-05-01,2027-05-01,2027-05-01,397.44,,True,120.08,28.07,2026-08,Table 6,100,860,Ministry of Road Transport & Highways,Roads & Highways,MORTH,MoRTH,,MoRTH,Transport & Logistics,False,False,Major,397.44,2026-07,2026-04,5,,,False
618017,"Upgradation of Keonchi - Ratanpur Road of NH 45 Package-II, from design chainage km 278.75 to km 321.348 of length 42.598 km to two lane with paved shoulders under Corridor scheme on EPC mode in the state of Chhattisgarh.",MoRTH,,,color,Chhattisgarh,Chhattisgarh,2022-03-01,2024-07-01,2026-01-01,2026-12-01,286.0,,True,125.64,60.0,2026-08,Table 6,100,861,Ministry of Road Transport & Highways,Roads & Highways,MORTH,MoRTH,,MoRTH,Transport & Logistics,False,False,Major,286.0,2026-07,2026-04,5,,,False
618018,Upgradation of Bilaspur-Takhatpur-Mungeli-Pandariya-Pondi Road on N.H.-130A Package IIIA Takhatpur By-pass from existing Ch. 26.542 to 32.093 [Design Ch. 18.700 to 25.900] & Mungeli By-pass from existing Ch. 45.786 to 56.275 [Design Ch. 29.600 to 51.600] and Package IIIB Pandariya By-Pass from existing Ch. 82.582 to 87.133 [Design Ch. 77.900 to 81.1000 & Pondi By-pass from existing Ch. 103.166 to 104.756 [Design Ch. 97.000 to 103.395] to two lane with paved shoulder configuration in the,MoRTH,,,color,Chhattisgarh,Chhattisgarh,2022-03-01,2024-01-01,2025-07-01,2026-12-01,351.19,,True,119.91,11.0,2026-08,Table 6,101,862,Ministry of Road Transport & Highways,Roads & Highways,MORTH,MoRTH,,MoRTH,Transport & Logistics,False,False,Major,351.19,2026-07,2026-04,5,,,False
618589,Durg-Raipur Bypass Section Package - 1 from km. 0.00 to km. 44.50 near Tendesara to near Khatti Village,NHAI,N24002045,10422,color,Chhattisgarh,Chhattisgarh,2022-06-01,2023-07-01,2025-07-01,2027-03-01,1828.0,,True,1072.3,75.39,2026-08,Table 6,101,863,Ministry of Road Transport & Highways,Roads & Highways,NHAI,National Highways Authority of India [NHAI],,MoRTH,Transport & Logistics,False,False,Mega,1656.73,2026-07,2026-04,5,,,False
618590,Durg-Raipur-Arang Package - 2 from km. 44.50 to km. 92.23 near Khatti Village to near Aurang,NHAI,N24002046,10423,color,Chhattisgarh,Chhattisgarh,2022-06-01,2023-06-01,2025-05-01,2027-03-01,1958.9,,True,1009.65,73.96,2026-08,Table 6,101,864,Ministry of Road Transport & Highways,Roads & Highways,NHAI,National Highways Authority of India [NHAI],,MoRTH,Transport & Logistics,False,False,Mega,1561.97,2026-07,2026-04,5,,,False
618639,4L of Bilaspur to Urga km 0.00 to 70.2 of NH-130A,NHAI,N24001611,10457,color,Chhattisgarh,Chhattisgarh,2020-04-01,2022-03-01,2024-03-01,2026-12-01,1855.59,,True,1558.35,94.81,2026-08,Table 6,101,865,Ministry of Road Transport & Highways,Roads & Highways,NHAI,National Highways Authority of India [NHAI],,MoRTH,Transport & Logistics,False,False,Mega,2523.86,2026-07,2026-04,5,,,False
618640,4L of Urga - Pathalgaon from Km. 70.200 to km. 157.745 of NH-130A,NHAI,,10458,color,Chhattisgarh,Chhattisgarh,2022-03-01,2024-02-01,2026-08-01,2026-10-01,2261.3,,True,1121.3,81.5,2026-08,Table 6,101,866,Ministry of Road Transport & Highways,Roads & Highways,NHAI,National Highways Authority of India [NHAI],,MoRTH,Transport & Logistics,False,False,Mega,2860.36,2026-07,2026-04,5,,,False
618646,4L of Pathalgaon-Kunkuri-CG/JH Border section of NH-43 from Km. 00.000 to Km.104.250,NHAI,,,color,Chhattisgarh,Chhattisgarh,2024-08-01,2026-04-01,2029-04-01,2029-04-01,3147.07,,True,0.03,0.0,2026-08,Table 6,101,867,Ministry of Road Transport & Highways,Roads & Highways,NHAI,National Highways Authority of India [NHAI],,MoRTH,Transport & Logistics,False,False,Mega,3147.07,2026-07,2026-05,4,2026-05,,False
618673,Development of 6L of Jhanki Sargi Section Road from km 0.000 to km 42.800 of NH- 130CD Pkg-CG-1,NHAI,N24001593,10476,color,Chhattisgarh,Chhattisgarh,2021-11-01,2022-09-01,2024-09-01,2027-02-01,1368.19,,True,715.41,99.41,2026-08,Table 6,101,868,Ministry of Road Transport & Highways,Roads & Highways,NHAI,National Highways Authority of India [NHAI],,MoRTH,Transport & Logistics,False,False,Mega,1129.14,2026-07,2026-04,5,,,False
618674,Development of 6L Sargi Basanwahi Section from km 42.800 to km 99.500 of NH- 130CD Pkg-CG-2,NHAI,N24001588,10477,color,Chhattisgarh,Chhattisgarh,2021-12-01,2023-01-01,2025-01-01,2026-10-01,1470.73,,True,757.66,100.0,2026-08,Table 6,101,869,Ministry of Road Transport & Highways,Roads & Highways,NHAI,National Highways Authority of India [NHAI],,MoRTH,Transport & Logistics,False,False,Mega,1461.81,2026-07,2026-04,5,,,False
618675,Development of 6L of Basanwahi Marangpuri Section from km 99.500 to km 124.661 of NH-130-CD,NHAI,N24002017,10478,color,Chhattisgarh,Chhattisgarh,2022-03-01,2023-10-01,2025-10-01,2027-03-01,1307.16,,True,518.96,70.73,2026-08,Table 6,101,870,Ministry of Road Transport & Highways,Roads & Highways,NHAI,National Highways Authority of India [NHAI],,MoRTH,Transport & Logistics,False,False,Mega,1303.63,2026-07,2026-04,5,,,False
618957,4 laning of Champa - Korba from km 0.00 to km 38.2,NHAI,,10692,color,Chhattisgarh,Chhattisgarh,2021-02-01,2022-01-01,2024-01-01,2026-10-01,1002.33,,True,944.79,98.75,2026-08,Table 6,101,871,Ministry of Road Transport & Highways,Roads & Highways,NHAI,National Highways Authority of India [NHAI],,MoRTH,Transport & Logistics,False,False,Mega,1304.47,2026-07,2026-04,5,,,False
619039,"Balance Works of Rehabilitation and Up gradation of NH-43 New NH-30 from Krn 162120 to Krn 173500 Length 11.380 Km. Keshkal Bypass 4-Lane with Paved shoulder in the State Of Chhattisgarh under NHDP-IV through Engineering, Procurement & Construction EPC Basis",MoRTH,,,color,Chhattisgarh,Chhattisgarh,2025-06-01,2026-06-01,2028-06-01,,307.96,,True,10.71,0.0,2026-08,Table 6,101,872,Ministry of Road Transport & Highways,Roads & Highways,MORTH,MoRTH,,MoRTH,Transport & Logistics,False,False,Major,307.96,2026-07,2026-06,3,2026-06,,False
619103,4/6 Laning of Raipur-Simga Pkg-I from km. 0.00 to km. 48.58,NHAI,,,color,Chhattisgarh,Chhattisgarh,2015-10-01,2016-04-01,2018-04-01,2026-09-01,1096.52,,True,905.64,100.0,2026-08,Table 6,101,873,Ministry of Road Transport & Highways,Roads & Highways,NHAI,National Highways Authority of India [NHAI],,MoRTH,Transport & Logistics,False,False,Mega,1172.36,2026-07,2026-04,5,,,False
619167,4 Laning with PS of Pathrapalli-Katghora km 53.3 to km 92.6 Pkg-II of Bilaspur Kathghora,NHAI,,11821,color,Chhattisgarh,Chhattisgarh,2019-12-01,2020-12-01,2022-12-01,2026-09-01,865.1,,True,853.93,93.1,2026-08,Table 6,101,874,Ministry of Road Transport & Highways,Roads & Highways,NHAI,National Highways Authority of India [NHAI],,MoRTH,Transport & Logistics,False,False,Major,1275.26,2026-07,2026-04,5,,,False
619347,Balance Work Estimate of Rehabilitation and Up-gradation of NH- 43 from Km. 468.600 to Km. 531.250 Pathalgaon to kunkuri Section to two-lane with paved shoulder in the State of Chhattisgarh on SBD mode under NHO under Annual plan 2025-26,MoRTH,,,color,Chhattisgarh,Chhattisgarh,2026-03-01,2026-06-01,2028-06-01,,201.16,,True,4.53,0.0,2026-08,Table 6,101,875,Ministry of Road Transport & Highways,Roads & Highways,MORTH,MoRTH,,MoRTH,Transport & Logistics,False,False,Major,201.16,2026-07,2026-06,3,2026-06,,False
619183,Widening of Existing Road from Intermediate Lane 2-lane to 4-lane Between Km 19.994 to Km 35.180 of NH-848A Rakholi-Khadoli-Velugam Section in U.T. of Dadra and Nagar Haveli and Daman and Diu,MoRTH,,,color,Dadra & Nagar Haveli and Daman & Diu,Dadra & Nagar Haveli and Daman & Diu,2022-10-01,2024-02-01,2026-06-01,2026-09-01,198.06,,True,173.71,92.0,2026-08,Table 6,101,876,Ministry of Road Transport & Highways,Roads & Highways,MORTH,MoRTH,,MoRTH,Transport & Logistics,False,False,Major,239.57,2026-07,2026-04,5,,,False
618509,Development of 6L UER II [Package - I] NH-1 Near Bakoli till Karala Kanjhawala Road from km. 0.70 to km.15.00,NHAI,N24001777,10365,color,Delhi,Delhi,2020-07-01,2021-10-01,2023-10-01,2026-09-01,2089.94,,True,1835.63,99.99,2026-08,Table 6,101,877,Ministry of Road Transport & Highways,Roads & Highways,NHAI,National Highways Authority of India [NHAI],,MoRTH,Transport & Logistics,False,False,Mega,2203.45,2026-07,2026-04,5,,,False
619202,Dwarka Expressway from Km -0.600 to Km 5.300 - Pkg-I Shivmurti Chowk-RuB near Dwarka Sector 21,NHAI,,11893,color,Delhi,Delhi,2018-03-01,2020-09-01,2022-09-01,2026-09-01,2144.67,,True,3560.87,98.8,2026-08,Table 6,101,878,Ministry of Road Transport & Highways,Roads & Highways,NHAI,National Highways Authority of India [NHAI],,MoRTH,Transport & Logistics,False,False,Mega,3929.5,2026-07,2026-04,5,,,False
617941,4-Laning from End of Zuari approaches to Start of Margao Bypass section of NH-66 from Km 536.800 to Km 543.450,MoRTH,,,color,Goa,Goa,2024-07-01,2026-02-01,2028-02-01,2028-02-01,398.25,,True,1.47,1.12,2026-08,Table 6,102,879,Ministry of Road Transport & Highways,Roads & Highways,MORTH,MoRTH,,MoRTH,Transport & Logistics,False,False,Major,398.25,2026-07,2026-04,5,,,False
617942,Construction of Six lane Elevated Corridor from Km. 508.000 to Km. 513.150 including approaches on NH-66,MoRTH,N24002181,10145,color,Goa,Goa,2023-04-01,2024-04-01,2026-04-01,2026-10-01,641.46,,True,484.35,100.0,2026-08,Table 6,102,880,Ministry of Road Transport & Highways,Roads & Highways,MORTH,MoRTH,,MoRTH,Transport & Logistics,False,False,Major,641.46,2026-07,2026-04,5,,,False
617943,4-laning of Navelim to Cuncolim Section of NH-66 from Km 554.245 to Km 561.480 on HAM Mode,MoRTH,,,color,Goa,Goa,2024-12-01,2026-04-01,2028-10-01,2028-10-01,746.75,,True,1.25,0.0,2026-08,Table 6,102,881,Ministry of Road Transport & Highways,Roads & Highways,MORTH,MoRTH,,MoRTH,Transport & Logistics,False,False,Major,746.75,2026-07,2026-05,4,2026-05,,False
618609,Construction of 4L Flyover from MES College Junction to Bogmalo Junction on NH- 566 from Km. 7.106 to Km. 10.460 and 4L VUP at Queeny Nagar Junction from Km. 3.330 to Km. 4.550,NHAI,,,color,Goa,Goa,2024-01-01,2024-08-01,2026-07-01,2027-05-01,463.08,,True,182.85,59.18,2026-08,Table 6,102,882,Ministry of Road Transport & Highways,Roads & Highways,NHAI,National Highways Authority of India [NHAI],,MoRTH,Transport & Logistics,False,False,Major,316.28,2026-07,2026-04,5,,,False
617906,Up-gradation of Dhoraji-Jamkandorna-Kalavad Section of NH-927D from Design Chainage km 0/00 to km 58/115 to Two lane with PS configuration in the State of Gujarat on EPC,MoRTH,N24002118,,color,Gujarat,Gujarat,2022-10-01,2025-01-01,2027-01-01,2027-01-01,246.6,,True,0.0,35.0,2026-08,Table 6,102,883,Ministry of Road Transport & Highways,Roads & Highways,MORTH,MoRTH,,MoRTH,Transport & Logistics,False,False,Major,291.19,2026-07,2026-04,5,,,False
617916,Work of 6 laning/Construction of elevated corridor from km 0/0 to 10/170 Narol Junction to Sarkhej junction including 4 lane Shastri Bridge on Sabarmati river on NH 47 in the State of Gujarat on HAM mode,MoRTH,,10137,color,Gujarat,Gujarat,2024-03-01,2025-08-01,2028-02-01,2028-02-01,1295.39,,True,179.4,40.0,2026-08,Table 6,102,884,Ministry of Road Transport & Highways,Roads & Highways,MORTH,MoRTH,,MoRTH,Transport & Logistics,False,False,Mega,1295.39,2026-07,2026-04,5,,,False
617926,Construction of new 4 lane major bridge with approaches on Sabarmati River near Dharoi at Km. 82/00 to 86/00 Design length 3.300 km on NH-58 in the State of Gujarat on Hybrid Annuity Mode HAM,MoRTH,,,color,Gujarat,Gujarat,2024-03-01,2025-08-01,2027-08-01,2027-08-01,398.4,,True,97.73,58.0,2026-08,Table 6,102,885,Ministry of Road Transport & Highways,Roads & Highways,MORTH,MoRTH,,MoRTH,Transport & Logistics,False,False,Major,398.4,2026-07,2026-04,5,,,False
617927,Widening to 2LPS between Km 0/0 to 56/0 Khokhara Gujarat Border Vijayanagar Antrasuba Mathasur road of NH 58 in the State of Gujarat,MoRTH,,10140,color,Gujarat,Gujarat,2024-03-01,2025-09-01,2027-09-01,2027-09-01,699.19,,True,76.36,36.0,2026-08,Table 6,102,886,Ministry of Road Transport & Highways,Roads & Highways,MORTH,MoRTH,,MoRTH,Transport & Logistics,False,False,Major,699.19,2026-07,2026-04,5,,,False
617928,"Widening 2 lane to 4-lane from KM 92/320 to Km 115/320 Vav Chokdi-Satlasana to to Vrundavan Chokdi, Kheralu on NH-58 in the State of Gujarat.",MoRTH,N24002183,,color,Gujarat,Gujarat,2022-03-01,2024-03-01,2026-03-01,2026-08-01,151.13,,True,151.29,100.0,2026-08,Table 6,102,887,Ministry of Road Transport & Highways,Roads & Highways,MORTH,MoRTH,,MoRTH,Transport & Logistics,False,False,Major,171.27,2026-07,2026-04,5,,,False
617976,Work of development and construction of elevated corridorfrom km 38/660 to km 42/690 Iscon junction to start point of approach of sanand flyover of NH-147 in the sate of Gujarat,MoRTH,N24002182,10154,color,Gujarat,Gujarat,2023-03-01,2024-06-01,2026-06-01,2026-09-01,530.2,,True,380.24,92.0,2026-08,Table 6,102,888,Ministry of Road Transport & Highways,Roads & Highways,MORTH,MoRTH,,MoRTH,Transport & Logistics,False,False,Major,530.2,2026-07,2026-04,5,,,False
618022,Upgradation to two lane with paved Shoulder Configuaration from Km. 0/00 to 47/000 of NH 351 Mahuva to Badhada section in the State of Gujarat,MoRTH,N24002118,,color,Gujarat,Gujarat,2022-12-01,2024-02-01,2025-08-01,2027-03-01,173.06,,True,125.54,77.0,2026-08,Table 6,102,889,Ministry of Road Transport & Highways,Roads & Highways,MORTH,MoRTH,,MoRTH,Transport & Logistics,False,False,Major,219.08,2026-07,2026-04,5,,,False
618107,Upgradation of Mehsana-Visnagar-vadnagar-Kheralu-Idar section from km 0/00 to 81/300 of NH 168G Mehsana to Idar in the State of GujaratTotal Length 81.300 Km on Hybrid Annuity Mode HAM,MoRTH,,,color,Gujarat,Gujarat,2024-02-01,2025-12-01,2028-06-01,2028-06-01,1155.21,,True,141.84,23.0,2026-08,Table 6,102,890,Ministry of Road Transport & Highways,Roads & Highways,MORTH,MoRTH,,MoRTH,Transport & Logistics,False,False,Mega,1155.21,2026-07,2026-04,5,,DQ14,False
618108,Up-gradation and strengthening to 2lanePS from Km 95/500 to km 129/775 of Nh 168G Idar-Bhiloda-Samlaji in the state of Gujarat Length 34.275 km,MoRTH,N24002014,,color,Gujarat,Gujarat,2022-09-01,2023-12-01,2025-12-01,2027-03-01,237.28,,True,180.9,65.0,2026-08,Table 6,102,891,Ministry of Road Transport & Highways,Roads & Highways,MORTH,MoRTH,,MoRTH,Transport & Logistics,False,False,Major,237.28,2026-07,2026-04,5,,,False
618459,Delhi-Vadodara Greenfield Alignment NH-148N Pkg-26 Ch.696890 to Ch.726390,NHAI,N24001515,10318,color,Gujarat,Gujarat,2020-09-01,2022-12-01,2024-08-01,2027-02-01,1555.2,,True,1308.08,85.5,2026-08,Table 6,102,892,Ministry of Road Transport & Highways,Roads & Highways,NHAI,National Highways Authority of India [NHAI],,MoRTH,Transport & Logistics,False,False,Mega,1556.4,2026-07,2026-04,5,,,False
618462,Delhi-Vadodara Greenfield Alignment NH-148N Pkg-31 Ch.824920 to Ch.844382 [Junction near Pratap nagar Village - Junction near Dodka Village],NHAI,N24001520,10321,color,Gujarat,Gujarat,2019-11-01,2021-05-01,2023-05-01,2026-09-01,1644.85,,True,1298.04,100.0,2026-08,Table 6,102,893,Ministry of Road Transport & Highways,Roads & Highways,NHAI,National Highways Authority of India [NHAI],,MoRTH,Transport & Logistics,False,False,Mega,1651.14,2026-07,2026-04,5,,,False
618463,Vadodara Mumbai Expressway Kim to Ankleshwar Phase IA - Pkg V,NHAI,N24000834,10322,color,Gujarat,Gujarat,2018-02-01,2019-11-01,2021-10-01,2026-09-01,1324.84,,True,1547.27,91.34,2026-08,Table 6,102,894,Ministry of Road Transport & Highways,Roads & Highways,NHAI,National Highways Authority of India [NHAI],,MoRTH,Transport & Logistics,False,False,Mega,2807.48,2026-07,2026-04,5,,,False
618467,Vadodara Mumbai Expressway Karvad - Jujuwa from Km. 128.000 to Km. 154.600 Phase-I Package-IX,NHAI,,10326,color,Gujarat,Gujarat,2023-07-01,2024-04-01,2025-10-01,2027-07-01,2594.17,,True,238.42,21.75,2026-08,Table 6,102,895,Ministry of Road Transport & Highways,Roads & Highways,NHAI,National Highways Authority of India [NHAI],,MoRTH,Transport & Logistics,False,False,Mega,2587.04,2026-07,2026-04,5,,,False
618507,"Balance work of Six Laning of Shamlaji-Motachiloda from Km. 401.200 to Km.494.410 section Design Chainage Km.447.385 to Km 540.595, Length- 93.210 Km of old NH-8 NH-48 in the state of Gujarat on single Percentage Item Rate Contract",NHAI,,10363,color,Gujarat,Gujarat,2024-06-01,2024-08-01,2025-06-01,2026-09-01,466.8,,True,581.28,91.83,2026-08,Table 6,102,896,Ministry of Road Transport & Highways,Roads & Highways,NHAI,National Highways Authority of India [NHAI],,MoRTH,Transport & Logistics,False,False,Major,501.48,2026-07,2026-04,5,,,False
618508,Construction of Additional Structures including Approaches in Vadodara Surat Section of NH48 between existing Km. 108.000 to Km. 250.000,NHAI,,10364,color,Gujarat,Gujarat,2024-03-01,2025-01-01,2027-01-01,2027-06-01,907.39,,True,376.84,48.73,2026-08,Table 6,103,897,Ministry of Road Transport & Highways,Roads & Highways,NHAI,National Highways Authority of India [NHAI],,MoRTH,Transport & Logistics,False,False,Major,907.39,2026-07,2026-04,5,,,False
618564,6L with PS of Samakhiyali to Santalpur section from km. 339.700 to Km. 430.100 of NH-27,NHAI,,,color,Gujarat,Gujarat,2023-01-01,2023-12-01,2025-12-01,2027-03-01,1553.76,,True,29.11,64.52,2026-08,Table 6,103,898,Ministry of Road Transport & Highways,Roads & Highways,NHAI,National Highways Authority of India [NHAI],,MoRTH,Transport & Logistics,False,False,Mega,34.34,2026-07,2026-04,5,,,False
618615,Sanchore - Santalpur from km 99.000 - km 130.073 of NH-754K AJ-RGBS-Package-4,NHAI,N24001794,10442,color,Gujarat,Gujarat,2020-02-01,2021-03-01,2023-03-01,2026-09-01,778.15,,True,767.89,99.7,2026-08,Table 6,103,899,Ministry of Road Transport & Highways,Roads & Highways,NHAI,National Highways Authority of India [NHAI],,MoRTH,Transport & Logistics,False,False,Major,835.55,2026-07,2026-04,5,,,False
618616,4L of Dhrol bypass section of NH-151A Approx. length 5.7 Km & widening upto 4 laning of missing link of Amran section of NH-151A Approx. length 6.55 Km from existing Ch. 42000 to 48500 of ongoing Dhrol-Bhadra-Pipaliya section of NH-151A,NHAI,,,color,Gujarat,Gujarat,2024-03-01,2025-02-01,2027-02-01,2027-02-01,625.58,,True,166.02,35.47,2026-08,Table 6,103,900,Ministry of Road Transport & Highways,Roads & Highways,NHAI,National Highways Authority of India [NHAI],,MoRTH,Transport & Logistics,False,False,Major,455.54,2026-07,2026-04,5,,,False
618787,"Upgradation to 4L PS from Bhimasar, Junction of NH-41 to Anjar- Bhuj upto Airport Junction from Km 0.000 to Km 65.478 of NH-341",NHAI,N24001785,10561,color,Gujarat,Gujarat,2022-03-01,2023-01-01,2025-06-01,2027-03-01,1373.06,,True,837.99,96.0,2026-08,Table 6,103,901,Ministry of Road Transport & Highways,Roads & Highways,NHAI,National Highways Authority of India [NHAI],,MoRTH,Transport & Logistics,False,False,Mega,1687.25,2026-07,2026-04,5,,,False
618901,4L PS Divided Carriageway from Patan Near Rajpur to Gojariya From Km 52.000 to Km 128.940 of NH-68,NHAI,,10650,color,Gujarat,Gujarat,2021-12-01,2023-03-01,2025-03-01,2027-05-01,1181.34,,True,949.71,87.12,2026-08,Table 6,103,902,Ministry of Road Transport & Highways,Roads & Highways,NHAI,National Highways Authority of India [NHAI],,MoRTH,Transport & Logistics,False,False,Mega,1098.23,2026-07,2026-04,5,,,False
618930,4L PS from Ch. 94.030 in Jabugam Village to Ch. 132.320 in Dhamasiya Village of NH-56 Pkg-III,NHAI,,10674,color,Gujarat,Gujarat,2023-03-01,2025-11-01,2027-11-01,2027-11-01,1188.46,,True,180.01,25.82,2026-08,Table 6,103,903,Ministry of Road Transport & Highways,Roads & Highways,NHAI,National Highways Authority of India [NHAI],,MoRTH,Transport & Logistics,False,False,Mega,898.0,2026-07,2026-04,5,,,False
618931,4L PS from Ch. 179.780 in Bitada/Movi Village to Ch. 208.900 in Nasarpore Village of NH-56 Pkg-V,NHAI,,10675,color,Gujarat,Gujarat,2023-03-01,2025-11-01,2027-11-01,2027-11-01,764.02,,True,111.34,10.85,2026-08,Table 6,103,904,Ministry of Road Transport & Highways,Roads & Highways,NHAI,National Highways Authority of India [NHAI],,MoRTH,Transport & Logistics,False,False,Major,566.96,2026-07,2026-04,5,,,False
619061,Construction of 4 lane with PS Idar-Badoli bypass section from design km 81/300 to km 95/500 of NH 168G in the State of Gujarat,MoRTH,,,color,Gujarat,Gujarat,2025-03-01,2026-05-01,2028-05-01,2028-05-01,705.09,,True,92.49,8.0,2026-08,Table 6,103,905,Ministry of Road Transport & Highways,Roads & Highways,MORTH,MoRTH,,MoRTH,Transport & Logistics,False,False,Major,705.09,2026-07,2026-05,4,2026-05,,False
619087,Widening to 6L of Existing 4L Jetpur - Gondal - Rajkot Section from Km. 117.600 to Km. 185.00 on NH-27,NHAI,N24002035,11769,color,Gujarat,Gujarat,2022-03-01,2023-09-01,2025-09-01,2027-01-01,2070.44,,True,1144.5,76.83,2026-08,Table 6,103,906,Ministry of Road Transport & Highways,Roads & Highways,NHAI,National Highways Authority of India [NHAI],,MoRTH,Transport & Logistics,False,False,Mega,1390.29,2026-07,2026-04,5,,,False
619145,Four Laning of Una to Kodinar from km. 180.478 to km. 221.610 Package-V,NHAI,,,color,Gujarat,Gujarat,2016-02-01,2017-02-01,2019-08-01,2025-03-01,877.71,,True,1008.73,100.0,2026-08,Table 6,103,907,Ministry of Road Transport & Highways,Roads & Highways,NHAI,National Highways Authority of India [NHAI],,MoRTH,Transport & Logistics,False,False,Major,1126.66,2026-07,2026-04,5,,,False
619197,Delhi-Vadodara Greenfield Alignment NH-148N Pkg-27 Ch.729.700 to Ch.756.052,NHAI,,11888,color,Gujarat,Gujarat,2020-09-01,2022-02-01,2024-02-01,2026-09-01,1185.69,,True,1051.39,98.9,2026-08,Table 6,103,908,Ministry of Road Transport & Highways,Roads & Highways,NHAI,National Highways Authority of India [NHAI],,MoRTH,Transport & Logistics,False,False,Mega,1259.27,2026-07,2026-04,5,,,False
619273,Construction of 6 lane Elevated Structure along with its approaches from Km. 142.000 to Km 144.800 Total Length 2.80 km Gondal on NH27 in the state of Gujarat,NHAI,,,color,Gujarat,Gujarat,2026-02-01,2026-06-01,2028-06-01,2028-06-01,262.28,,True,0.06,0.0,2026-08,Table 6,103,909,Ministry of Road Transport & Highways,Roads & Highways,NHAI,National Highways Authority of India [NHAI],,MoRTH,Transport & Logistics,False,False,Major,,,2026-08,1,2026-08,,False
619276,Development of 4-lane with paved shoulders from Budhel Junction to Vartej Y- Junction Km 0900 to Km 9400 on EPC mode under NHO in the State of Gujarat,NHAI,,,color,Gujarat,Gujarat,2025-12-01,2026-07-01,2027-12-01,2026-12-01,247.34,,True,65.09,0.0,2026-08,Table 6,103,910,Ministry of Road Transport & Highways,Roads & Highways,NHAI,National Highways Authority of India [NHAI],,MoRTH,Transport & Logistics,False,False,Major,,,2026-08,1,2026-08,DQ05; DQ09,False
619297,Upgradation of Existing Two Lane Carriageway to Two Lane Carriageway with Paved Shoulder from Ch. 665686 Existing Km. 665.686 in Khanpur Village in Vansda Taluka to Ch. 710470 Existing Km. 710.483 in Karvad Village in Vapi Taluka Length 44.784 Km Section of NH-56 in the State of Gujarat on EPC Mode,NHAI,,,color,Gujarat,Gujarat,2026-02-01,2026-07-01,2028-07-01,2028-07-01,647.2,,True,9.24,0.0,2026-08,Table 6,103,911,Ministry of Road Transport & Highways,Roads & Highways,NHAI,National Highways Authority of India [NHAI],,MoRTH,Transport & Logistics,False,False,Major,647.2,2026-07,2026-07,2,2026-07,,False
618482,Delhi-Amritsar-Katra Expressway Phase-I Pkg-I from Jussur Kheri on NH-KMP Expressway to Junction with Rohtak-Panipat road NH-709 near Rukhi Paani village Km 0000 to Km 34000,NHAI,,10340,color,Haryana,Haryana,2020-12-01,2021-12-01,2023-12-01,2026-07-01,1866.49,,True,1609.72,99.91,2026-08,Table 6,103,912,Ministry of Road Transport & Highways,Roads & Highways,NHAI,National Highways Authority of India [NHAI],,MoRTH,Transport & Logistics,False,False,Mega,2429.9,2026-07,2026-04,5,,,False
618483,Delhi-Amritsar-Katra Expressway Phase-I Pkg-II from Junction with Rohtak-Panipat road NH-709 near Rukhi Paani village to Junction with Jind-Panipat road NH-352A near Gangana village Km 34000 to Km 60800,NHAI,,10341,color,Haryana,Haryana,2020-12-01,2022-01-01,2024-01-01,2026-07-01,1533.87,,True,1176.23,99.89,2026-08,Table 6,103,913,Ministry of Road Transport & Highways,Roads & Highways,NHAI,National Highways Authority of India [NHAI],,MoRTH,Transport & Logistics,False,False,Mega,1792.53,2026-07,2026-04,5,,,False
618506,"Construction of Additional Structures, Improvement of Service Road & Maintenance of Six Lane Gurgaon-Jaipur Section of NH-48 old NH-8 between km 42700 to km 107100 in the State of Haryana",NHAI,,,color,Haryana,Haryana,2024-05-01,2025-05-01,2027-05-01,2027-05-01,401.74,,True,143.18,61.38,2026-08,Table 6,103,914,Ministry of Road Transport & Highways,Roads & Highways,NHAI,National Highways Authority of India [NHAI],,MoRTH,Transport & Logistics,False,False,Major,240.02,2026-07,2026-04,5,,,False
618580,Gohana - Sonipat PKG-2,NHAI,N24001535,10416,color,Haryana,Haryana,2019-01-01,2020-07-01,2022-07-01,2026-07-01,1275.31,,True,1225.85,97.86,2026-08,Table 6,104,915,Ministry of Road Transport & Highways,Roads & Highways,NHAI,National Highways Authority of India [NHAI],,MoRTH,Transport & Logistics,False,False,Mega,1957.44,2026-07,2026-04,5,,,False
618788,4L Greenfield Jalbhera Shahbad section from km. 0.000 to km. 22.850 of NH-152G,NHAI,N24002043,10562,color,Haryana,Haryana,2022-03-01,2023-06-01,2025-05-01,2026-09-01,927.22,,True,550.77,87.05,2026-08,Table 6,104,916,Ministry of Road Transport & Highways,Roads & Highways,NHAI,National Highways Authority of India [NHAI],,MoRTH,Transport & Logistics,False,False,Major,1173.66,2026-07,2026-04,5,,,False
618792,4L Bhiwani-Hansi road section of NH-148B,NHAI,N24002042,10565,color,Haryana,Haryana,2022-11-01,2023-12-01,2025-12-01,2026-11-01,1330.23,,True,493.13,99.5,2026-08,Table 6,104,917,Ministry of Road Transport & Highways,Roads & Highways,NHAI,National Highways Authority of India [NHAI],,MoRTH,Transport & Logistics,False,False,Mega,1144.21,2026-07,2026-04,5,,,False
618936,Jagadhari - Tajewala from Km -0.175 to 32.337 km of NH-344,NHAI,N24001635,10677,color,Haryana,Haryana,2022-03-01,2023-02-01,2025-02-01,2027-03-01,1269.5,,True,725.04,68.0,2026-08,Table 6,104,918,Ministry of Road Transport & Highways,Roads & Highways,NHAI,National Highways Authority of India [NHAI],,MoRTH,Transport & Logistics,False,False,Mega,919.43,2026-07,2026-04,5,,,False
619080,4L PS of Ambala Ring Road of New NH-44,NHAI,,11768,color,Haryana,Haryana,2023-02-01,2023-10-01,2025-10-01,2026-09-01,1093.35,,True,601.46,92.97,2026-08,Table 6,104,919,Ministry of Road Transport & Highways,Roads & Highways,NHAI,National Highways Authority of India [NHAI],,MoRTH,Transport & Logistics,False,False,Mega,1225.41,2026-07,2026-04,5,,,False
619092,4L of Jind-Gohana road Package-1 from km. 0.00 to km. 40.601 of NH-352 A under NHO,NHAI,,11772,color,Haryana,Haryana,2019-01-01,2020-07-01,2022-07-01,2026-07-01,994.22,,True,1064.47,99.97,2026-08,Table 6,104,920,Ministry of Road Transport & Highways,Roads & Highways,NHAI,National Highways Authority of India [NHAI],,MoRTH,Transport & Logistics,False,False,Major,1606.82,2026-07,2026-04,5,,,False
619132,4/6L of Gurgaon - Pataudi - Rewari from km. 0.00 to km.43.87 of NH-352W,NHAI,N24001774,11801,color,Haryana,Haryana,2020-05-01,2021-11-01,2023-11-01,2026-09-01,1810.04,,True,1282.66,77.76,2026-08,Table 6,104,921,Ministry of Road Transport & Highways,Roads & Highways,NHAI,National Highways Authority of India [NHAI],,MoRTH,Transport & Logistics,False,False,Mega,1917.5,2026-07,2026-04,5,,,False
619201,Karnal ring road Lot-4/Pkg-1,NHAI,,11892,color,Haryana,Haryana,2022-11-01,2023-08-01,2025-08-01,2026-10-01,1741.45,,True,834.86,96.66,2026-08,Table 6,104,922,Ministry of Road Transport & Highways,Roads & Highways,NHAI,National Highways Authority of India [NHAI],,MoRTH,Transport & Logistics,False,False,Mega,2041.54,2026-07,2026-04,5,,,False
618215,"Improvement/construction of existing CL-5 Road to NH Intermediate lane specification with hard shoulder from Km 166.000 to 203.77 net Length 37.770 kms of NH-505 Sumdo-Kaza-Gramphoo road in the state of Himachal Pradesh on EPC mode under project Deepak, BRO",MoRTH,,,color,Himachal Pradesh,Himachal Pradesh,2021-06-01,2024-06-01,2027-06-01,2027-06-01,274.36,,True,60.73,25.3,2026-08,Table 6,104,923,Ministry of Road Transport & Highways,Roads & Highways,MORTH,MoRTH,,MoRTH,Transport & Logistics,False,False,Major,194.0,2026-07,2026-04,5,,,False
618216,"Improvement/construction of existing CL-5 Road to NH Intermediate lane specification with hard shoulder from Km 133.000 to 166.000 net Length 33.000 kms of NH-505 Sumdo-Kaza-Gramphoo road in the state of Himachal Pradesh on EPC mode under project Deepak, BRO",MoRTH,N24001915,,color,Himachal Pradesh,Himachal Pradesh,2021-03-01,2023-07-01,2026-06-01,2027-09-01,230.55,,True,75.92,23.24,2026-08,Table 6,104,924,Ministry of Road Transport & Highways,Roads & Highways,MORTH,MoRTH,,MoRTH,Transport & Logistics,False,False,Major,203.15,2026-07,2026-04,5,,,False
618217,Improvement/construction of existing Class-5 Road to NH Intermediate lane specification with hard shoulder from existing Km 76/340 to 134/940 Design chainage from Km 76/300 to 133/000 net Length 56.700 kms of NH-505 Sumdo-Kaza- Gramphoo road in the state of Himachal Pradesh Package I,MoRTH,N24001916,,color,Himachal Pradesh,Himachal Pradesh,2021-03-01,2023-05-01,2026-05-01,2027-08-01,314.67,,True,141.55,62.28,2026-08,Table 6,104,925,Ministry of Road Transport & Highways,Roads & Highways,MORTH,MoRTH,,MoRTH,Transport & Logistics,False,False,Major,244.15,2026-07,2026-04,5,,,False
618230,Rehabilitation and Upgradation to 2-lane configuration of Kalwahn-Mandi Section km 208.950 to 250.592 of NH-70 in the State of Himachal Pradesh under Green National Highways Corridor Project GNHCP with the loan assistance of World Bank on EPC mode.Package-3,MoRTH,N24001470,,color,Himachal Pradesh,Himachal Pradesh,2020-08-01,2022-10-01,2025-04-01,2026-12-01,314.32,,True,140.98,70.74,2026-08,Table 6,104,926,Ministry of Road Transport & Highways,Roads & Highways,MORTH,MoRTH,,MoRTH,Transport & Logistics,False,False,Major,314.32,2026-07,2026-04,5,,,False
618231,Rehabilitation and Upgradation to 2-lane configuration of Hamirpur-Karnohal Section km 141.00 to 181.00 of NH-70 in the State of Himachal Pradesh under Green National Highways Corridor Project GNHCP with the loan assistance of World Bank on EPC mode.Package-1,MoRTH,N24001447,,color,Himachal Pradesh,Himachal Pradesh,2020-08-01,2022-06-01,2024-12-01,2026-09-01,371.93,,True,252.54,93.62,2026-08,Table 6,104,927,Ministry of Road Transport & Highways,Roads & Highways,MORTH,MoRTH,,MoRTH,Transport & Logistics,False,False,Major,371.93,2026-07,2026-04,5,,,False
618232,Rehabilitation and Upgradation to 2-lane configuration of Karnohal- Kalwahn Section km 181.00 to 208.950 of NH-70 in the State of Himachal Pradesh under Green National Highways Corridor Project GNHCP with the loan assistance of World Bank on EPC mode.Package-2,MoRTH,,,color,Himachal Pradesh,Himachal Pradesh,2020-08-01,2023-11-01,2026-05-01,2026-12-01,251.62,,True,121.55,58.0,2026-08,Table 6,104,928,Ministry of Road Transport & Highways,Roads & Highways,MORTH,MoRTH,,MoRTH,Transport & Logistics,False,False,Major,190.02,2026-07,2026-04,5,,,False
618253,Construction of missing link from Birhu to Lathiani from Km 35/550 Design chainage Km 0.000 to Km 42/800 Design Chainage Km 8.153on NH-503A including Lathiani Bridge on back water of Govindsagar and its approaches in Himachal Pradesh.,MoRTH,,12090,color,Himachal Pradesh,Himachal Pradesh,2023-06-01,2026-03-01,2029-03-01,2029-03-01,870.95,,True,100.56,5.8,2026-08,Table 6,104,929,Ministry of Road Transport & Highways,Roads & Highways,MORTH,MoRTH,,MoRTH,Transport & Logistics,False,False,Major,896.86,2026-07,2026-04,5,2026-04,,False
618850,Nerchowk km 190.000 to Pandoh including Pandoh bypass km221.305,NHAI,N24000613,10608,color,Himachal Pradesh,Himachal Pradesh,2016-03-01,2018-01-01,2020-07-01,2026-09-01,1464.12,,True,1559.3,100.0,2026-08,Table 6,104,930,Ministry of Road Transport & Highways,Roads & Highways,NHAI,National Highways Authority of India [NHAI],,MoRTH,Transport & Logistics,False,False,Mega,1651.67,2026-07,2026-04,5,,,False
618851,Pandoh bypass 221.305 to Takoli 242.000 of NH-21 in the state of Himachal Pradesh,NHAI,,10609,color,Himachal Pradesh,Himachal Pradesh,2017-06-01,2018-03-01,2021-09-01,2027-03-01,3419.95,,True,2887.37,95.65,2026-08,Table 6,104,931,Ministry of Road Transport & Highways,Roads & Highways,NHAI,National Highways Authority of India [NHAI],,MoRTH,Transport & Logistics,False,False,Mega,4465.94,2026-07,2026-04,5,,,False
618852,4L Sundar Nagar Bypass from Km.173.900 to Km.179.600 of NH-21,NHAI,N24001810,,color,Himachal Pradesh,Himachal Pradesh,2022-02-01,2022-06-01,2024-06-01,2026-09-01,191.11,,True,182.64,100.0,2026-08,Table 6,104,932,Ministry of Road Transport & Highways,Roads & Highways,NHAI,National Highways Authority of India [NHAI],,MoRTH,Transport & Logistics,False,False,Major,192.11,2026-07,2026-04,5,,,False
618878,Rehabilitation and Upgradation to 4L configuration & Strengthening of Sihuni to Rajol from Km 51.000 to Km 72.000 of NH-154 Package-IIA,NHAI,N24002050,10630,color,Himachal Pradesh,Himachal Pradesh,2022-03-01,2023-09-01,2025-09-01,2026-09-01,696.65,,True,496.72,99.18,2026-08,Table 6,105,933,Ministry of Road Transport & Highways,Roads & Highways,NHAI,National Highways Authority of India [NHAI],,MoRTH,Transport & Logistics,False,False,Major,776.59,2026-07,2026-04,5,,,False
618879,Rehabilitation and Upgradation to 2L PS configuration & Strengthening of Padhar to Bijni section from Km 180.000 to Km 202.815 of NH-154 Pkg-VA,NHAI,,10631,color,Himachal Pradesh,Himachal Pradesh,2022-06-01,2024-11-01,2026-11-01,2026-11-01,930.86,,True,667.09,99.86,2026-08,Table 6,105,934,Ministry of Road Transport & Highways,Roads & Highways,NHAI,National Highways Authority of India [NHAI],,MoRTH,Transport & Logistics,False,False,Major,930.86,2026-07,2026-04,5,,,False
618880,Rehabilitation and Up-gradation to 4L configuration & Strengthening of Thanpuri to Paror section from Km 85.135 to Km 100.840 of NH-154 Pkg-IIC,NHAI,,10632,color,Himachal Pradesh,Himachal Pradesh,2022-07-01,2024-03-01,2025-12-01,2027-04-01,815.68,,True,497.44,56.61,2026-08,Table 6,105,935,Ministry of Road Transport & Highways,Roads & Highways,NHAI,National Highways Authority of India [NHAI],,MoRTH,Transport & Logistics,False,False,Major,666.79,2026-07,2026-04,5,,,False
618881,4L PS bijni to mandi section from Km 202.815 to Km 208.000 of NH-20 New NH-154 of Pathankot-Mandi Package-VB,NHAI,,10633,color,Himachal Pradesh,Himachal Pradesh,2023-02-01,2025-03-01,2027-09-01,2027-09-01,1113.02,,True,592.16,35.3,2026-08,Table 6,105,936,Ministry of Road Transport & Highways,Roads & Highways,NHAI,National Highways Authority of India [NHAI],,MoRTH,Transport & Logistics,False,False,Mega,1112.39,2026-07,2026-04,5,,,False
618888,Rehabilitation and Up-gradation of existing road to 2L PS from End of Hamirpur Bypass near Chilbahal to Bhangbar section from Km. 138.295 to Km.175.270 of NH- 88 Pkg-IV,NHAI,N24002052,10638,color,Himachal Pradesh,Himachal Pradesh,2022-03-01,2023-04-01,2025-04-01,2026-12-01,1146.19,,True,987.51,97.2,2026-08,Table 6,105,937,Ministry of Road Transport & Highways,Roads & Highways,NHAI,National Highways Authority of India [NHAI],,MoRTH,Transport & Logistics,False,False,Mega,1358.62,2026-07,2026-04,5,,,False
618889,"4L of Bhangbar Near Ranital to Kangra Bypass Section of Old NH-88 New NH- 303,503 up to Intersection with NH-154 from Km 175.270 to Km 193.400 Pkg-VB",NHAI,N24001808,10639,color,Himachal Pradesh,Himachal Pradesh,2021-03-01,2022-12-01,2024-12-01,2026-12-01,1322.95,,True,1103.47,97.45,2026-08,Table 6,105,938,Ministry of Road Transport & Highways,Roads & Highways,NHAI,National Highways Authority of India [NHAI],,MoRTH,Transport & Logistics,False,False,Mega,1829.49,2026-07,2026-04,5,,,False
618890,2L PS of Hamirpur Bypass from Km 121.175 to Km.138.295 of NH-103&3,NHAI,N24002051,10640,color,Himachal Pradesh,Himachal Pradesh,2022-08-01,2023-10-01,2025-10-01,2026-12-01,739.39,,True,370.02,94.37,2026-08,Table 6,105,939,Ministry of Road Transport & Highways,Roads & Highways,NHAI,National Highways Authority of India [NHAI],,MoRTH,Transport & Logistics,False,False,Major,754.82,2026-07,2026-04,5,,,False
618891,4L PS from Kalar Bala Village to Nauni Chowk of NH 205 from Km 41.000 to Km 58.450,NHAI,,10641,color,Himachal Pradesh,Himachal Pradesh,2024-01-01,2025-05-01,2027-05-01,2027-09-01,1244.43,,True,145.82,31.46,2026-08,Table 6,105,940,Ministry of Road Transport & Highways,Roads & Highways,NHAI,National Highways Authority of India [NHAI],,MoRTH,Transport & Logistics,False,False,Mega,786.91,2026-07,2026-04,5,,,False
618892,"4 Lane with Paved Shoulder from Dareota Village to Kalar Bala NH 205, Design Chainage -Km 33185 to Km 41000, Design Length-7.815 Km Package-IIB",NHAI,,,color,Himachal Pradesh,Himachal Pradesh,2025-06-01,2026-06-01,2028-06-01,2028-06-01,992.85,,True,5.28,0.68,2026-08,Table 6,105,941,Ministry of Road Transport & Highways,Roads & Highways,NHAI,National Highways Authority of India [NHAI],,MoRTH,Transport & Logistics,False,False,Major,992.85,2026-07,2026-06,3,2026-06,,False
618921,4L of Kathlighat to Shakral Village from Km 128.835 to Km 146.300 of NH- 5 Shimla Bypass - Pkg I,NHAI,N24002049,10667,color,Himachal Pradesh,Himachal Pradesh,2022-03-01,2023-04-01,2026-04-01,2027-07-01,1703.48,,True,1211.34,64.2,2026-08,Table 6,105,942,Ministry of Road Transport & Highways,Roads & Highways,NHAI,National Highways Authority of India [NHAI],,MoRTH,Transport & Logistics,False,False,Mega,2648.8,2026-07,2026-04,5,,,False
618922,4L of Shakral Village to Dhalli Section from Km 146.300 to Km 156.560 Shimla Bypass - Pkg II and Shimla connectivity from Km 0.000 to Km 0.725 of NH-5,NHAI,,10668,color,Himachal Pradesh,Himachal Pradesh,2022-04-01,2024-03-01,2027-03-01,2027-12-01,1956.26,,True,1537.77,59.88,2026-08,Table 6,105,943,Ministry of Road Transport & Highways,Roads & Highways,NHAI,National Highways Authority of India [NHAI],,MoRTH,Transport & Logistics,False,False,Mega,2880.72,2026-07,2026-04,5,,,False
619003,Solan - Kaithlighat Section of NH-22 Now NH-5 from Km. 106.139 to Km.129.05,NHAI,N24000852,10804,color,Himachal Pradesh,Himachal Pradesh,2018-03-01,2018-11-01,2021-05-01,2026-11-01,881.74,,True,1348.35,90.11,2026-08,Table 6,105,944,Ministry of Road Transport & Highways,Roads & Highways,NHAI,National Highways Authority of India [NHAI],,MoRTH,Transport & Logistics,False,False,Major,1519.53,2026-07,2026-04,5,,,False
619153,4L of HP/Punjab Border - Mo from km. 11.00 to km. 42.00 of Old NH-20 New NH-154 Package-IA,NHAI,N24001812,11811,color,Himachal Pradesh,Himachal Pradesh,2021-03-01,2022-05-01,2024-05-01,2026-12-01,1002.11,,True,837.74,68.65,2026-08,Table 6,105,945,Ministry of Road Transport & Highways,Roads & Highways,NHAI,National Highways Authority of India [NHAI],,MoRTH,Transport & Logistics,False,False,Mega,1363.04,2026-07,2026-04,5,,,False
618038,Construction of Shopian Bypass on NH-444 taking off from existing chainage Km 36500 and re-joining at km 47588 of existing Chainage New Design Ch. From km 28000 to km 36925 as 2- lane with paved shoulder in the UT of Jammu & Kashmir on EPC mode.,MoRTH,,,color,Jammu and Kashmir,Jammu and Kashmir,2024-03-01,2026-01-01,2028-01-01,,547.47,,True,194.18,5.0,2026-08,Table 6,105,946,Ministry of Road Transport & Highways,Roads & Highways,MORTH,MoRTH,,MoRTH,Transport & Logistics,False,False,Major,224.44,2026-07,2026-04,5,,DQ15,False
618201,"Widening and strengthening to 2 lane with paved shoulder from existing Ch. Km 56720 to Km 100820 and Design Ch. From Km 62600 to Km 106360 Total Length43.760 Km on SRINAGAR -BARAMULA URINH-01 in the UT of Jammu & Kashmir under project BEACON, Border Roads Organization BRO on EPC mode.",MoRTH,,10208,color,Jammu and Kashmir,Jammu and Kashmir,2023-09-01,2024-11-01,2026-11-01,2027-06-01,702.1,,True,188.08,52.95,2026-08,Table 6,105,947,Ministry of Road Transport & Highways,Roads & Highways,MORTH,MoRTH,,MoRTH,Transport & Logistics,False,False,Major,702.1,2026-07,2026-04,5,,,False
618202,Construction of 2 lane with paved shoulders Baramulla Bypass Greenfield bypass from existing Ch. Km 47020 to Km 56720 and Design Ch. From 48500 to 62600 Total length 14.100 km on road Srinagar Baramulla Uri NH-01 in the UT of Jammu & Kashmir under Project.Package-III,MoRTH,N24002185,10209,color,Jammu and Kashmir,Jammu and Kashmir,2023-03-01,2024-09-01,2026-09-01,2027-07-01,992.43,,True,502.59,48.8,2026-08,Table 6,105,948,Ministry of Road Transport & Highways,Roads & Highways,MORTH,MoRTH,,MoRTH,Transport & Logistics,False,False,Major,992.43,2026-07,2026-04,5,,,False
618203,"Construction of 4 lane with paved shoulder Pattan bypass Greenfield bypass from existing Ch. Km 24320 to Km 33760 and Design Ch. from Km 24400 to Km 35300, total length 10.900 km on road SrinagarBaramulla Uri NH-01 in the UT of Jammu & Kashmir under Project BEACON, Border Roads Organization BRO on EPC mode. Package-II",MoRTH,N24002179,10210,color,Jammu and Kashmir,Jammu and Kashmir,2023-03-01,2024-08-01,2026-07-01,2027-02-01,980.21,,True,538.31,62.5,2026-08,Table 6,105,949,Ministry of Road Transport & Highways,Roads & Highways,MORTH,MoRTH,,MoRTH,Transport & Logistics,False,False,Major,980.21,2026-07,2026-04,5,,,False
618204,Construction of realignment between Pandrass- Pashkyun Total length 27.10 km on road Zozila-Kargil -Leh NH-1 to 2 lane specifications i.e. Drass alignment 9.30 km Kharboo realignment 6.30 km & Kargil alignment 11.50 km under project Vijayak BRO in the UT of Ladakh on EPC Mode,MoRTH,N24001999,,color,Jammu and Kashmir,Jammu and Kashmir,2021-11-01,2023-06-01,2025-06-01,2027-07-01,426.15,,True,118.68,54.89,2026-08,Table 6,106,950,Ministry of Road Transport & Highways,Roads & Highways,MORTH,MoRTH,,MoRTH,Transport & Logistics,False,False,Major,426.15,2026-07,2026-04,5,,,False
618205,"Construction of 4 lane with paved shoulder from Existing Ch. 14200 to 24320 Design Ch. 14200 to 24400, Ch. 33760 to 42780 Design Ch. 35300 to 44294 & Ch. 43440 to 47020 Design Ch. 44958 to 48500 Delina Flyover including construction of flyover length 1.704 km of total length 22.736 kms in AOR of 760 BRTF on road SRINAGAR BARAMULA URI NH-01 in the UT of Jammu & Kashmir under project BEACON, Border Roads Organization BRO Package-IJob No NH-1-J&K-2022-23-110",MoRTH,N24001998,10211,color,Jammu and Kashmir,Jammu and Kashmir,2022-06-01,2023-08-01,2025-08-01,2026-12-01,823.46,,True,547.5,87.6,2026-08,Table 6,106,951,Ministry of Road Transport & Highways,Roads & Highways,MORTH,MoRTH,,MoRTH,Transport & Logistics,False,False,Major,823.46,2026-07,2026-04,5,,,False
618206,Widening and Strengthening of Rafiabad-Kupwara-Chowkibal-Tangdhar-Chamkot NH- 701 road from design Ch. From 0000 to 51000 to two lanes with paved shoulders under Project Beacon in the UT of Jammu & Kashmir on EPC mode Package-I.,MoRTH,,10212,color,Jammu and Kashmir,Jammu and Kashmir,2024-03-01,2024-11-01,2027-05-01,,1404.94,,True,530.41,49.55,2026-08,Table 6,106,952,Ministry of Road Transport & Highways,Roads & Highways,MORTH,MoRTH,,MoRTH,Transport & Logistics,False,False,Mega,1404.94,2026-07,2026-04,5,,,False
618221,Rehabilitation and upgradation to 2 lane with paved shoulder from existing chainage Km 166.100 to Km 192.98 design chainage Km 146.700 to Km 162.800 including construction of Bhimber Gali Tunnel Total Length of Tunnel 1.100 Km under 31 BRTF on Akhnoor-Poonch Roads on EPC mode NH-144A Package-VII,MoRTH,N24002180,10217,color,Jammu and Kashmir,Jammu and Kashmir,2021-09-01,2024-07-01,2026-07-01,2027-07-01,734.64,,True,243.21,60.0,2026-08,Table 6,106,953,Ministry of Road Transport & Highways,Roads & Highways,MORTH,MoRTH,,MoRTH,Transport & Logistics,False,False,Major,734.64,2026-07,2026-04,5,,,False
618222,Widening and Strengthening up gradation to 2 lane with paved shoulder from existing chainage Km 192.98 to Km 229.820 design chainage Km 162.800 to Km 198.18 under 31 BRTF on Akhnoor-Poonch Road NH-144A in the UT of Jammu and Kashmir under Project Sampark Border Roads Organisation BRO on EPC Mode Package-VIII Job No NH-144A-J&K-2022-2023-111,MoRTH,N24002119,10218,color,Jammu and Kashmir,Jammu and Kashmir,2022-10-01,2024-01-01,2026-01-01,2027-03-01,562.45,,True,158.68,71.27,2026-08,Table 6,106,954,Ministry of Road Transport & Highways,Roads & Highways,MORTH,MoRTH,,MoRTH,Transport & Logistics,False,False,Major,562.45,2026-07,2026-04,5,,,False
618223,Rehabilitation and up-gradation to 2 lane with paved shoulder from existing chainage km 64535 to km 85385 Design chainage km 55800 to km 74350 under 13 TF on Akhnoor-Poonch road NH-144A under Project Sampark BRO in the UT of Jammu & Kashmir on EPC mode Package-III Job no NH-144A-J&K-2019-20-79,MoRTH,N24001901,,color,Jammu and Kashmir,Jammu and Kashmir,2020-03-01,2021-09-01,2023-09-01,2026-12-01,152.93,,True,137.09,90.06,2026-08,Table 6,106,955,Ministry of Road Transport & Highways,Roads & Highways,MORTH,MoRTH,,MoRTH,Transport & Logistics,False,False,Major,152.93,2026-07,2026-04,5,,,False
618224,Rehabilitation and up-gradation to 2 lane with paved shoulder from existing chainage km 49150 to km 64535 Design chainage km 46.450 to km 55.800 including construction of Sungal Tunnel Total length of Tunnel 2.79 km under 13 TF on Akhnoor-Poonch road NH-144A under Project Sampark BRO in the UT of Jammu & Kashmir on EPC mode Package-II Job no NH-144A-J&K-2019-20-78,MoRTH,N24001901,10219,color,Jammu and Kashmir,Jammu and Kashmir,2020-03-01,2021-08-01,2024-08-01,2026-09-01,796.97,,True,575.21,99.0,2026-08,Table 6,106,956,Ministry of Road Transport & Highways,Roads & Highways,MORTH,MoRTH,,MoRTH,Transport & Logistics,False,False,Major,796.97,2026-07,2026-04,5,,,False
618225,Rehabilitation and up-gradation to 2 lane with paved shoulder from existing chainage km 134950 to km 166100 Design chainage km 116980 to km 146700 under 31 TF on Akhnoor-Poonch road NH-144A in the UT of Jammu & Kashmir under Project Sampark BRO on EPC mode Package-VI Job no NH-144A-J&K-2021-22-106,MoRTH,N24001899,,color,Jammu and Kashmir,Jammu and Kashmir,2021-07-01,2022-07-01,2024-07-01,2026-12-01,395.25,,True,283.64,89.2,2026-08,Table 6,106,957,Ministry of Road Transport & Highways,Roads & Highways,MORTH,MoRTH,,MoRTH,Transport & Logistics,False,False,Major,395.25,2026-07,2026-04,5,,,False
618226,Rehabilitation and upgradation to 2 lane with paved shoulder from existing chainage Km 30.053 to Km 49.150 design chainage Km 30.000 to Km 46.450 including Kandi Tunnel under 31 BRTF on Akhnoor-Poonch Road NH-144A Under Project Sampark in the UT of Jammu & Kashmir EPC modePackage-I Job no NH-144A-J&K-2020-21-83.,MoRTH,N24001898,,color,Jammu and Kashmir,Jammu and Kashmir,2020-07-01,2022-11-01,2024-11-01,2026-12-01,272.49,,True,200.42,95.27,2026-08,Table 6,106,958,Ministry of Road Transport & Highways,Roads & Highways,MORTH,MoRTH,,MoRTH,Transport & Logistics,False,False,Major,272.49,2026-07,2026-04,5,,,False
618394,Up-gradation to 2-lane with Paved Shoulder from Km 12.850 to Km20.300 of 7.450Km length on Goha-Khellani section and a link road to Goha village of 2.016 km on NH- 244 in UT of Jammu and Kashmir on EPC Mode Pkg-1,NHIDCL,N24001264,,color,Jammu and Kashmir,Jammu and Kashmir,2020-07-01,2020-10-01,2022-04-01,2026-10-01,228.39,,True,183.3,94.26,2026-08,Table 6,106,959,Ministry of Road Transport & Highways,Roads & Highways,NHIDCL,National Highways & Infrastructure Development Corporation Ltd. [NHIDCL],,MoRTH,Transport & Logistics,False,False,Major,225.37,2026-07,2026-04,5,,,False
618395,"Construction & Upgradation to 2-lane with paved shoulder from Design Ch. Km 51700 at Premnagar km 66315 to Km 66535 New Thatri at Start of Km 83rd, Tunnel Km 82665 of 14.835 Km design length on Chenani-Sudhmahadev-Goha Khellani- Kishtwar-Vailoo Donipawa-Ashajipora section of NH-244 in the UT of J&K on EPC Mode under NHO-Gen Pkg - 2",NHIDCL,N24001394,10298,color,Jammu and Kashmir,Jammu and Kashmir,2021-03-01,2021-08-01,2023-02-01,2027-06-01,512.43,,True,164.66,53.49,2026-08,Table 6,106,960,Ministry of Road Transport & Highways,Roads & Highways,NHIDCL,National Highways & Infrastructure Development Corporation Ltd. [NHIDCL],,MoRTH,Transport & Logistics,False,False,Major,512.43,2026-07,2026-04,5,,,False
618397,Widening and Up-gradation to 2-Lane with Paved Shoulder of configuration and geometric improvement from Km 0.000 to Km 16.990 on Chenani Sudhmahadev section of NH-244 in UT of Jammu and Kashmir to be executed on EPC basis,NHIDCL,,,color,Jammu and Kashmir,Jammu and Kashmir,2018-03-01,2018-11-01,2020-11-01,2025-12-01,255.9,,True,240.59,94.06,2026-08,Table 6,106,961,Ministry of Road Transport & Highways,Roads & Highways,NHIDCL,National Highways & Infrastructure Development Corporation Ltd. [NHIDCL],,MoRTH,Transport & Logistics,False,False,Major,255.9,2026-07,2026-04,5,,,False
618398,Up-gradation to 2-lane with Paved Shoulder from Km 20.300 to Km 29.030 of 8.730 Km length on Goha-Khellani section on NH-244 in UT of Jammu and Kashmir on EPC Mode Package II,NHIDCL,N24001266,,color,Jammu and Kashmir,Jammu and Kashmir,2020-07-01,2020-10-01,2022-04-01,2026-06-01,210.79,,True,190.26,96.95,2026-08,Table 6,106,962,Ministry of Road Transport & Highways,Roads & Highways,NHIDCL,National Highways & Infrastructure Development Corporation Ltd. [NHIDCL],,MoRTH,Transport & Logistics,False,False,Major,210.79,2026-07,2026-04,5,,,False
618399,Construction of Kishtwar bypass with 2 lane with paved shoulder from Design Km. 80.675 Dulhasti to km 95.550 Bandarkoot of 14.88 km & a link road to Kishtwar town from 0000 to 1.871 of length1.871 Km on Khellani - Kishtwar - Chattroo section in UT of Jammu and Kashmir on EPC Mode Pkg-4,NHIDCL,N24001395,10299,color,Jammu and Kashmir,Jammu and Kashmir,2021-03-01,2021-08-01,2023-08-01,2027-12-01,859.67,,True,363.24,50.64,2026-08,Table 6,107,963,Ministry of Road Transport & Highways,Roads & Highways,NHIDCL,National Highways & Infrastructure Development Corporation Ltd. [NHIDCL],,MoRTH,Transport & Logistics,False,False,Major,859.67,2026-07,2026-04,5,,,False
618400,Construction & Upgradation to 2-lane with paved shoulder from Design Km 67.805 at the end of Km 83rd Tunnel near Dhrabshalla Ex. Km 83905 to Km 80.675 start of Kishtwar Bypass - Dulhasti Ex. Km 970751 of 12.870 Km length on chenani- Sudhmahadev-Goha Khellani-Kishtwar-vailoo-Donipawa-Ashajipora seition of NH-244 in the UT of J&K on EPC Mode under NHO-Gen Pkg-3,NHIDCL,N24001341,,color,Jammu and Kashmir,Jammu and Kashmir,2021-03-01,2021-07-01,2022-12-01,2025-08-01,398.51,,True,120.09,98.55,2026-08,Table 6,107,964,Ministry of Road Transport & Highways,Roads & Highways,NHIDCL,National Highways & Infrastructure Development Corporation Ltd. [NHIDCL],,MoRTH,Transport & Logistics,False,False,Major,398.51,2026-07,2026-04,5,,,False
618406,Up-gradation to 4-lane with Paved Shoulder of Jammu-Akhnoor road section of NH- 144A from Ganesh Vihar Km 6.000 to Khati Chowk Km 26.350 in UT of Jammu and Kashmir on EPC basis Pkg-3A,NHIDCL,N24000868,,color,Jammu and Kashmir,Jammu and Kashmir,2018-03-01,2019-07-01,2021-07-01,2026-11-01,322.49,,True,410.94,93.15,2026-08,Table 6,107,965,Ministry of Road Transport & Highways,Roads & Highways,NHIDCL,National Highways & Infrastructure Development Corporation Ltd. [NHIDCL],,MoRTH,Transport & Logistics,False,False,Major,322.49,2026-07,2026-04,5,,,False
618407,Jammu-Akhnoor Road Pkg-I,NHIDCL,N24001543,,color,Jammu and Kashmir,Jammu and Kashmir,2018-03-01,2023-01-01,2025-01-01,2026-10-01,245.3,,True,115.31,75.29,2026-08,Table 6,107,966,Ministry of Road Transport & Highways,Roads & Highways,NHIDCL,National Highways & Infrastructure Development Corporation Ltd. [NHIDCL],,MoRTH,Transport & Logistics,False,False,Major,245.3,2026-07,2026-04,5,,,False
618494,Delhi-Amritsar-Katra Expressway Phase-II Pkg-XV [Junction with Hiranagar Road near village Gurha Baildaran to Junction with Jammu Ring Road NH-244A near Jakh village from Km 468100 to Km 503250],NHAI,N24001552,10352,color,Jammu and Kashmir,Jammu and Kashmir,2021-10-01,2022-09-01,2024-09-01,2026-12-01,2714.95,,True,1848.0,90.01,2026-08,Table 6,107,967,Ministry of Road Transport & Highways,Roads & Highways,NHAI,National Highways Authority of India [NHAI],,MoRTH,Transport & Logistics,False,False,Mega,3716.56,2026-07,2026-04,5,,,False
618495,4/6L Access Control Expressway from Design Chainage Km 515.000 to 528.300 Kunjwani to Sidhra Section of NH-44 and from Design Chainage Km 550.900 to Km 566.520 Domel to Katra Section Phase II-Package XVII,NHAI,N24002061,10353,color,Jammu and Kashmir,Jammu and Kashmir,2022-06-01,2023-06-01,2025-06-01,2027-11-01,2894.74,,True,1017.24,66.74,2026-08,Table 6,107,968,Ministry of Road Transport & Highways,Roads & Highways,NHAI,National Highways Authority of India [NHAI],,MoRTH,Transport & Logistics,False,False,Mega,2894.74,2026-07,2026-04,5,,,False
618496,Delhi-Amritsar-Katra Expressway Phase-II Pkg-XVI Existing Jakh Vijaypur-Kunjwani section of NH-44 including spur Connectivity to Jammu Airport NH-144A [Km 503500 to km 514500],NHAI,N24001550,10354,color,Jammu and Kashmir,Jammu and Kashmir,2021-09-01,2022-09-01,2024-09-01,2026-09-01,1821.72,,True,1242.7,94.14,2026-08,Table 6,107,969,Ministry of Road Transport & Highways,Roads & Highways,NHAI,National Highways Authority of India [NHAI],,MoRTH,Transport & Logistics,False,False,Mega,2522.56,2026-07,2026-04,5,,,False
618497,Delhi Amritsar Katra Expressway Phase-II Pkg XVIII Development and Upgradation of Four lane Access Control Expressway from Design Chainage KM 530.00 to KM 545.300 Sidhra to Domel Section of NH-44,NHAI,N24002060,10355,color,Jammu and Kashmir,Jammu and Kashmir,2022-12-01,2023-11-01,2025-11-01,2027-06-01,1025.73,,True,670.32,70.17,2026-08,Table 6,107,970,Ministry of Road Transport & Highways,Roads & Highways,NHAI,National Highways Authority of India [NHAI],,MoRTH,Transport & Logistics,False,False,Mega,975.38,2026-07,2026-04,5,,,False
618541,4L Ring road/bypass around Srinagar city from km 0.000 to km 42.100 Phase-I,NHAI,N24001511,10390,color,Jammu and Kashmir,Jammu and Kashmir,2021-03-01,2021-08-01,2024-02-01,2026-10-01,2919.96,,True,1873.52,89.0,2026-08,Table 6,107,971,Ministry of Road Transport & Highways,Roads & Highways,NHAI,National Highways Authority of India [NHAI],,MoRTH,Transport & Logistics,False,False,Mega,2604.76,2026-07,2026-04,5,,,False
618542,4L of existing Wayul Ganderbal Pandach Soura section of old NH-1 as a part of Srinagar Ring Road Phase IIA,NHAI,,,color,Jammu and Kashmir,Jammu and Kashmir,2024-12-01,2026-05-01,2028-05-01,2028-05-01,827.98,,True,265.2,0.02,2026-08,Table 6,107,972,Ministry of Road Transport & Highways,Roads & Highways,NHAI,National Highways Authority of India [NHAI],,MoRTH,Transport & Logistics,False,False,Major,827.98,2026-07,2026-05,4,2026-05,,False
618543,4L of twin tube tunnel configuration including approaches from Marog to Digdol from Km.154.210 to Km.158.650 North Bound and from Km.155.940 to Km.160.260 South Bound of Ramban to Banihal Pkg-I of Old NH-1A New NH-44,NHAI,N24001627,10391,color,Jammu and Kashmir,Jammu and Kashmir,2021-07-01,2022-08-01,2025-08-01,2027-12-01,1912.17,,True,425.31,30.5,2026-08,Table 6,107,973,Ministry of Road Transport & Highways,Roads & Highways,NHAI,National Highways Authority of India [NHAI],,MoRTH,Transport & Logistics,False,False,Mega,1034.3,2026-07,2026-04,5,,,False
618544,"4L twin tube tunnel including approaches from Digdol to Khuni Nallah North Bound connecting with existing major bridge on NB and South Bound connecting with Tunnel T4 ,Single tube tunnel of Ramban to Banihal Pkg-II of Old NH-1A New NH-44",NHAI,N24001622,10392,color,Jammu and Kashmir,Jammu and Kashmir,2021-07-01,2022-02-01,2024-06-01,2026-09-01,1401.87,,True,1071.33,87.1,2026-08,Table 6,107,974,Ministry of Road Transport & Highways,Roads & Highways,NHAI,National Highways Authority of India [NHAI],,MoRTH,Transport & Logistics,False,False,Mega,1020.99,2026-07,2026-04,5,,,False
618545,"4L of Km.165.092 to Km.171.855 North Bound and from Km.166.895 to Km.173.638 South Bound, excl. certain reaches of North Bound and South Bound of Ramban to Banihal Pkg-III of Old NH-1A New NH-44",NHAI,N24001621,,color,Jammu and Kashmir,Jammu and Kashmir,2021-07-01,2022-02-01,2024-08-01,2027-06-01,614.48,,True,312.38,42.8,2026-08,Table 6,107,975,Ministry of Road Transport & Highways,Roads & Highways,NHAI,National Highways Authority of India [NHAI],,MoRTH,Transport & Logistics,False,False,Major,444.76,2026-07,2026-04,5,,,False
618547,2L NH-1 from km 8.660 to km 33.775 Sumbal to Wayul to 4L dual carriageway NH standard as part of Srinagar Ring Road PhaseII [Design Ch. 41.907 to Ch. 66.609],NHAI,N24002059,10394,color,Jammu and Kashmir,Jammu and Kashmir,2022-11-01,2023-12-01,2026-06-01,2027-03-01,961.0,,True,484.85,55.02,2026-08,Table 6,107,976,Ministry of Road Transport & Highways,Roads & Highways,NHAI,National Highways Authority of India [NHAI],,MoRTH,Transport & Logistics,False,False,Major,643.64,2026-07,2026-04,5,,,False
618549,Construction of twin tube tunnels on Jammu Kashmir Ring Road NH-244A Between Design Ch. 50600 to 51700 and design Ch. 53535 to 55700 on EPC mode under residual NHDP component of Bharatmala Pariyojna,NHAI,N24001926,10396,color,Jammu and Kashmir,Jammu and Kashmir,2022-11-01,2023-06-01,2025-06-01,2026-12-01,242.65,,True,678.54,83.87,2026-08,Table 6,107,977,Ministry of Road Transport & Highways,Roads & Highways,NHAI,National Highways Authority of India [NHAI],,MoRTH,Transport & Logistics,False,False,Major,731.59,2026-07,2026-04,5,,,False
618550,Corridor Efficiency Improvement including removal of black spots in Lakhanpur - Samba section of NH-44 from Chainage Km. 16.300 to Km. 74.100,NHAI,N24001619,,color,Jammu and Kashmir,Jammu and Kashmir,2022-06-01,2022-12-01,2024-06-01,2026-12-01,855.74,,True,204.92,74.63,2026-08,Table 6,107,978,Ministry of Road Transport & Highways,Roads & Highways,NHAI,National Highways Authority of India [NHAI],,MoRTH,Transport & Logistics,False,False,Major,215.68,2026-07,2026-04,5,,,False
618967,Upgradation and Strengthening of Chenani to Nashri Section via Patnitop of NH244 from Km 0.000 to Km 39.100,NHAI,,,color,Jammu and Kashmir,Jammu and Kashmir,2024-03-01,2024-08-01,2026-08-01,2027-03-01,295.06,,True,210.02,64.88,2026-08,Table 6,108,979,Ministry of Road Transport & Highways,Roads & Highways,NHAI,National Highways Authority of India [NHAI],,MoRTH,Transport & Logistics,False,False,Major,295.06,2026-07,2026-04,5,,,False
619038,Construction/upgradation to 2-lane with paved shoulder from Design Km 95.55 Bandarkoot to Km. 111.06 Chattroo of 15.52 Km length on Khellani-Kishtwar-Chattroo section on NH-244 in UT of Jammu and Kashmir on EPC Mode Pkg-5,NHIDCL,N24001396,,color,Jammu and Kashmir,Jammu and Kashmir,2021-03-01,2021-08-01,2023-02-01,2026-03-01,497.09,,True,270.82,99.97,2026-08,Table 6,108,980,Ministry of Road Transport & Highways,Roads & Highways,NHIDCL,National Highways & Infrastructure Development Corporation Ltd. [NHIDCL],,MoRTH,Transport & Logistics,False,False,Major,497.09,2026-07,2026-04,5,,,False
618060,Widening and Strengthening of existing paveemnt to two lane with paved shoulders from km 116.00 to km 176.355 of NH-75E in the State of Jharkhand on EPC mode.,MoRTH,N24001923,,color,Jharkhand,Jharkhand,2022-01-01,2023-01-01,2024-07-01,2026-10-01,315.21,,True,169.76,90.0,2026-08,Table 6,108,981,Ministry of Road Transport & Highways,Roads & Highways,MORTH,MoRTH,,MoRTH,Transport & Logistics,False,False,Major,315.21,2026-07,2026-04,5,,,False
618083,Construction of byepass around Lohardaga town of NH-143A in the Sate of Jharkhand under EPC mode.,MoRTH,,,color,Jharkhand,Jharkhand,2022-02-01,2024-01-01,2026-01-01,2026-09-01,458.78,,True,116.23,5.0,2026-08,Table 6,108,982,Ministry of Road Transport & Highways,Roads & Highways,MORTH,MoRTH,,MoRTH,Transport & Logistics,False,False,Major,458.78,2026-07,2026-04,4,,,False
618084,Widening to 2-lane with paved shoulder from km 0.00 to 44.00 Kuru-Ghaghra section of NH-143A including re-construction of culverts and bridges.,MoRTH,N24001922,,color,Jharkhand,Jharkhand,2020-02-01,2021-08-01,2023-08-01,2026-10-01,153.01,,True,108.0,95.0,2026-08,Table 6,108,983,Ministry of Road Transport & Highways,Roads & Highways,MORTH,MoRTH,,MoRTH,Transport & Logistics,False,False,Major,133.67,2026-07,2026-04,5,,,False
618127,Construction of 2- Lane with paved shoulder from km 56.45 Dharampur More to 93.050 Pakur of NH-333A in the State of Jharkhand on EPC mode,MoRTH,,,color,Jharkhand,Jharkhand,2023-03-01,2025-11-01,2027-05-01,2027-05-01,255.73,,True,32.78,15.0,2026-08,Table 6,108,984,Ministry of Road Transport & Highways,Roads & Highways,MORTH,MoRTH,,MoRTH,Transport & Logistics,False,False,Major,255.73,2026-07,2026-04,5,,,False
618242,Widening and Reconstruction to 4-lane/4-lane with service road including structures from Pokharia More at Km 47.600 Ex. Km 50.230 to Govindpur at km 62.949 Ex. Km 65.325 of Nh-419 in the State of Jharkhand on EPC mode.,MoRTH,,,color,Jharkhand,Jharkhand,2022-05-01,2024-01-01,2026-01-01,2027-01-01,300.46,,True,175.68,56.31,2026-08,Table 6,108,985,Ministry of Road Transport & Highways,Roads & Highways,MORTH,MoRTH,,MoRTH,Transport & Logistics,False,False,Major,300.46,2026-07,2026-04,5,,,False
618534,Construction of Six lane elevated flyover including reconstruction/rehabilitation of existing pavement from Km 426230 to Km 430500 Length 4.27 Km at Nirsa in the Barwa Adda Panagarh section of NH-19 from Km.398.240 to Km.521.120 including Panagarh Bypass in the State of Jharkhand on EPC Mode.,NHAI,,,color,Jharkhand,Jharkhand,2025-01-01,2026-02-01,2028-08-01,2028-08-01,470.75,,True,1.43,0.0,2026-08,Table 6,108,986,Ministry of Road Transport & Highways,Roads & Highways,NHAI,National Highways Authority of India [NHAI],,MoRTH,Transport & Logistics,False,False,Major,470.75,2026-07,2026-05,4,2026-05,,False
618535,Construction of Six lane elevated flyover including reconstruction/rehabilitation of existing pavement from Km 406100 to Km 411150 Length 5.05 Km at Gobindpur area in the Barwa Adda Panagarh section of NH-19 from Km.398.240 to Km.521.120 including Panagarh Bypass in the State of Jharkhand on EPC Mode.,NHAI,,,color,Jharkhand,Jharkhand,2025-01-01,2025-09-01,2028-03-01,2028-03-01,687.77,,True,80.51,19.91,2026-08,Table 6,108,987,Ministry of Road Transport & Highways,Roads & Highways,NHAI,National Highways Authority of India [NHAI],,MoRTH,Transport & Logistics,False,False,Major,442.52,2026-07,2026-04,5,,,False
618641,4 Lane of CG/JH Border-Gumla from km 0.000 to km 32.370 of NH-43 in the State of Jhrkhand,NHAI,,11882,color,Jharkhand,Jharkhand,2024-08-01,2026-02-01,2028-02-01,2028-02-01,1325.8,,True,341.47,9.76,2026-08,Table 6,108,988,Ministry of Road Transport & Highways,Roads & Highways,NHAI,National Highways Authority of India [NHAI],,MoRTH,Transport & Logistics,False,False,Mega,1325.8,2026-07,2026-04,5,,,False
618642,4L of Palma to Gumla from km. 26.00 to km. 89.170 of NH-23,NHAI,N24001595,10459,color,Jharkhand,Jharkhand,2020-03-01,2022-04-01,2024-03-01,2026-10-01,1882.93,,True,1372.27,99.9,2026-08,Table 6,108,989,Ministry of Road Transport & Highways,Roads & Highways,NHAI,National Highways Authority of India [NHAI],,MoRTH,Transport & Logistics,False,False,Mega,1895.75,2026-07,2026-04,5,,,False
618644,4L of Ormanjhi-Gola section from Km 81.450 to Km 53.600 of NH- 320BPKG-II,NHAI,N24001854,10460,color,Jharkhand,Jharkhand,2022-02-01,2023-06-01,2025-06-01,2026-12-01,1214.93,,True,995.16,86.57,2026-08,Table 6,108,990,Ministry of Road Transport & Highways,Roads & Highways,NHAI,National Highways Authority of India [NHAI],,MoRTH,Transport & Logistics,False,False,Mega,1462.19,2026-07,2026-04,5,,,False
618645,4L of Gola-BokaroJaina More section from Km 53.600 to Km 21.110 of NH-320PKG-1,NHAI,N24002056,10461,color,Jharkhand,Jharkhand,2022-02-01,2023-06-01,2025-06-01,2026-10-01,1007.97,,True,627.94,78.1,2026-08,Table 6,108,991,Ministry of Road Transport & Highways,Roads & Highways,NHAI,National Highways Authority of India [NHAI],,MoRTH,Transport & Logistics,False,False,Mega,1030.64,2026-07,2026-04,5,,,False
618729,6 Lane Greenfield Varanasi- Ranchi- Kolkata Highway from Donoreshan village to junction with NH-20 in Bongabar village from km 288.600 to km 325.500 Pkg -11,NHAI,,,color,Jharkhand,Jharkhand,2023-03-01,2026-07-01,2028-07-01,2028-07-01,1856.12,,True,284.44,0.0,2026-08,Table 6,108,992,Ministry of Road Transport & Highways,Roads & Highways,NHAI,National Highways Authority of India [NHAI],,MoRTH,Transport & Logistics,False,False,Mega,1856.12,2026-07,2026-06,3,2026-06,,False
618730,6 Lane Greenfield Varanasi- Ranchi- Kolkata Highway from Deoria village to Donoreshan village from km 253.000 to km 288.600 Pkg -10,NHAI,,,color,Jharkhand,Jharkhand,2023-03-01,2026-05-01,2028-05-01,2028-05-01,1546.27,,True,223.12,5.65,2026-08,Table 6,108,993,Ministry of Road Transport & Highways,Roads & Highways,NHAI,National Highways Authority of India [NHAI],,MoRTH,Transport & Logistics,False,False,Mega,1546.27,2026-07,2026-05,4,2026-05,,False
618731,6 Lane Greenfield Varanasi- Ranchi- Kolkata Highway from Chatra to junction with NH- 100 in Deoria village from km 222.000 to km 253.000 Pkg -9,NHAI,,,color,Jharkhand,Jharkhand,2023-03-01,2026-07-01,2028-07-01,2028-07-01,1418.16,,True,148.74,0.0,2026-08,Table 6,108,994,Ministry of Road Transport & Highways,Roads & Highways,NHAI,National Highways Authority of India [NHAI],,MoRTH,Transport & Logistics,False,False,Mega,1418.16,2026-07,2026-07,2,2026-07,,False
618733,6L Greenfield Varanasi- Ranchi- Kolkata Highway from junction with NH-20 in Bongabar village to junction with NH-30 in Lepo village from km 325.500 to km 358.500 Pkg -12,NHAI,,,color,Jharkhand,Jharkhand,2023-03-01,2026-07-01,2028-07-01,2028-07-01,1525.52,,True,253.03,0.1,2026-08,Table 6,108,995,Ministry of Road Transport & Highways,Roads & Highways,NHAI,National Highways Authority of India [NHAI],,MoRTH,Transport & Logistics,False,False,Mega,1525.52,2026-07,2026-06,3,2026-06,,False
618736,4L Elevated corridor of Kalimandir-Dimna Chowk-Baliguma Jamshedpur Section of NH-33 New NH-18 from km 241940 to km 251961 Length 10.021 km,NHAI,,10526,color,Jharkhand,Jharkhand,2024-03-01,2024-09-01,2027-03-01,2027-03-01,936.26,,True,346.55,49.5,2026-08,Table 6,108,996,Ministry of Road Transport & Highways,Roads & Highways,NHAI,National Highways Authority of India [NHAI],,MoRTH,Transport & Logistics,False,False,Major,832.2,2026-07,2026-04,5,,,False
618737,Grade separated Interchanges at Km. 113.730 junction with Ranchi Hazaribagh Road & Km. 139.225 junction with Ranchi Jamshedpur road on 4L Ranchi Bypass of NH-33,NHAI,,,color,Jharkhand,Jharkhand,2025-01-01,2025-12-01,2027-12-01,2027-12-01,303.53,,True,6.01,0.0,2026-08,Table 6,109,997,Ministry of Road Transport & Highways,Roads & Highways,NHAI,National Highways Authority of India [NHAI],,MoRTH,Transport & Logistics,False,False,Major,5.58,2026-07,2026-04,5,,,False
618830,4L from Km 147.450 Bhogu to Km 196.870 Sankha on NH-75 Sec-III,NHAI,N24002054,10594,color,Jharkhand,Jharkhand,2022-10-01,2023-11-01,2025-11-01,2027-03-01,1517.87,,True,1131.66,76.95,2026-08,Table 6,109,998,Ministry of Road Transport & Highways,Roads & Highways,NHAI,National Highways Authority of India [NHAI],,MoRTH,Transport & Logistics,False,False,Mega,1652.09,2026-07,2026-04,5,,,False
618831,4L from Km 95.400 Udaipura to Km 147.450 Bhogu on NH-75 Sec-II,NHAI,,10595,color,Jharkhand,Jharkhand,2023-03-01,2024-10-01,2026-10-01,2027-03-01,1436.8,,True,419.79,29.2,2026-08,Table 6,109,999,Ministry of Road Transport & Highways,Roads & Highways,NHAI,National Highways Authority of India [NHAI],,MoRTH,Transport & Logistics,False,False,Mega,1301.54,2026-07,2026-04,5,,,False
618832,4L from Km 55.00 Kuru to Km 95.400 Udaipura on NH-75 Sec-I,NHAI,,11879,color,Jharkhand,Jharkhand,2024-02-01,2026-01-01,2028-01-01,2028-01-01,1274.82,,True,253.66,11.1,2026-08,Table 6,109,1000,Ministry of Road Transport & Highways,Roads & Highways,NHAI,National Highways Authority of India [NHAI],,MoRTH,Transport & Logistics,False,False,Mega,1274.82,2026-07,2026-04,5,,,False
618863,Barhi-Koderma Section of NH31 km 0.00 - km 27.5,NHAI,,10618,color,Jharkhand,Jharkhand,2017-02-01,2019-11-01,2024-08-01,2026-09-01,662.44,,True,828.1,98.5,2026-08,Table 6,109,1001,Ministry of Road Transport & Highways,Roads & Highways,NHAI,National Highways Authority of India [NHAI],,MoRTH,Transport & Logistics,False,False,Major,826.59,2026-07,2026-04,5,,,False
618947,4L of NH-80 from km 215.00 to km 260.00 Mirza Chauki to Farkka Pkg-I,NHAI,N24001596,10685,color,Jharkhand,Jharkhand,2018-03-01,2021-12-01,2023-07-01,2026-10-01,1504.8,,True,1038.78,91.83,2026-08,Table 6,109,1002,Ministry of Road Transport & Highways,Roads & Highways,NHAI,National Highways Authority of India [NHAI],,MoRTH,Transport & Logistics,False,False,Mega,1508.21,2026-07,2026-04,5,,,False
618949,4L of Basukinath- Deoghar Section of NH-114A,NHAI,N24002055,10686,color,Jharkhand,Jharkhand,2022-09-01,2023-12-01,2025-12-01,2026-09-01,1444.94,,True,781.51,90.53,2026-08,Table 6,109,1003,Ministry of Road Transport & Highways,Roads & Highways,NHAI,National Highways Authority of India [NHAI],,MoRTH,Transport & Logistics,False,False,Mega,1553.76,2026-07,2026-04,5,,,False
618950,Construction of Bypass to NH-114A Connecting NH-333 and NH-133 Deoghar Bypass from design km 0.000 to design Km 49.000,NHAI,,,color,Jharkhand,Jharkhand,2024-11-01,2026-01-01,2028-01-01,2028-01-01,1565.47,,True,106.35,12.0,2026-08,Table 6,109,1004,Ministry of Road Transport & Highways,Roads & Highways,NHAI,National Highways Authority of India [NHAI],,MoRTH,Transport & Logistics,False,False,Mega,1565.47,2026-07,2026-04,5,,,False
619005,Construction of bypass around Chatra Town on NH-22 old NH-99 in the state of Jharkhand under EPC Mode,MoRTH,,,color,Jharkhand,Jharkhand,2023-03-01,2026-01-01,2028-01-01,2028-01-01,235.42,,True,44.83,14.0,2026-08,Table 6,109,1005,Ministry of Road Transport & Highways,Roads & Highways,MORTH,MoRTH,,MoRTH,Transport & Logistics,False,False,Major,199.2,2026-07,2026-04,5,,,False
617935,"Construction of Elevated corridor from Km. 135.650 to 136.300 on 63, from Km. 249 to Km. 250.050 on old NH-4 and from Km. 192.910 to Km. 193.350 on NH-218 from decongestion of traffic in Ranichennamma circle in Hubli city in the state of Karnataka on EPC basis",MoRTH,N24001938,,color,Karnataka,Karnataka,2020-08-01,2021-06-01,2024-06-01,2026-11-01,298.0,,True,262.05,65.0,2026-08,Table 6,109,1006,Ministry of Road Transport & Highways,Roads & Highways,MORTH,MoRTH,,MoRTH,Transport & Logistics,False,False,Major,349.49,2026-07,2026-04,5,,,False
617950,Construction of Srinivasapura Bypass from existing Km 453.890 Design Ch. 0000 to existing Km 461.450 Design Ch 10080 on NH-69 in the State of Karnataka Under NH O in EPC mode under Annual Plan 2022-23 NH-69-KNT-2022-23-966 dated 22.11.2022,MoRTH,,,color,Karnataka,Karnataka,2022-11-01,2025-07-01,2027-01-01,2027-01-01,204.42,,True,55.06,25.0,2026-08,Table 6,109,1007,Ministry of Road Transport & Highways,Roads & Highways,MORTH,MoRTH,,MoRTH,Transport & Logistics,False,False,Major,204.42,2026-07,2026-04,5,,,False
617951,Construction of Chintamani Bypass from Design Ch.0000 Existing Ch.428880 to Design Ch.15400 Existing Ch.444010 on NH-69 in the State of Karnataka in EPC Mode under NHO Annual Plan 2022-23. NH-69-KNT-2022-23-989 dated 24.03.2023,MoRTH,,,color,Karnataka,Karnataka,2023-03-01,2026-01-01,2027-07-01,2027-07-01,314.55,,True,65.75,15.0,2026-08,Table 6,109,1008,Ministry of Road Transport & Highways,Roads & Highways,MORTH,MoRTH,,MoRTH,Transport & Logistics,False,False,Major,314.55,2026-07,2026-04,5,2026-04,,False
617955,Widening to two lane with paved Shoulders from Km 40.00 to Km 75.00 Existing chainages of Mangalore - Tumkur section of NH-73 in the State of Karnataka on EPC Mode under Annual Plan 2021-22 Job No NH-73-KNT-2021-22-945,MoRTH,N24002012,10150,color,Karnataka,Karnataka,2022-03-01,2023-03-01,2025-03-01,2026-12-01,718.52,,True,522.66,86.0,2026-08,Table 6,109,1009,Ministry of Road Transport & Highways,Roads & Highways,MORTH,MoRTH,,MoRTH,Transport & Logistics,False,False,Major,718.52,2026-07,2026-04,5,,,False
617989,Construction of Major Bridge at Km.180.865 across river Krishna on NH 167 Hagari Jadcherla section,MoRTH,N24001450,,color,Karnataka,Karnataka,2019-03-01,2019-05-01,2021-11-01,2027-04-01,157.32,,True,16713.2,69.0,2026-08,Table 6,109,1010,Ministry of Road Transport & Highways,Roads & Highways,MORTH,MoRTH,,MoRTH,Transport & Logistics,False,False,Major,187.61,2026-07,2026-04,5,,DQ01,True
617997,Widening of existing 2 lane to 4 lane with paved shoulder from Designed km 25.15 to km 56.70 Except Km 52.70 to 53.50 of NH-169 Nellisara Camp to Thirthahalli of NH- 169 on Shimoga-Mangalore section in the state of Karnataka on EPC mode under Annual plan 2022-23 NH-169-KNT-2022-23-978 dated 08.03.2023,MoRTH,,,color,Karnataka,Karnataka,2023-03-01,2026-02-01,2028-02-01,2028-02-01,538.71,,True,90.45,6.0,2026-08,Table 6,109,1011,Ministry of Road Transport & Highways,Roads & Highways,MORTH,MoRTH,,MoRTH,Transport & Logistics,False,False,Major,538.71,2026-07,2026-05,4,2026-05,,False
617998,Widening to existing 2 lane with paved Shoulder to 4 Lane with paved shoulder from design Km 153.00 to 168.27 Mala Gate to Karkala of NH -169 on Shimoga - Mangalore section in the state of Karnataka on EPC mode under Annula Plan 2021-22 Job No. NH-169-KNT-2021-22-949,MoRTH,N24000979,,color,Karnataka,Karnataka,2022-03-01,2023-02-01,2025-02-01,2026-11-01,177.94,,True,135.57,83.0,2026-08,Table 6,109,1012,Ministry of Road Transport & Highways,Roads & Highways,MORTH,MoRTH,,MoRTH,Transport & Logistics,False,False,Major,177.94,2026-07,2026-04,5,,,False
617999,Widening to 2LPS from Km 67 to Km 115 on Kadur-Hosadurga section NH 173 in the state of Karnataka NH-173-KNT-2022-23-980 dated 13.03.2023,MoRTH,,,color,Karnataka,Karnataka,2023-03-01,2024-10-01,2026-05-01,2027-04-01,471.62,,True,230.91,74.79,2026-08,Table 6,109,1013,Ministry of Road Transport & Highways,Roads & Highways,MORTH,MoRTH,,MoRTH,Transport & Logistics,False,False,Major,471.62,2026-07,2026-04,5,,,False
618027,Widening to 2LPS from Km 71.00 to 104.00 Existing chainages Sarjapur to Pattadkallu on Bhanapur to Gaddanakeri section NH-367 in the State of Karnataka under NHO on EPC mode under Annual Plan 2022-23 NH-367-KNT-2022-23-972 dated 08.02.2023,MoRTH,,,color,Karnataka,Karnataka,2023-02-01,2024-03-01,2026-03-01,2026-12-01,445.62,,True,255.52,90.0,2026-08,Table 6,110,1014,Ministry of Road Transport & Highways,Roads & Highways,MORTH,MoRTH,,MoRTH,Transport & Logistics,False,False,Major,445.62,2026-07,2026-04,5,,,False
618028,"Construction of Bypass at Kuknoor, Yelburga, Gajendragada of Bhanapur Gaddanakeri section of NH-367 in the State of Karnataka under NHO on EPC mode under Annual Plan 2022-23. NH-367-KNT-2022-23-973 dated 08.02.2023",MoRTH,,,color,Karnataka,Karnataka,2023-02-01,2025-06-01,2027-06-01,2027-06-01,333.96,,True,147.67,36.0,2026-08,Table 6,110,1015,Ministry of Road Transport & Highways,Roads & Highways,MORTH,MoRTH,,MoRTH,Transport & Logistics,False,False,Major,333.96,2026-07,2026-04,5,,,False
618029,Widening to 4 lane from Km. 133.00 to 158.04 design Chainage Km. 130.88 to 155.145 Shirur Cross to Gaddankeri of NH-367 in the State of Karnataka on EPC mode. Job No. NH-367-KNT-2021-22-930,MoRTH,N24001941,,color,Karnataka,Karnataka,2022-01-01,2023-01-01,2025-01-01,2027-03-01,350.69,,True,253.15,83.33,2026-08,Table 6,110,1016,Ministry of Road Transport & Highways,Roads & Highways,MORTH,MoRTH,,MoRTH,Transport & Logistics,False,False,Major,312.06,2026-07,2026-04,5,,,False
618031,Balance work of Construction of Two/Four lane with paved shoulder from Km 422.000 to 523.600 Chitradurga to Shivamogga of NH-13 in the state of Kanataka on EPC mode.,MoRTH,N24002011,10166,color,Karnataka,Karnataka,2021-01-01,2021-12-01,2025-12-01,2026-08-01,516.96,,True,386.5,98.0,2026-08,Table 6,110,1017,Ministry of Road Transport & Highways,Roads & Highways,MORTH,MoRTH,,MoRTH,Transport & Logistics,False,False,Major,516.96,2026-07,2026-04,5,,,False
618086,"Widening to Two Lane with Paved Shoulders from KB Cross to Chunchanahalli ie., Design Ch. 485240 Km Existing Km 494.000 to Design Ch. 523393 Km Existing km 533.152 & From Design Ch. 530393 Existing Km 540.175 to Design Ch. 534476 Existing Km 544.200 at Nelligere of NH-150A on EPC mode under Annual Plan 2022-23 NH-150A-KNT-2022-23-977 dated 08.03.2023",MoRTH,,10175,color,Karnataka,Karnataka,2023-03-01,2025-07-01,2027-01-01,2027-01-01,617.28,,True,135.24,48.6,2026-08,Table 6,110,1018,Ministry of Road Transport & Highways,Roads & Highways,MORTH,MoRTH,,MoRTH,Transport & Logistics,False,False,Major,617.28,2026-07,2026-04,5,,,False
618087,Widening to intermediate/two lane to 2 lane with paved shoulder from Existing chanages Km 112.750 to 142.00 Liingasur to Mudabal cross & from Km. 147.070 to Km. 149.070 Maski city limit of Jewargi Chamrajnagar setion of NH-150A in the state of Karnataka on EPC mode. Job No. NH-150A-KNT-2021-22-951,MoRTH,N24001944,,color,Karnataka,Karnataka,2022-03-01,2023-01-01,2024-07-01,2026-09-01,255.88,,True,201.76,98.0,2026-08,Table 6,110,1019,Ministry of Road Transport & Highways,Roads & Highways,MORTH,MoRTH,,MoRTH,Transport & Logistics,False,False,Major,255.88,2026-07,2026-04,5,,,False
618095,Widening to Two Lane with Paved Shoulders from Km 0.00 Design Chainage 0.00 to Km 23.338 Design Chainage 23310 of NH-166E MH/KNT Border- Kanamadi- Bijjargi- Tikota section in the state of Karnataka in EPC Mode under Annual plan 2022-23 NH- 166E-KNT-2022-23-974,MoRTH,,,color,Karnataka,Karnataka,2023-02-01,2024-09-01,2026-03-01,2027-03-01,196.05,,True,82.41,75.0,2026-08,Table 6,110,1020,Ministry of Road Transport & Highways,Roads & Highways,MORTH,MoRTH,,MoRTH,Transport & Logistics,False,False,Major,196.05,2026-07,2026-04,5,,,False
618109,Widening to 4 lane from Km 51.60 to 76.20 Hebri to Parkala and from Km 85.20 to 88.90 Karavali junction to Malpe of Thirthahalli-Udupi-Malpe Section of NH-169A in the State of Karnataka on EPC Mode under Annual plan 2021-22 Job No. NH-169A- KNT-2021-22-927,MoRTH,N24001948,,color,Karnataka,Karnataka,2022-01-01,2022-12-01,2024-12-01,2026-11-01,355.72,,True,269.8,88.33,2026-08,Table 6,110,1021,Ministry of Road Transport & Highways,Roads & Highways,MORTH,MoRTH,,MoRTH,Transport & Logistics,False,False,Major,355.72,2026-07,2026-04,5,,,False
618147,Widening to 2 Lane with Paved Shoulders from design Km 103.200 Existing Km 103.200 to design Km 116.700 Existing Km 118.470 on AP/KNT Border to Sira Section of NH-544E in the State of Karnatakaon EPC mode under Annual plan 2022- 23,MoRTH,,,color,Karnataka,Karnataka,2023-01-01,2024-03-01,2025-09-01,2026-12-01,166.58,,True,85.43,75.0,2026-08,Table 6,110,1022,Ministry of Road Transport & Highways,Roads & Highways,MORTH,MoRTH,,MoRTH,Transport & Logistics,False,False,Major,166.58,2026-07,2026-04,5,,,False
618148,Widening to 4LPS of NH-548B from Km 80.000 Near Murgundi to Km 140.200 Near Chikkodi excluding length from Km 118.450 to Km 128.450 in the State of Karnataka under NH O on EPC Mode under Annual Plan 2022-23 - Package 1 NH-548B-KNT- 2022-23-979 dated 09.03.2023,MoRTH,,,color,Karnataka,Karnataka,2023-03-01,2026-04-01,2028-04-01,2028-04-01,785.79,,True,128.84,6.0,2026-08,Table 6,110,1023,Ministry of Road Transport & Highways,Roads & Highways,MORTH,MoRTH,,MoRTH,Transport & Logistics,False,False,Major,785.79,2026-07,2026-05,4,2026-05,,False
618149,Widening to two lane with paved shoulders from Km 0.00 to 102.310 Design Chainage of NH-548B Murrum-Maharashtra Border in the State of Karnataka,MoRTH,,10191,color,Karnataka,Karnataka,2023-02-01,2025-01-01,2027-01-01,2027-01-01,957.09,,True,400.01,63.1,2026-08,Table 6,110,1024,Ministry of Road Transport & Highways,Roads & Highways,MORTH,MoRTH,,MoRTH,Transport & Logistics,False,False,Major,957.09,2026-07,2026-04,5,,,False
618151,Widening to 4LPS of NH-548B from Km 118.450 Near Shirguppi to Km 128.450 Near Ankali in the State of Karnataka under NH O on EPC Mode Under Annual Plan 2022- 23 NH-548B-KNT-2022-23-982,MoRTH,,,color,Karnataka,Karnataka,2023-03-01,2026-05-01,2029-05-01,,1084.29,,True,100.04,0.0,2026-08,Table 6,110,1025,Ministry of Road Transport & Highways,Roads & Highways,MORTH,MoRTH,,MoRTH,Transport & Logistics,False,False,Mega,1084.29,2026-07,2026-05,4,2026-05,,False
618184,Construction of 2 Lane with paved shoulder from km 55.6 to km 90.7 existing chainages of NH-766C complete Realignment of 13.76 km with 2 major Bridges across Sharavathi Backwaters on EPC mode under Annual Plan 2022-23 in the state of Karnataka NH-766C-KNT-2022-23 dated 14.10.2022,MoRTH,,,color,Karnataka,Karnataka,2023-01-01,2024-02-01,2026-02-01,2027-12-01,313.56,,True,185.3,65.0,2026-08,Table 6,110,1026,Ministry of Road Transport & Highways,Roads & Highways,MORTH,MoRTH,,MoRTH,Transport & Logistics,False,False,Major,313.56,2026-07,2026-04,5,,,False
618185,Widening to 2LPS from Km 0.000 to 37.850 Except Ex. Km 24.45 to 27.20 of NH-766c Byndoor-Ranebennur Section in the state of Karnataka on EPC Mode under Annual Plan 2022-23 NH-766C-KNT-2022-23-969 dated 30.12.2022,MoRTH,,,color,Karnataka,Karnataka,2022-12-01,2025-08-01,2027-08-01,2027-08-01,394.95,,True,36.96,12.0,2026-08,Table 6,110,1027,Ministry of Road Transport & Highways,Roads & Highways,MORTH,MoRTH,,MoRTH,Transport & Logistics,False,False,Major,394.95,2026-07,2026-04,5,,,False
618189,Widening to two lane with paved shoulder of NH-73New spur road Ujire - Dharmasthala - Periyashanthi in the State of Karnataka under NHO on HAM Mode Job No. NH-73Spur-KNT-2023-24-996,MoRTH,,10203,color,Karnataka,Karnataka,2024-01-01,2025-11-01,2027-11-01,2027-11-01,613.65,,True,64.4,27.5,2026-08,Table 6,111,1028,Ministry of Road Transport & Highways,Roads & Highways,MORTH,MoRTH,,MoRTH,Transport & Logistics,False,False,Major,613.65,2026-07,2026-04,5,,DQ14,False
618517,4/6L of Bangalore - Pune Section of bypass connecting Dharwad - Hubli from km. 403.80 to km. 433.20,NHAI,N24001994,10371,color,Karnataka,Karnataka,2021-12-01,2023-03-01,2025-09-01,2027-05-01,1135.39,,True,744.44,83.8,2026-08,Table 6,111,1029,Ministry of Road Transport & Highways,Roads & Highways,NHAI,National Highways Authority of India [NHAI],,MoRTH,Transport & Logistics,False,False,Mega,763.36,2026-07,2026-04,5,,,False
618518,Davanagere - Haveri of NH-48 Old NH-4 from km. 260.00 to km. 338.923,NHAI,,10372,color,Karnataka,Karnataka,2017-01-01,2018-01-01,2020-07-01,2026-12-01,1454.67,,True,1273.62,98.87,2026-08,Table 6,111,1030,Ministry of Road Transport & Highways,Roads & Highways,NHAI,National Highways Authority of India [NHAI],,MoRTH,Transport & Logistics,False,False,Mega,1805.84,2026-07,2026-04,5,,,False
618520,4L of km 0.00 to km 42.00 of Dobbaspet to Doddaballapura Bypass section of NH-648 old NH-207] [Bangalore Ring Road Pkg 1],NHAI,,10374,color,Karnataka,Karnataka,2020-08-01,2021-04-01,2023-04-01,2026-09-01,1438.74,,True,1285.16,99.2,2026-08,Table 6,111,1031,Ministry of Road Transport & Highways,Roads & Highways,NHAI,National Highways Authority of India [NHAI],,MoRTH,Transport & Logistics,False,False,Mega,1786.57,2026-07,2026-04,5,,,False
618630,6L of MH/KN Border Nimbal Village to KN/TS Border Singnodi Village from Km. 26.000 to Km. 97.000 in Gulbarga of NH-150C Pkg-II,NHAI,N24001676,10449,color,Karnataka,Karnataka,2022-02-01,2022-12-01,2025-06-01,2026-12-01,2355.56,,True,1017.39,81.35,2026-08,Table 6,111,1032,Ministry of Road Transport & Highways,Roads & Highways,NHAI,National Highways Authority of India [NHAI],,MoRTH,Transport & Logistics,False,False,Mega,1923.3,2026-07,2026-04,5,,,False
618649,4 Lane with PS from Des. Ch 228.500 to Des. Ch. 273.400 of Belgaum-Hungund- Raichur Section of NH 748 A Package-6,NHAI,,10463,color,Karnataka,Karnataka,2023-03-01,2024-11-01,2026-11-01,2027-06-01,1246.15,,True,412.78,56.93,2026-08,Table 6,111,1033,Ministry of Road Transport & Highways,Roads & Highways,NHAI,National Highways Authority of India [NHAI],,MoRTH,Transport & Logistics,False,False,Mega,1012.78,2026-07,2026-04,5,,,False
618650,4 Lane with PS from Des. Ch 89.900 to Des. Ch. 136.100 of Belgaum-Hungund- Raichur Section of NH-748A Package-3,NHAI,,10464,color,Karnataka,Karnataka,2024-01-01,2025-04-01,2027-04-01,2028-03-01,1363.9,,True,316.73,24.5,2026-08,Table 6,111,1034,Ministry of Road Transport & Highways,Roads & Highways,NHAI,National Highways Authority of India [NHAI],,MoRTH,Transport & Logistics,False,False,Mega,1219.62,2026-07,2026-04,5,,,False
618651,4 Lane with PS from Des. Ch 43.800 to Des. Ch. 89.900 of Belgaum-Hungund- Raichur Section of NH-748A Package-2,NHAI,,10465,color,Karnataka,Karnataka,2024-02-01,2025-03-01,2027-02-01,2027-07-01,1427.88,,True,606.24,58.7,2026-08,Table 6,111,1035,Ministry of Road Transport & Highways,Roads & Highways,NHAI,National Highways Authority of India [NHAI],,MoRTH,Transport & Logistics,False,False,Mega,1293.94,2026-07,2026-04,5,,,False
618697,4LPS Access Controlled Highway of Bellary Bypass Balance work from Ch. 254750 to Ch. 266837 and construction of 4LPS from Ch. 277.690 to Ch. 278.690 at D. Hirehal Village Balance work of NH 150A of Bellary Byrapura Section,NHAI,,,color,Karnataka,Karnataka,2024-02-01,2024-08-01,2026-07-01,2027-11-01,626.01,,True,126.0,38.97,2026-08,Table 6,111,1036,Ministry of Road Transport & Highways,Roads & Highways,NHAI,National Highways Authority of India [NHAI],,MoRTH,Transport & Logistics,False,False,Major,284.05,2026-07,2026-04,5,,,False
618702,4L of Addahole Near Gundya to Bantwal Cross section Pkg-02 from Design Km 270.270 to Design km 318.55 including flyover at Kalladka Town including approaches from Km. 311.57 to Km. 313.67 of NH-75 Old NH-48,NHAI,N24001425,10501,color,Karnataka,Karnataka,2020-12-01,2021-11-01,2023-11-01,2027-04-01,1660.19,,True,1452.45,94.21,2026-08,Table 6,111,1037,Ministry of Road Transport & Highways,Roads & Highways,NHAI,National Highways Authority of India [NHAI],,MoRTH,Transport & Logistics,False,False,Mega,1318.24,2026-07,2026-04,5,,,False
618706,Bangalore-Nidagatta Pkg. I,NHAI,,10502,color,Karnataka,Karnataka,2018-02-01,2019-05-01,2021-11-01,2026-09-01,3496.01,,True,4315.2,99.19,2026-08,Table 6,111,1038,Ministry of Road Transport & Highways,Roads & Highways,NHAI,National Highways Authority of India [NHAI],,MoRTH,Transport & Logistics,False,False,Mega,4087.42,2026-07,2026-04,5,,,False
618707,Additional works under BM1 to ensure road safety under 6L of Bengaluru Mysuru Access control with close toll from Km.17.300 to Km.136.300 of NH-275,NHAI,,,color,Karnataka,Karnataka,2024-11-01,2026-01-01,2028-01-01,2028-05-01,738.37,,True,32.83,12.67,2026-08,Table 6,111,1039,Ministry of Road Transport & Highways,Roads & Highways,NHAI,National Highways Authority of India [NHAI],,MoRTH,Transport & Logistics,False,False,Major,738.37,2026-07,2026-04,5,,,False
618709,4L of Left-Over Works of Hospet-Bellary -Karnataka/AP border from Km.280.080 Dec.Ch. to Km.375450Des.Ch. of NH-63 New-67,NHAI,N24001989,10504,color,Karnataka,Karnataka,2023-03-01,2023-05-01,2025-05-01,2028-04-01,1340.15,,True,948.93,92.51,2026-08,Table 6,111,1040,Ministry of Road Transport & Highways,Roads & Highways,NHAI,National Highways Authority of India [NHAI],,MoRTH,Transport & Logistics,False,False,Mega,992.6,2026-07,2026-04,5,,,False
618799,Belakeri Port to Kumta - Sirsi road from km 0.00 - km 4.265 of Belekeri Port Road Link Rd. and km 4.965 - km 60.00 of SH-69,NHAI,N24001599,,color,Karnataka,Karnataka,2018-03-01,2020-12-01,2022-12-01,2026-11-01,440.16,,True,476.34,95.23,2026-08,Table 6,111,1041,Ministry of Road Transport & Highways,Roads & Highways,NHAI,National Highways Authority of India [NHAI],,MoRTH,Transport & Logistics,False,False,Major,456.79,2026-07,2026-04,5,,,False
618870,4L PS from near Hemmige Village Periyapatna - Hassan Road Jn. to near Hunsur - KR Nagar Jn section from Km. 144.900 to Km. 169.000 of NH-275 Pkg. III,NHAI,,10624,color,Karnataka,Karnataka,2023-02-01,2025-04-01,2027-04-01,2028-02-01,883.62,,True,447.2,27.8,2026-08,Table 6,111,1042,Ministry of Road Transport & Highways,Roads & Highways,NHAI,National Highways Authority of India [NHAI],,MoRTH,Transport & Logistics,False,False,Major,1726.65,2026-07,2026-04,5,,,False
618871,4L PS from Near Guddehosur to Start of Kushalnagara Bypass to near Hemmige Village Periyapatna - Hassan Road Jn from Km. 122.200 to Km. 144.900 of NH-275 Pkg. II,NHAI,,10625,color,Karnataka,Karnataka,2023-02-01,2025-12-01,2027-12-01,2028-05-01,909.86,,True,328.35,14.53,2026-08,Table 6,111,1043,Ministry of Road Transport & Highways,Roads & Highways,NHAI,National Highways Authority of India [NHAI],,MoRTH,Transport & Logistics,False,False,Major,896.42,2026-07,2026-04,5,,,False
618872,4L PS from near Hunsur - KR Nagar Junction to near Yalachahalli village KR Nagara - Yelawala Road Junction fcrom Km 169.000 to Km 195.550 of NH-275 Pkg-IV,NHAI,,10626,color,Karnataka,Karnataka,2023-02-01,2025-04-01,2027-04-01,2028-04-01,1062.76,,True,286.32,19.58,2026-08,Table 6,111,1044,Ministry of Road Transport & Highways,Roads & Highways,NHAI,National Highways Authority of India [NHAI],,MoRTH,Transport & Logistics,False,False,Mega,952.03,2026-07,2026-04,5,,,False
618873,4L PS from near Yalachahalli village KR Nagara - Yelawala Road junction to Srirangapatna Bypass Near Paschima Vahini from km 195.550 to Km 214.535 of NH- 275 Pkg-V,NHAI,,10627,color,Karnataka,Karnataka,2023-01-01,2025-04-01,2027-04-01,2028-04-01,1272.71,,True,466.92,17.36,2026-08,Table 6,111,1045,Ministry of Road Transport & Highways,Roads & Highways,NHAI,National Highways Authority of India [NHAI],,MoRTH,Transport & Logistics,False,False,Mega,1203.2,2026-07,2026-04,5,,,False
618887,4L of Bettadahalli- Shivamogga section from Km.170.415 to km. 226.750 of NH-206 Tumkur- Shivamogga Pkg-IV,NHAI,N24001687,10637,color,Karnataka,Karnataka,2019-01-01,2021-10-01,2023-10-01,2027-03-01,2082.98,,True,1645.31,84.2,2026-08,Table 6,112,1046,Ministry of Road Transport & Highways,Roads & Highways,NHAI,National Highways Authority of India [NHAI],,MoRTH,Transport & Logistics,False,False,Mega,2545.11,2026-07,2026-04,5,,,False
618896,4L of Sannur to Bikarnakatte section from Km 691.350 to Km 736.362 of NH-169 Karkala - Mangalore Package-III,NHAI,N24001680,10645,color,Karnataka,Karnataka,2021-03-01,2022-10-01,2024-10-01,2027-04-01,1386.41,,True,1257.12,76.1,2026-08,Table 6,112,1047,Ministry of Road Transport & Highways,Roads & Highways,NHAI,National Highways Authority of India [NHAI],,MoRTH,Transport & Logistics,False,False,Mega,2038.71,2026-07,2026-04,5,,,False
619065,4L Expressway from Km 26.400 to km 53.500 of Malur to Bangarpet section of Bangalore-Chennai Expressway Phase-I Package-II,NHAI,,,color,Karnataka,Karnataka,2020-12-01,2021-09-01,2023-09-01,2026-09-01,1745.0,,True,1103.62,99.8,2026-08,Table 6,112,1048,Ministry of Road Transport & Highways,Roads & Highways,NHAI,National Highways Authority of India [NHAI],,MoRTH,Transport & Logistics,False,False,Mega,1729.63,2026-07,2026-06,3,,,False
619071,Tumkur - Nelamangala 6L,NHAI,N24001681,11763,color,Karnataka,Karnataka,2021-03-01,2022-08-01,2025-08-01,2027-03-01,2032.15,,True,1094.39,61.36,2026-08,Table 6,112,1049,Ministry of Road Transport & Highways,Roads & Highways,NHAI,National Highways Authority of India [NHAI],,MoRTH,Transport & Logistics,False,False,Mega,1664.2,2026-07,2026-04,5,,,False
619072,Bangalore/TN border to Hoskote,NHAI,N24001674,11764,color,Karnataka,Karnataka,2022-02-01,2023-02-01,2025-02-01,2026-11-01,1181.68,,True,1154.93,94.89,2026-08,Table 6,112,1050,Ministry of Road Transport & Highways,Roads & Highways,NHAI,National Highways Authority of India [NHAI],,MoRTH,Transport & Logistics,False,False,Mega,1297.76,2026-07,2026-04,5,,,False
619073,4L of 42.000 to km 80.00 of Dodaballapur Bypass to Hoskote section of NH-648 Old NH-207 [Bangalore Ring Road Pkg 2],NHAI,,11765,color,Karnataka,Karnataka,2020-02-01,2021-02-01,2023-02-01,2026-09-01,1317.74,,True,1360.42,99.2,2026-08,Table 6,112,1051,Ministry of Road Transport & Highways,Roads & Highways,NHAI,National Highways Authority of India [NHAI],,MoRTH,Transport & Logistics,False,False,Mega,1846.52,2026-07,2026-04,5,,,False
619096,Goa / Karnataka Km.93.700 to Kundapur Km.283.30,NHAI,N24000462,,color,Karnataka,Karnataka,2012-07-01,2014-03-01,2016-08-01,2026-12-01,1644.92,,True,1849.54,97.94,2026-08,Table 6,112,1052,Ministry of Road Transport & Highways,Roads & Highways,NHAI,National Highways Authority of India [NHAI],,MoRTH,Transport & Logistics,False,False,Mega,1990.99,2026-07,2026-04,5,,,False
619106,4 Lane with PS from Des. Ch 182.300 to Des. Ch. 228.500 of Belgaum-Hungund- Raichur Section of NH 748 A Package-5,NHAI,,11781,color,Karnataka,Karnataka,2023-03-01,2024-11-01,2026-11-01,2027-08-01,1141.88,,True,270.91,40.63,2026-08,Table 6,112,1053,Ministry of Road Transport & Highways,Roads & Highways,NHAI,National Highways Authority of India [NHAI],,MoRTH,Transport & Logistics,False,False,Mega,868.65,2026-07,2026-04,5,,,False
619107,4 Lane with PS from Des. Ch 136.100 to Des. Ch. 182.300 of Belgaum-Hungund- Raichur Section of NH-748A Package-4,NHAI,,11782,color,Karnataka,Karnataka,2024-02-01,2025-09-01,2027-09-01,2028-04-01,1311.41,,True,244.01,15.0,2026-08,Table 6,112,1054,Ministry of Road Transport & Highways,Roads & Highways,NHAI,National Highways Authority of India [NHAI],,MoRTH,Transport & Logistics,False,False,Mega,1123.35,2026-07,2026-04,5,,,False
619108,4 Lane with PS from Des. Ch 0.000 to Des. Ch. 43.800 of Belgaum-Hungund-Raichur Section of NH-748A Package-1,NHAI,,11783,color,Karnataka,Karnataka,2024-02-01,2025-06-01,2027-06-01,2027-11-01,1452.43,,True,509.43,40.21,2026-08,Table 6,112,1055,Ministry of Road Transport & Highways,Roads & Highways,NHAI,National Highways Authority of India [NHAI],,MoRTH,Transport & Logistics,False,False,Mega,1256.55,2026-07,2026-04,5,,,False
619117,Hassan km 184.912 to Maranahally km 230.060 of NH - 75 in Karnataka,NHAI,,,color,Karnataka,Karnataka,2015-12-01,2017-03-01,2019-03-01,2026-09-01,1021.57,,True,1073.87,97.8,2026-08,Table 6,112,1056,Ministry of Road Transport & Highways,Roads & Highways,NHAI,National Highways Authority of India [NHAI],,MoRTH,Transport & Logistics,False,False,Mega,1091.4,2026-07,2026-04,5,,,False
619120,Nidagatta-Mysore Pkg II,NHAI,,11790,color,Karnataka,Karnataka,2018-02-01,2019-12-01,2022-06-01,2026-09-01,2919.8,,True,3717.48,99.19,2026-08,Table 6,112,1057,Ministry of Road Transport & Highways,Roads & Highways,NHAI,National Highways Authority of India [NHAI],,MoRTH,Transport & Logistics,False,False,Mega,4113.89,2026-07,2026-04,5,,,False
619138,Yekkambi-Haveri,NHAI,N24001682,,color,Karnataka,Karnataka,2021-09-01,2022-03-01,2024-03-01,2028-03-01,294.62,,True,94.93,24.7,2026-08,Table 6,112,1058,Ministry of Road Transport & Highways,Roads & Highways,NHAI,National Highways Authority of India [NHAI],,MoRTH,Transport & Logistics,False,False,Major,309.9,2026-07,2026-04,5,,,False
619150,BRT Tiger Reserve Boundary Km.287.500 to Bangalore Section Km.458.420 of NH- 209 in Karnataka,NHAI,,,color,Karnataka,Karnataka,2016-04-01,2017-08-01,2019-08-01,2026-09-01,2082.69,,True,2243.04,99.7,2026-08,Table 6,112,1059,Ministry of Road Transport & Highways,Roads & Highways,NHAI,National Highways Authority of India [NHAI],,MoRTH,Transport & Logistics,False,False,Mega,2859.93,2026-07,2026-04,5,,,False
619164,Belgaum-Khanapur Pkg I Km 0.000-Km 30.800 of NH-4A,NHAI,,11819,color,Karnataka,Karnataka,2018-03-01,2019-03-01,2021-09-01,2027-03-01,1214.3,,True,917.83,75.72,2026-08,Table 6,112,1060,Ministry of Road Transport & Highways,Roads & Highways,NHAI,National Highways Authority of India [NHAI],,MoRTH,Transport & Logistics,False,False,Mega,1195.74,2026-07,2026-04,5,,,False
619211,6L of MH/KN Border Nimbal Village to KN/TS Border Singnodi Village from Km. 97.000 to Km. 162.500 in Yadgir of NH-150C Pkg-III,NHAI,,11901,color,Karnataka,Karnataka,2022-03-01,2023-04-01,2025-10-01,2027-03-01,2104.7,,True,1003.62,73.9,2026-08,Table 6,112,1061,Ministry of Road Transport & Highways,Roads & Highways,NHAI,National Highways Authority of India [NHAI],,MoRTH,Transport & Logistics,False,False,Mega,2065.83,2026-07,2026-04,5,,,False
619214,4L of Channarayapatna Bypass and Hassan Bypass with structures in Devihalli - Hassan section,NHAI,,11904,color,Karnataka,Karnataka,2020-04-01,2021-01-01,2023-01-01,2027-02-01,688.0,,True,617.61,82.34,2026-08,Table 6,112,1062,Ministry of Road Transport & Highways,Roads & Highways,NHAI,National Highways Authority of India [NHAI],,MoRTH,Transport & Logistics,False,False,Major,684.54,2026-07,2026-04,5,,,False
619218,4L Tumkur-Shimoga Pkg-I from Mallasandra to Karadi village of NH-206 from Km. 12.300 to Km. 65.195,NHAI,,11907,color,Karnataka,Karnataka,2018-02-01,2019-10-01,2021-10-01,2026-09-01,1364.14,,True,1336.55,100.0,2026-08,Table 6,112,1063,Ministry of Road Transport & Highways,Roads & Highways,NHAI,National Highways Authority of India [NHAI],,MoRTH,Transport & Logistics,False,False,Mega,1692.12,2026-07,2026-04,5,,,False
619219,4L of Tumkur-Shimoga Pkg-II from Km 65.195 Karadi to Km 121.900 Banawara of NH-206,NHAI,,11908,color,Karnataka,Karnataka,2018-02-01,2019-10-01,2021-10-01,2026-12-01,1505.85,,True,1299.97,99.98,2026-08,Table 6,112,1064,Ministry of Road Transport & Highways,Roads & Highways,NHAI,National Highways Authority of India [NHAI],,MoRTH,Transport & Logistics,False,False,Mega,1989.89,2026-07,2026-04,5,,,False
619220,Tumkur-Shimoga Pkg-III from Km 121.900 Banawara to Km 170.415 Bettadahalli of Old NH-206,NHAI,,11909,color,Karnataka,Karnataka,2018-02-01,2021-03-01,2023-03-01,2026-12-01,1444.5,,True,876.08,98.0,2026-08,Table 6,112,1065,Ministry of Road Transport & Highways,Roads & Highways,NHAI,National Highways Authority of India [NHAI],,MoRTH,Transport & Logistics,False,False,Mega,1834.81,2026-07,2026-04,5,,,False
618070,Widening to 2 Lanes with paved shoulders from Km.87/000 to 133/720 Nattukal to Thanau Jn. in Palakkad of NH-966 Old NH-213 on EPC mode Basis under NHO Annual Plan 2016-17 in the state of Kerala,MoRTH,N24001369,,color,Kerala,Kerala,2017-02-01,2017-08-01,2019-08-01,2026-06-01,294.28,,True,0.0,98.0,2026-08,Table 6,113,1066,Ministry of Road Transport & Highways,Roads & Highways,MORTH,MoRTH,,MoRTH,Transport & Logistics,False,False,Major,315.63,2026-07,2026-04,5,,DQ04,False
618595,6L of Chengala - Neeleshwaram from km. 56.200 to km. 93.468,NHAI,N24001664,10424,color,Kerala,Kerala,2020-06-01,2021-10-01,2024-04-01,2027-03-01,1746.45,,True,1455.92,90.82,2026-08,Table 6,113,1067,Ministry of Road Transport & Highways,Roads & Highways,NHAI,National Highways Authority of India [NHAI],,MoRTH,Transport & Logistics,False,False,Mega,2538.06,2026-07,2026-04,5,,,False
618596,6L of Taliparamba to Muzhappilangad from Km 134.650 to Km 170.6 of NH-66,NHAI,N24001660,10425,color,Kerala,Kerala,2020-08-01,2021-11-01,2024-05-01,2028-01-01,2714.6,,True,2020.57,83.7,2026-08,Table 6,113,1068,Ministry of Road Transport & Highways,Roads & Highways,NHAI,National Highways Authority of India [NHAI],,MoRTH,Transport & Logistics,False,False,Mega,3557.65,2026-07,2026-04,5,,,False
618597,6L of Azhiyur-Vengalam from km. 189.200 to km. 230.400 of NH-66,NHAI,N24001661,10426,color,Kerala,Kerala,2020-10-01,2021-10-01,2024-07-01,2028-03-01,3205.77,,True,2428.32,60.07,2026-08,Table 6,113,1069,Ministry of Road Transport & Highways,Roads & Highways,NHAI,National Highways Authority of India [NHAI],,MoRTH,Transport & Logistics,False,False,Mega,3898.46,2026-07,2026-04,5,,,False
618598,6L Minor Bridge Paloli Palam at km. 203.160 & Major Bridge Morad at km. 204.895 and allied works,NHAI,N24001652,,color,Kerala,Kerala,2020-03-01,2020-12-01,2022-06-01,2026-09-01,210.0,,True,190.47,100.0,2026-08,Table 6,113,1070,Ministry of Road Transport & Highways,Roads & Highways,NHAI,National Highways Authority of India [NHAI],,MoRTH,Transport & Logistics,False,False,Major,216.94,2026-07,2026-04,5,,,False
618599,6L of Ramanatukkara Junction to start of Valanchery bypass section of NH-66,NHAI,N24001658,10427,color,Kerala,Kerala,2021-01-01,2022-01-01,2024-07-01,2026-09-01,4919.46,,True,3764.41,100.0,2026-08,Table 6,113,1071,Ministry of Road Transport & Highways,Roads & Highways,NHAI,National Highways Authority of India [NHAI],,MoRTH,Transport & Logistics,False,False,Mega,4919.46,2026-07,2026-04,5,,,False
618600,6L of Valanchery bypass to Kappirikkad of NH 66 from km. 298500 to km 335850,NHAI,N24001659,10428,color,Kerala,Kerala,2021-02-01,2022-01-01,2024-07-01,2026-09-01,4023.94,,True,2593.06,100.0,2026-08,Table 6,113,1072,Ministry of Road Transport & Highways,Roads & Highways,NHAI,National Highways Authority of India [NHAI],,MoRTH,Transport & Logistics,False,False,Mega,4023.94,2026-07,2026-04,5,,,False
618601,6L of Kappirikkad to Thalikulam section from km 335.85 to km 369.015 of NH - 66 old NH-17,NHAI,N24001655,10429,color,Kerala,Kerala,2021-06-01,2022-09-01,2025-01-01,2027-06-01,4225.59,,True,3345.37,95.27,2026-08,Table 6,113,1073,Ministry of Road Transport & Highways,Roads & Highways,NHAI,National Highways Authority of India [NHAI],,MoRTH,Transport & Logistics,False,False,Mega,4225.59,2026-07,2026-04,5,,,False
618602,6L of Thalikulam to Kodugallur section from km 369.015 to km 397.850 of NH - 66 old NH-17,NHAI,N24001656,10430,color,Kerala,Kerala,2021-06-01,2022-09-01,2025-02-01,2027-06-01,4302.06,,True,3320.63,95.05,2026-08,Table 6,113,1074,Ministry of Road Transport & Highways,Roads & Highways,NHAI,National Highways Authority of India [NHAI],,MoRTH,Transport & Logistics,False,False,Mega,4302.06,2026-07,2026-04,5,,,False
618603,6L of Kodugallur to Edapppally section from km 397.750 to km 423.780 of NH - 66 old NH-17,NHAI,N24001653,10431,color,Kerala,Kerala,2021-11-01,2022-10-01,2025-04-01,2027-05-01,3465.82,,True,2178.79,71.11,2026-08,Table 6,113,1075,Ministry of Road Transport & Highways,Roads & Highways,NHAI,National Highways Authority of India [NHAI],,MoRTH,Transport & Logistics,False,False,Mega,3606.2,2026-07,2026-04,5,,,False
618604,Aroor-Thuravoor Thekku,NHAI,N24001648,10432,color,Kerala,Kerala,2022-08-01,2023-02-01,2026-01-01,2026-12-01,2429.52,,True,1802.77,91.63,2026-08,Table 6,113,1076,Ministry of Road Transport & Highways,Roads & Highways,NHAI,National Highways Authority of India [NHAI],,MoRTH,Transport & Logistics,False,False,Mega,2382.83,2026-07,2026-04,5,,,False
618605,Thuravoor Thekku-Paravoor,NHAI,N24001651,10433,color,Kerala,Kerala,2021-09-01,2022-03-01,2024-09-01,2027-05-01,2878.97,,True,2533.61,81.49,2026-08,Table 6,113,1077,Ministry of Road Transport & Highways,Roads & Highways,NHAI,National Highways Authority of India [NHAI],,MoRTH,Transport & Logistics,False,False,Mega,2638.67,2026-07,2026-04,5,,,False
618606,Paravoor-Kottankulangara,NHAI,N24001649,10434,color,Kerala,Kerala,2021-12-01,2022-08-01,2025-02-01,2027-03-01,3273.61,,True,2863.51,71.2,2026-08,Table 6,113,1078,Ministry of Road Transport & Highways,Roads & Highways,NHAI,National Highways Authority of India [NHAI],,MoRTH,Transport & Logistics,False,False,Mega,3200.24,2026-07,2026-04,5,,,False
618607,Kottankulangara- Start of Kollam Bypass,NHAI,N24001657,10435,color,Kerala,Kerala,2021-06-01,2022-04-01,2024-10-01,2027-03-01,2842.14,,True,2373.22,73.89,2026-08,Table 6,113,1079,Ministry of Road Transport & Highways,Roads & Highways,NHAI,National Highways Authority of India [NHAI],,MoRTH,Transport & Logistics,False,False,Mega,3680.49,2026-07,2026-04,5,,,False
618708,Widening/Development of Existing NH-85 from Km 0.000 to Km 124.636 section to 2L/LPS section in the state of Kerala on EPC Mode under Bharatmala Pariyojana,NHAI,N24002074,10503,color,Kerala,Kerala,2022-09-01,2023-06-01,2025-06-01,2027-03-01,1187.47,,True,807.31,81.98,2026-08,Table 6,113,1080,Ministry of Road Transport & Highways,Roads & Highways,NHAI,National Highways Authority of India [NHAI],,MoRTH,Transport & Logistics,False,False,Mega,1265.47,2026-07,2026-04,5,,,False
619098,Kozhikode Bypass Calicut Bypass Vengalam Jn. to Ramanattukara Jn.,NHAI,N24000784,11776,color,Kerala,Kerala,2018-02-01,2021-02-01,2023-02-01,2026-09-01,1424.77,,True,1066.67,98.75,2026-08,Table 6,113,1081,Ministry of Road Transport & Highways,Roads & Highways,NHAI,National Highways Authority of India [NHAI],,MoRTH,Transport & Logistics,False,False,Mega,2139.18,2026-07,2026-04,5,,,False
619206,6L of Perole Nileshwar town to Taliparamba from Km 94.248 to Km 134.650 of NH-66,NHAI,,11896,color,Kerala,Kerala,2020-06-01,2021-10-01,2024-01-01,2027-03-01,3041.65,,True,2526.57,86.65,2026-08,Table 6,113,1082,Ministry of Road Transport & Highways,Roads & Highways,NHAI,National Highways Authority of India [NHAI],,MoRTH,Transport & Logistics,False,False,Mega,3867.66,2026-07,2026-04,5,,,False
619207,Start of Kollam Bypass - Kadambattukonam,NHAI,,11897,color,Kerala,Kerala,2021-06-01,2022-10-01,2025-03-01,2027-06-01,2641.37,,True,1990.79,81.8,2026-08,Table 6,113,1083,Ministry of Road Transport & Highways,Roads & Highways,NHAI,National Highways Authority of India [NHAI],,MoRTH,Transport & Logistics,False,False,Mega,3309.06,2026-07,2026-04,5,,,False
619208,Kadambattukonam-Kazhakuttom,NHAI,,11898,color,Kerala,Kerala,2021-12-01,2022-07-01,2025-01-01,2027-05-01,3635.64,,True,2124.38,44.34,2026-08,Table 6,113,1084,Ministry of Road Transport & Highways,Roads & Highways,NHAI,National Highways Authority of India [NHAI],,MoRTH,Transport & Logistics,False,False,Mega,3526.33,2026-07,2026-04,5,,,False
618408,Kargil Zanskar Road,NHIDCL,N24001348,,color,Ladakh,Ladakh,2021-03-01,2021-07-01,2023-01-01,2026-09-01,398.37,,True,344.61,98.09,2026-08,Table 6,113,1085,Ministry of Road Transport & Highways,Roads & Highways,NHIDCL,National Highways & Infrastructure Development Corporation Ltd. [NHIDCL],,MoRTH,Transport & Logistics,False,False,Major,398.37,2026-07,2026-04,5,,,False
618409,Widening & Up-gradation to 2 lane with Paved shoulder of NH-301 Kargil- Zanskar Road from Design km 57.000 Ex. Km. 57.905 to Km 87.000 Ex. Km. 88.2491 of 30.000 Km length Pkg-lll,NHIDCL,N24001345,,color,Ladakh,Ladakh,2021-03-01,2021-07-01,2023-01-01,2026-09-01,381.01,,True,316.16,95.09,2026-08,Table 6,113,1086,Ministry of Road Transport & Highways,Roads & Highways,NHIDCL,National Highways & Infrastructure Development Corporation Ltd. [NHIDCL],,MoRTH,Transport & Logistics,False,False,Major,381.01,2026-07,2026-04,5,,,False
618410,Widening & Up-gradation to 2 lane with paved shoulder of NH-301 Kargil- Zanskar Road from Design Km .30.040 Ex. Km. 30.000 to Design Km 57.000 Ex. Km. 57.905 of 26.960 Km length Pkg-II,NHIDCL,N24001344,,color,Ladakh,Ladakh,2021-03-01,2021-07-01,2023-01-01,2026-10-01,404.89,,True,377.66,89.87,2026-08,Table 6,114,1087,Ministry of Road Transport & Highways,Roads & Highways,NHIDCL,National Highways & Infrastructure Development Corporation Ltd. [NHIDCL],,MoRTH,Transport & Logistics,False,False,Major,404.89,2026-07,2026-04,5,,,False
617909,Construction of Rewa Bypass to 4-lane with paved shoulder along with service road from Ratahara Chowk to Chorhata Chowk Road section of NH-30 from km 00.000 to 19.200 in the State of Madhya Pradesh on Hybrid Annuity Mode HAM.,MoRTH,,10134,color,Madhya Pradesh,Madhya Pradesh,2024-03-01,2025-02-01,2027-02-01,2027-02-01,648.05,,True,119.26,67.0,2026-08,Table 6,114,1088,Ministry of Road Transport & Highways,Roads & Highways,MORTH,MoRTH,,MoRTH,Transport & Logistics,False,False,Major,648.05,2026-07,2026-04,5,,,False
617911,Rehabilitation and upgradation Umaria to Shahdol section of NH-78 from Existing Km. 68/4 to Km. 142/2 to 2LPS including construction of Birshinghpur and Shahdol Bypass on EPC mode under NHDP-IVA,MoRTH,N24000513,10135,color,Madhya Pradesh,Madhya Pradesh,2015-03-01,2015-08-01,2017-07-01,2026-09-01,511.83,,True,504.85,94.5,2026-08,Table 6,114,1089,Ministry of Road Transport & Highways,Roads & Highways,MORTH,MoRTH,,MoRTH,Transport & Logistics,False,False,Major,613.16,2026-07,2026-04,5,,,False
617914,Upgradation and reconstruction of Shahpura-Dindori Section of NH 45 from Km 103.700 Design to Km 164.580 Design including 3 bypasses Total length 60.88km to Two lane with paved shoulder configuration along with One time improvement in 03 nos of bypassed built-up areas in a total length of 12.341 km in the State of Madhya Pradesh on EPC mode,MoRTH,,,color,Madhya Pradesh,Madhya Pradesh,2022-03-01,2024-01-01,2025-12-01,2027-06-01,241.23,,True,129.86,41.25,2026-08,Table 6,114,1090,Ministry of Road Transport & Highways,Roads & Highways,MORTH,MoRTH,,MoRTH,Transport & Logistics,False,False,Major,250.09,2026-07,2026-04,5,,,False
618019,Upgradation & widening of Jharkheda- Berasia - Dholkhedi from design km 0000 to km 87900 Design length 87.90km of NH-346 including 3 nos. bypasses of 13.10 Km in the State of Madhya Pradesh under EPC mode.,MoRTH,N24001964,,color,Madhya Pradesh,Madhya Pradesh,2022-03-01,2023-05-01,2025-05-01,2026-09-01,365.21,,True,304.07,91.0,2026-08,Table 6,114,1091,Ministry of Road Transport & Highways,Roads & Highways,MORTH,MoRTH,,MoRTH,Transport & Logistics,False,False,Major,365.21,2026-07,2026-04,5,,,False
618020,"Rehabilitation & Upgradation of KurwaiMungaoliChanderi Road section of NH-346, from Design Chainge 0.000 to 81.300 Km Total length 83.1 km to Two lane with paved shoulder configuration along with One time improvement in 07 nos of bypassed built- up areas in a total length of 22.615 km in the state of Madhya Pradesh on EPC mode.",MoRTH,N24001965,,color,Madhya Pradesh,Madhya Pradesh,2022-03-01,2023-02-01,2025-02-01,2026-12-01,386.49,,True,242.83,67.57,2026-08,Table 6,114,1092,Ministry of Road Transport & Highways,Roads & Highways,MORTH,MoRTH,,MoRTH,Transport & Logistics,False,False,Major,386.49,2026-07,2026-04,5,,,False
618021,Up-gradation of Pichhore- Dinara section of NH-346 from Km 292.750 to 334.550 to two lane with paved shoulders in the state of Madhya Pradesh on EPC mode,MoRTH,,,color,Madhya Pradesh,Madhya Pradesh,2024-02-01,2025-12-01,2027-06-01,2027-06-01,425.97,,True,90.26,38.02,2026-08,Table 6,114,1093,Ministry of Road Transport & Highways,Roads & Highways,MORTH,MoRTH,,MoRTH,Transport & Logistics,False,False,Major,425.97,2026-07,2026-04,5,,,False
618035,Rehabilitation & Upgradation of existing intermediate lane to two Lane with paved shoulder from km. 0.600 Gulganj bypass on NH-34 to km. 43.00 Barna River length 42.400 km. on Gulganj-Amanganj-Pawai-Katni NH43 Extn. in the state of Madhya Pradesh on EPCmode.,MoRTH,,,color,Madhya Pradesh,Madhya Pradesh,2023-03-01,2024-11-01,2026-05-01,2026-12-01,275.4,,True,131.31,60.14,2026-08,Table 6,114,1094,Ministry of Road Transport & Highways,Roads & Highways,MORTH,MoRTH,,MoRTH,Transport & Logistics,False,False,Major,275.4,2026-07,2026-04,5,,,False
618036,Upgradation and reconstruction of existing intermediate lane to two Lane with paved shoulder configuration from km. 43.00 Barna River to km. 77.00 ken river length 34.00 km. on Gulganj-Amanganj-Pawai-Katni NH43 Extn. along with One time improvement in 01 no. of bypassed built-up area in a total length of 1.585 km in the state of Madhya Pradesh on EPCmode.,MoRTH,,,color,Madhya Pradesh,Madhya Pradesh,2023-03-01,2024-11-01,2026-11-01,2027-03-01,315.55,,True,119.05,43.0,2026-08,Table 6,114,1095,Ministry of Road Transport & Highways,Roads & Highways,MORTH,MoRTH,,MoRTH,Transport & Logistics,False,False,Major,315.55,2026-07,2026-04,5,,,False
618043,Upgradation and reconstruction of Dindori - Mandla Section of NH 543 from Km 77100 Design to Km 170580 Design Total length 93.48km to Two lane with paved shoulder configuration along with One time improvement in 04 nos of bypassed built-up areas in a total length of 7.23 km in the state of Madhya Pradesh on EPC mode,MoRTH,,10167,color,Madhya Pradesh,Madhya Pradesh,2022-03-01,2024-01-01,2026-07-01,2026-09-01,492.12,,True,309.82,88.0,2026-08,Table 6,114,1096,Ministry of Road Transport & Highways,Roads & Highways,MORTH,MoRTH,,MoRTH,Transport & Logistics,False,False,Major,523.71,2026-07,2026-04,5,,,False
618044,Upgradation of Shahdol- Sagartola Section of NH 543 from km 0000 to km 69400 to 2 lane with paved shoulders under Hybrid Annuity Mode HAM in the State of Madhya Pradesh,MoRTH,,12152,color,Madhya Pradesh,Madhya Pradesh,2024-02-01,2026-03-01,2028-03-01,2028-03-01,851.4,,True,49.32,12.06,2026-08,Table 6,114,1097,Ministry of Road Transport & Highways,Roads & Highways,MORTH,MoRTH,,MoRTH,Transport & Logistics,False,False,Major,851.4,2026-07,2026-04,5,2026-04,,False
618068,"Construction of Kaithi-Padaria Kala bypass, Patna-Tamoli bypass, Jaso bypass and Nagod bypass total length 15.44 Km to 2-lane with paved shoulders flexible pavement on NH-943 in the State of Madhya Pradesh on EPC Mode.",MoRTH,N24002020,,color,Madhya Pradesh,Madhya Pradesh,2022-03-01,2023-10-01,2025-10-01,2026-12-01,158.36,,True,63.03,62.8,2026-08,Table 6,114,1098,Ministry of Road Transport & Highways,Roads & Highways,MORTH,MoRTH,,MoRTH,Transport & Logistics,False,False,Major,158.36,2026-07,2026-04,5,,,False
618085,Upgradation of Nasrullagani-Rehti-Budhni Scction to 2-lane with paved shoulder from Km 0150 to Km 50500 of NH-146B in the state of Madhya Pradesh on EPC mode.,MoRTH,N24001963,,color,Madhya Pradesh,Madhya Pradesh,2021-12-01,2023-04-01,2024-10-01,2026-10-01,305.12,,True,237.68,92.33,2026-08,Table 6,114,1099,Ministry of Road Transport & Highways,Roads & Highways,MORTH,MoRTH,,MoRTH,Transport & Logistics,False,False,Major,293.74,2026-07,2026-04,5,,,False
618129,"Construction of Kasrawad bypass, Selani bypass, Khargone bypass & Bistan bypass Total length. 31.950 km Section of NH-347 C to Two lane with paved shoulder configuration in the State of Madhya Pradesh on EPC mode.",MoRTH,,,color,Madhya Pradesh,Madhya Pradesh,2023-03-01,2024-12-01,2026-12-01,2026-12-01,467.93,,True,269.61,99.15,2026-08,Table 6,114,1100,Ministry of Road Transport & Highways,Roads & Highways,MORTH,MoRTH,,MoRTH,Transport & Logistics,False,False,Major,467.93,2026-07,2026-04,5,,,False
618156,"Construction of Morena bypass, Ambah bypass & Porsa bypass Totat length 27.16 km Section of NH-552 Ext. to TWo lane with paved shoulder configuration in the state of Madhya Pradesh on EPC mode",MoRTH,,,color,Madhya Pradesh,Madhya Pradesh,2023-02-01,2024-10-01,2026-10-01,2026-10-01,492.66,,True,314.26,75.0,2026-08,Table 6,114,1101,Ministry of Road Transport & Highways,Roads & Highways,MORTH,MoRTH,,MoRTH,Transport & Logistics,False,False,Major,492.66,2026-07,2026-04,5,,,False
618157,Construction of Ater realignment & Bhind bypass Total length. 21.50 km Section of NH-552Extn. to Two lane with paved shoulder configuration in the State of Madhya Pradesh on EPC mode.,MoRTH,,,color,Madhya Pradesh,Madhya Pradesh,2023-03-01,2024-12-01,2026-06-01,2026-12-01,348.06,,True,103.82,69.95,2026-08,Table 6,115,1102,Ministry of Road Transport & Highways,Roads & Highways,MORTH,MoRTH,,MoRTH,Transport & Logistics,False,False,Major,348.06,2026-07,2026-04,5,,DQ13,False
618158,"Upgradation of Goras to Shyampur Road section of NH-552 Ext., from Design Chainge 48.400 to 111.800 Km Total length 63.40 km to two lane with paved shoulder configuration along with One time improvement of 8.91 km in the state of Madhya Pradesh on EPC mode",MoRTH,,,color,Madhya Pradesh,Madhya Pradesh,2023-03-01,2024-12-01,2026-12-01,2026-12-01,416.96,,True,56.68,16.84,2026-08,Table 6,115,1103,Ministry of Road Transport & Highways,Roads & Highways,MORTH,MoRTH,,MoRTH,Transport & Logistics,False,False,Major,416.96,2026-07,2026-04,5,,,False
618170,Construction of Two lane with paved shoulder configuration of Shujalpur Bypass section of NH-752C from km 33100 Design to km. 42570 Design total design length 10.470 km in the State of Madhya Pradesh on EPC mode.,MoRTH,,,color,Madhya Pradesh,Madhya Pradesh,2023-03-01,2024-03-01,2025-09-01,2026-12-01,214.07,,True,69.76,46.76,2026-08,Table 6,115,1104,Ministry of Road Transport & Highways,Roads & Highways,MORTH,MoRTH,,MoRTH,Transport & Logistics,False,False,Major,214.07,2026-07,2026-04,5,,,False
618171,"Work of Upgradation of Jirapur-Pachore Road including Pachore, Jirapur, Chhapiheda & Khujner Bypasses from 0000 to 58790 Design Length 58.79 Km section of NH-752C to 2LPS in the State of Madhya Pradesh under EPC mode",MoRTH,,,color,Madhya Pradesh,Madhya Pradesh,2022-03-01,2024-01-01,2026-01-01,2026-12-01,352.69,,True,167.59,57.26,2026-08,Table 6,115,1105,Ministry of Road Transport & Highways,Roads & Highways,MORTH,MoRTH,,MoRTH,Transport & Logistics,False,False,Major,352.69,2026-07,2026-04,5,,,False
618619,Bypass on Western side of Gwalior City,NHAI,,,color,Madhya Pradesh,Madhya Pradesh,2025-03-01,2026-01-01,2028-01-01,2028-01-01,998.95,,True,227.59,0.0,2026-08,Table 6,115,1106,Ministry of Road Transport & Highways,Roads & Highways,NHAI,National Highways Authority of India [NHAI],,MoRTH,Transport & Logistics,False,False,Major,998.95,2026-07,2026-04,5,,,False
618620,"Additional works 2VUPs, MR-10 junction flyover and underpass in Six lane Indore- Dewas section of NH-52 in the state of Madhya Pradesh on EPC Mode",NHAI,,,color,Madhya Pradesh,Madhya Pradesh,2022-08-01,2023-01-01,2024-07-01,2027-03-01,207.77,,True,155.24,90.18,2026-08,Table 6,115,1107,Ministry of Road Transport & Highways,Roads & Highways,NHAI,National Highways Authority of India [NHAI],,MoRTH,Transport & Logistics,False,False,Major,211.27,2026-07,2026-04,5,,,False
618621,Indore - Edlabad Pkg-II [Tejajinagar to Balwara],NHAI,N24002070,10445,color,Madhya Pradesh,Madhya Pradesh,2022-03-01,2023-01-01,2025-01-01,2026-12-01,1162.8,,True,824.5,87.8,2026-08,Table 6,115,1108,Ministry of Road Transport & Highways,Roads & Highways,NHAI,National Highways Authority of India [NHAI],,MoRTH,Transport & Logistics,False,False,Mega,1530.82,2026-07,2026-04,5,,,False
618622,4L of Indore - Boregaon Pkg-III [Balwara to Dhangaon] from km. 42.260 to km. 82.660 of NH347BG & 753L,NHAI,N24001767,10446,color,Madhya Pradesh,Madhya Pradesh,2021-01-01,2022-04-01,2024-04-01,2026-10-01,1001.69,,True,835.16,92.5,2026-08,Table 6,115,1109,Ministry of Road Transport & Highways,Roads & Highways,NHAI,National Highways Authority of India [NHAI],,MoRTH,Transport & Logistics,False,False,Mega,888.81,2026-07,2026-04,5,,,False
618623,4L Boregaon Buzurg to Shahpur Pkg I of Boregaon Buzurg to Muktainagar of NH 753L,NHAI,,10447,color,Madhya Pradesh,Madhya Pradesh,2022-11-01,2024-02-01,2026-01-01,2026-10-01,1504.37,,True,556.92,92.5,2026-08,Table 6,115,1110,Ministry of Road Transport & Highways,Roads & Highways,NHAI,National Highways Authority of India [NHAI],,MoRTH,Transport & Logistics,False,False,Mega,1132.34,2026-07,2026-04,5,,,False
618654,4L Greenfield Rudhi to Deshgaon Pkg V of Betul-Khandwa/Deshgaon,NHAI,N24001967,,color,Madhya Pradesh,Madhya Pradesh,2022-11-01,2023-10-01,2025-10-01,2027-03-01,521.21,,True,216.6,63.79,2026-08,Table 6,115,1111,Ministry of Road Transport & Highways,Roads & Highways,NHAI,National Highways Authority of India [NHAI],,MoRTH,Transport & Logistics,False,False,Major,469.68,2026-07,2026-04,5,,,False
618655,2L PS of Roshni to Ashapur Section of NH-347B from Design KM Ch. 89.900 to 114.000 KM Package III of Betul Khandwa,NHAI,,,color,Madhya Pradesh,Madhya Pradesh,2024-03-01,2024-08-01,2026-08-01,2026-09-01,200.99,,True,132.61,100.0,2026-08,Table 6,115,1112,Ministry of Road Transport & Highways,Roads & Highways,NHAI,National Highways Authority of India [NHAI],,MoRTH,Transport & Logistics,False,False,Major,120.75,2026-07,2026-04,5,,,False
618661,4L from km 0.000 to 42.040 Bhopal Ratnaigiri Tiraha to Vidisha Morikodi,NHAI,,10468,color,Madhya Pradesh,Madhya Pradesh,2024-10-01,2025-11-01,2027-11-01,2027-11-01,1032.3,,True,194.11,20.23,2026-08,Table 6,115,1113,Ministry of Road Transport & Highways,Roads & Highways,NHAI,National Highways Authority of India [NHAI],,MoRTH,Transport & Logistics,False,False,Mega,1038.18,2026-07,2026-04,5,,,False
618662,4L Vidisha Gyaraspur section of NH-146 from Design Chainage km 59475 existing chainage km 81240 to Design Chainage km 88361 existing chainage km 110.315,NHAI,,12086,color,Madhya Pradesh,Madhya Pradesh,2024-10-01,2026-03-01,2028-03-01,2028-03-01,980.2,,True,113.19,12.25,2026-08,Table 6,115,1114,Ministry of Road Transport & Highways,Roads & Highways,NHAI,National Highways Authority of India [NHAI],,MoRTH,Transport & Logistics,False,False,Major,980.2,2026-07,2026-04,5,2026-04,,False
618663,i 4L Vidisha to Hinotiya from km 0.000 to Km 27.000 Vidisha Mehulwa-Talbehat Pkg- I Section of NH- 346 and ii 4L Vidisha to Morikori from Km 39.000 to 59.476 section of NH-146,NHAI,N24002077,10469,color,Madhya Pradesh,Madhya Pradesh,2022-09-01,2023-12-01,2025-12-01,2026-12-01,1003.87,,True,434.21,90.04,2026-08,Table 6,115,1115,Ministry of Road Transport & Highways,Roads & Highways,NHAI,National Highways Authority of India [NHAI],,MoRTH,Transport & Logistics,False,False,Mega,941.12,2026-07,2026-04,5,,,False
618664,Berkhedi to Godpehra on NH-44 Sagar link road,NHAI,N24001614,,color,Madhya Pradesh,Madhya Pradesh,2022-02-01,2022-11-01,2024-11-01,2026-12-01,524.84,,True,391.54,93.05,2026-08,Table 6,115,1116,Ministry of Road Transport & Highways,Roads & Highways,NHAI,National Highways Authority of India [NHAI],,MoRTH,Transport & Logistics,False,False,Major,471.31,2026-07,2026-04,5,,,False
618666,4- Laning of Mohari to Satai Ghat section NH-934 from Km 50300 to Km 89875 Total length 39.575 km Package-2 in the State of Madhya Pradesh on EPC Mode,NHAI,,10471,color,Madhya Pradesh,Madhya Pradesh,2022-08-01,2024-08-01,2026-08-01,2026-09-01,710.92,,True,533.05,99.91,2026-08,Table 6,115,1117,Ministry of Road Transport & Highways,Roads & Highways,NHAI,National Highways Authority of India [NHAI],,MoRTH,Transport & Logistics,False,False,Major,539.08,2026-07,2026-04,5,,,False
618667,4L of near Satai Ghat to Chowka section of NH-34 from D. Ch. 89.875 to D. Ch. 145.000 Package-3,NHAI,,10472,color,Madhya Pradesh,Madhya Pradesh,2024-10-01,2025-10-01,2027-10-01,2027-10-01,1005.59,,True,224.7,38.26,2026-08,Table 6,115,1118,Ministry of Road Transport & Highways,Roads & Highways,NHAI,National Highways Authority of India [NHAI],,MoRTH,Transport & Logistics,False,False,Mega,882.21,2026-07,2026-04,5,,,False
618671,4-lanning of Rahatgarh to Berkhedi section of NH-146 from Design Ch 124470 to Ch. 134.549,NHAI,,,color,Madhya Pradesh,Madhya Pradesh,2025-03-01,2025-12-01,2027-12-01,2027-12-01,618.33,,True,53.19,14.6,2026-08,Table 6,115,1119,Ministry of Road Transport & Highways,Roads & Highways,NHAI,National Highways Authority of India [NHAI],,MoRTH,Transport & Logistics,False,False,Major,342.69,2026-07,2026-04,5,,,False
618672,4-lanning of Gyaraspur to Rahatgarh section of NH-146 from Design Ch. 88361 to Ch 124470 in the state of MP on HAM mode,NHAI,,10475,color,Madhya Pradesh,Madhya Pradesh,2024-10-01,2025-11-01,2027-11-01,2027-11-01,903.44,,True,191.87,35.25,2026-08,Table 6,116,1120,Ministry of Road Transport & Highways,Roads & Highways,NHAI,National Highways Authority of India [NHAI],,MoRTH,Transport & Logistics,False,False,Major,592.44,2026-07,2026-04,5,,,False
618684,Outer Ring Road of Jabalpur Town from Manegaon to NH-45 Pkg-2,NHAI,,10486,color,Madhya Pradesh,Madhya Pradesh,2022-11-01,2024-03-01,2026-03-01,2027-03-01,917.26,,True,529.01,78.75,2026-08,Table 6,116,1121,Ministry of Road Transport & Highways,Roads & Highways,NHAI,National Highways Authority of India [NHAI],,MoRTH,Transport & Logistics,False,False,Major,786.47,2026-07,2026-04,5,,,False
618685,Outer Ring Road of Jabalpur Town from NH45 to Kushner Pkg-3,NHAI,,10487,color,Madhya Pradesh,Madhya Pradesh,2022-09-01,2024-03-01,2026-03-01,2026-12-01,911.24,,True,552.62,79.8,2026-08,Table 6,116,1122,Ministry of Road Transport & Highways,Roads & Highways,NHAI,National Highways Authority of India [NHAI],,MoRTH,Transport & Logistics,False,False,Major,773.23,2026-07,2026-04,5,,,False
618686,Outer Ring Road of Jabalpur Town from Kushner to Amjhar Road including Airport Connectivity Pkg-IV,NHAI,,10488,color,Madhya Pradesh,Madhya Pradesh,2022-08-01,2024-03-01,2026-03-01,2027-03-01,612.94,,True,369.68,79.63,2026-08,Table 6,116,1123,Ministry of Road Transport & Highways,Roads & Highways,NHAI,National Highways Authority of India [NHAI],,MoRTH,Transport & Logistics,False,False,Major,509.82,2026-07,2026-04,5,,,False
618687,Outer Ring Road of Jabalpur Town from Barela to Manegaon Pkg-1,NHAI,N24002068,10489,color,Madhya Pradesh,Madhya Pradesh,2022-09-01,2023-03-01,2025-03-01,2027-03-01,652.33,,True,501.21,89.72,2026-08,Table 6,116,1124,Ministry of Road Transport & Highways,Roads & Highways,NHAI,National Highways Authority of India [NHAI],,MoRTH,Transport & Logistics,False,False,Major,651.88,2026-07,2026-04,5,,,False
618688,Outer Ring Road of Jabalpur Town from Amjhar Road including Airport Connectivity to barela Pkg-V,NHAI,,10490,color,Madhya Pradesh,Madhya Pradesh,2024-10-01,2025-10-01,2027-10-01,2027-10-01,794.7,,True,105.49,32.38,2026-08,Table 6,116,1125,Ministry of Road Transport & Highways,Roads & Highways,NHAI,National Highways Authority of India [NHAI],,MoRTH,Transport & Logistics,False,False,Major,539.9,2026-07,2026-04,5,,,False
618694,Indore - Harda Pkg-I [Indore to Raghav Garh from km. 0.25 to km. 26.903],NHAI,N24001766,10495,color,Madhya Pradesh,Madhya Pradesh,2022-01-01,2022-11-01,2024-10-01,2026-09-01,1011.29,,True,710.89,96.09,2026-08,Table 6,116,1126,Ministry of Road Transport & Highways,Roads & Highways,NHAI,National Highways Authority of India [NHAI],,MoRTH,Transport & Logistics,False,False,Mega,813.03,2026-07,2026-04,5,,,False
618735,4L of Chandesara to Khedakhajuriya from Km. 0.000 to - 750 & Km 0.000 to km 41.400 of NH-148NG Pkg-I,NHAI,N24001759,10525,color,Madhya Pradesh,Madhya Pradesh,2021-12-01,2022-09-01,2024-05-01,2027-03-01,909.84,,True,587.82,99.0,2026-08,Table 6,116,1127,Ministry of Road Transport & Highways,Roads & Highways,NHAI,National Highways Authority of India [NHAI],,MoRTH,Transport & Logistics,False,False,Major,976.55,2026-07,2026-04,5,,,False
618751,2L PS of Hinotiya-Mehulwa section of NH-346 from Km. 27.000 to Km 75.700 Vidisha Mehulwa-Talbehat Pkg-II Section of NH- 346,NHAI,N24001921,10537,color,Madhya Pradesh,Madhya Pradesh,2022-10-01,2023-09-01,2025-09-01,2027-03-01,581.65,,True,274.61,69.04,2026-08,Table 6,116,1128,Ministry of Road Transport & Highways,Roads & Highways,NHAI,National Highways Authority of India [NHAI],,MoRTH,Transport & Logistics,False,False,Major,592.71,2026-07,2026-04,5,,,False
618762,Itarsi Km. 63.000 to Betul Km. 137.000 of NH-69 in Madhya Pradesh,NHAI,,10544,color,Madhya Pradesh,Madhya Pradesh,2017-08-01,2018-02-01,2020-02-01,2026-12-01,950.27,,True,666.78,100.0,2026-08,Table 6,116,1129,Ministry of Road Transport & Highways,Roads & Highways,NHAI,National Highways Authority of India [NHAI],,MoRTH,Transport & Logistics,False,False,Major,788.33,2026-07,2026-04,5,,,False
618784,Balance works of 4 lane divided carriageway of Missing Link section of NH-39 Rewa Bypass from junction with NH 30 near Bela to Junction with MPRDC ring road near Silpara on SH 9 design length 13.100 km on EPC Mode under Bharatmala Pariyojana in the State of Madhya Pradesh,NHAI,,,color,Madhya Pradesh,Madhya Pradesh,2023-08-01,2024-04-01,2026-04-01,2027-01-01,355.36,,True,264.26,84.44,2026-08,Table 6,116,1130,Ministry of Road Transport & Highways,Roads & Highways,NHAI,National Highways Authority of India [NHAI],,MoRTH,Transport & Logistics,False,False,Major,355.36,2026-07,2026-04,5,,,False
618932,Construction of 6 lane Indore western bypass from km 0000 to Km 34000 Pkg -l in the State of Madhya Pradesh on Hybrid Annuity Mode under NHO,NHAI,,,color,Madhya Pradesh,Madhya Pradesh,2024-02-01,2026-01-01,2027-12-01,2027-12-01,1534.7,,True,721.68,27.6,2026-08,Table 6,116,1131,Ministry of Road Transport & Highways,Roads & Highways,NHAI,National Highways Authority of India [NHAI],,MoRTH,Transport & Logistics,False,False,Mega,1472.68,2026-07,2026-04,5,,,False
618933,Construction of 6 lane Indore western bypass from km 34000 to Km 64000 Pkg-II in the state of Madhya Pradesh on Hybrid Annuity Mode under NHO,NHAI,,11878,color,Madhya Pradesh,Madhya Pradesh,2024-03-01,2026-02-01,2028-02-01,2028-02-01,1430.56,,True,881.78,17.5,2026-08,Table 6,116,1132,Ministry of Road Transport & Highways,Roads & Highways,NHAI,National Highways Authority of India [NHAI],,MoRTH,Transport & Logistics,False,False,Mega,1430.56,2026-07,2026-04,5,,,False
618962,4L of Budhni to Shahganj Bypass End Package-III of NH-146B from Km. 73.750 to Km. 102.000,NHAI,,10695,color,Madhya Pradesh,Madhya Pradesh,2024-03-01,2025-08-01,2027-08-01,2027-08-01,1102.97,,True,196.81,28.95,2026-08,Table 6,116,1133,Ministry of Road Transport & Highways,Roads & Highways,NHAI,National Highways Authority of India [NHAI],,MoRTH,Transport & Logistics,False,False,Mega,770.21,2026-07,2026-04,5,,,False
618963,Construction work of 4-laning of Shahganj bypass end to Badi Package-IV of NH-146B from design km 102.000 to design km 142.357 Design length 40.357 km,NHAI,,10696,color,Madhya Pradesh,Madhya Pradesh,2024-02-01,2025-03-01,2027-03-01,2027-03-01,784.14,,True,347.21,53.6,2026-08,Table 6,116,1134,Ministry of Road Transport & Highways,Roads & Highways,NHAI,National Highways Authority of India [NHAI],,MoRTH,Transport & Logistics,False,False,Major,836.64,2026-07,2026-04,5,,,False
618964,4 Laning of Sandalpur to Nasrullaganj Pkg-1 section of NH-146B Length 43.2 Km.,NHAI,,,color,Madhya Pradesh,Madhya Pradesh,2025-03-01,2026-01-01,2028-01-01,2028-01-01,1425.98,,True,198.59,11.57,2026-08,Table 6,116,1135,Ministry of Road Transport & Highways,Roads & Highways,NHAI,National Highways Authority of India [NHAI],,MoRTH,Transport & Logistics,False,False,Mega,1425.98,2026-07,2026-04,5,,,False
618966,Six laning with both sides Service Road of Ayodhya Bypass from Design Km 0000 near Ashram Tiraha on NH-46 to Km 16439 end at Ratnagiri Tiraha on Nh-146,NHAI,,10697,color,Madhya Pradesh,Madhya Pradesh,2024-02-01,2025-08-01,2027-08-01,2027-08-01,1123.17,,True,177.29,21.61,2026-08,Table 6,116,1136,Ministry of Road Transport & Highways,Roads & Highways,NHAI,National Highways Authority of India [NHAI],,MoRTH,Transport & Logistics,False,False,Mega,1103.22,2026-07,2026-04,5,,,False
619007,Upgradation of Sarvardewla to Pal MP/MH Border Road section of NH-347 C from Design Chainge km 81.600 to 137.400 Total length 55.80 km to two lane with paved shoulder configuration along with One time improvement of 1 .95 km in the State of Madhya Pradesh on EPC mode.,MoRTH,,,color,Madhya Pradesh,Madhya Pradesh,2023-03-01,2026-01-01,2028-01-01,2028-01-01,461.23,,True,22.2,3.1,2026-08,Table 6,116,1137,Ministry of Road Transport & Highways,Roads & Highways,MORTH,MoRTH,,MoRTH,Transport & Logistics,False,False,Major,461.23,2026-07,2026-04,5,,,False
619100,Dhangaon - Borgaon section km 81.000 to km 139.000 [Indore - Edlabad Pkg IV],NHAI,,11778,color,Madhya Pradesh,Madhya Pradesh,2020-01-01,2021-08-01,2023-08-01,2026-10-01,866.0,,True,746.6,99.8,2026-08,Table 6,116,1138,Ministry of Road Transport & Highways,Roads & Highways,NHAI,National Highways Authority of India [NHAI],,MoRTH,Transport & Logistics,False,False,Major,1185.04,2026-07,2026-04,5,,,False
619114,Indore - Harda Pkg-II [Raghavgarh to Nanasa from km. 29.30 to km. 92.30],NHAI,,11787,color,Madhya Pradesh,Madhya Pradesh,2023-01-01,2024-03-01,2026-03-01,2027-06-01,1081.51,,True,370.33,40.25,2026-08,Table 6,117,1139,Ministry of Road Transport & Highways,Roads & Highways,NHAI,National Highways Authority of India [NHAI],,MoRTH,Transport & Logistics,False,False,Mega,1146.63,2026-07,2026-04,5,,,False
619304,Balance work for rehabilitation and upgradation of Sidhi -Singrauli Road from Km 82/400 to Km 187/99 Design Length 105.59 Km of NH-39 Old NH-75E to four lane with paved shoulder in the State of Madhya Pradesh on Item Rate Mode.,NHAI,,,color,Madhya Pradesh,Madhya Pradesh,2026-01-01,2026-05-01,2028-05-01,2028-05-01,568.32,,True,4.09,0.0,2026-08,Table 6,117,1140,Ministry of Road Transport & Highways,Roads & Highways,NHAI,National Highways Authority of India [NHAI],,MoRTH,Transport & Logistics,False,False,Major,,,2026-08,1,2026-08,,False
617912,Construction of 6 lane flyover from Khapari ROB to Mihan Interchange design chainage km 8760 to 11450 L- 2.69 km and upgradation of existing 4L PS road to 6LPS with service road by flexible pavement design chainage km 11450 to 14500 L- 3.05 [total project length 5.74 km] in section of Nagpur - Hyderabad NH-44 Old NH-7 in Nagpur district in the state of Maharashtra on HAM mode.,MoRTH,,10136,color,Maharashtra,Maharashtra,2024-03-01,2025-10-01,2027-10-01,2027-10-01,619.55,,True,22.85,12.21,2026-08,Table 6,117,1141,Ministry of Road Transport & Highways,Roads & Highways,MORTH,MoRTH,,MoRTH,Transport & Logistics,False,False,Major,619.55,2026-07,2026-04,5,,,False
617932,Construction of New Four Lane Bypass to Parbhani City Parwa to Asola Km 463/265 to Km 481/180 Design Ch. 19220 to Ch. 34434 Length-15.214 Km section of NH-61 on EPC mode in the State of Maharashtra.,MoRTH,N24001882,,color,Maharashtra,Maharashtra,2022-03-01,2023-07-01,2024-10-01,2026-10-01,496.64,,True,216.62,73.0,2026-08,Table 6,117,1142,Ministry of Road Transport & Highways,Roads & Highways,MORTH,MoRTH,,MoRTH,Transport & Logistics,False,False,Major,496.64,2026-07,2026-04,5,,,False
617934,Nasratpur to Barasgaon section of NH-61 2L / 4L PS from Km.514/00 to 558/200,MoRTH,N24001112,,color,Maharashtra,Maharashtra,2017-07-01,2017-09-01,2019-09-01,2026-08-01,406.54,,True,528.24,95.84,2026-08,Table 6,117,1143,Ministry of Road Transport & Highways,Roads & Highways,MORTH,MoRTH,,MoRTH,Transport & Logistics,False,False,Major,406.54,2026-07,2026-04,5,,,False
617937,Udgir Raavi Degloor Aadampur phata to Sagroli fata,MoRTH,,12150,color,Maharashtra,Maharashtra,2024-11-01,2026-04-01,2028-04-01,,809.77,,True,42.26,20.0,2026-08,Table 6,117,1144,Ministry of Road Transport & Highways,Roads & Highways,MORTH,MoRTH,,MoRTH,Transport & Logistics,False,False,Major,809.77,2026-07,2026-04,5,2026-04,,False
617938,Rehabilitation And Upgradation to four lane with paved shoulder configuration from km 24350 to km 61875 Jawale - Borgaon Kale of NH-63 in the State of Maharashtra on EPC mode under Annual Plan 2024-25 Total length - 37.525 Km.,MoRTH,,10142,color,Maharashtra,Maharashtra,2024-12-01,2025-09-01,2027-03-01,2027-03-01,574.18,,True,28.75,20.0,2026-08,Table 6,117,1145,Ministry of Road Transport & Highways,Roads & Highways,MORTH,MoRTH,,MoRTH,Transport & Logistics,False,False,Major,574.18,2026-07,2026-04,5,,,False
617945,Balance work of NH-66 from design Km 84/00 to Km 87/100 Indapur Bypass and Km 91/600 to Km 99/100 Mangaon Bypass to four lane with paved shoulder in State of Maharashtra under NHO on EPC Mode.,MoRTH,,,color,Maharashtra,Maharashtra,2025-03-01,2025-10-01,2027-04-01,2027-04-01,354.21,,True,156.44,70.34,2026-08,Table 6,117,1146,Ministry of Road Transport & Highways,Roads & Highways,MORTH,MoRTH,,MoRTH,Transport & Logistics,False,False,Major,354.21,2026-07,2026-04,5,,,False
617946,Kashedi to Parshuram Ghat section of NH-66 from Km 161/600 - Km 205/400 - 4L PS,MoRTH,N24000584,10147,color,Maharashtra,Maharashtra,2016-03-01,2018-02-01,2020-02-01,2025-12-01,1142.62,,True,1241.63,97.5,2026-08,Table 6,117,1147,Ministry of Road Transport & Highways,Roads & Highways,MORTH,MoRTH,,MoRTH,Transport & Logistics,False,False,Mega,1142.62,2026-07,2026-04,5,,,False
617947,Arawali Kante section of NH-17New NH-66 4L PS from Km.241/300 to 281/300,MoRTH,N24000585,10148,color,Maharashtra,Maharashtra,2016-03-01,2017-11-01,2019-11-01,2026-03-01,1006.99,,True,773.14,80.06,2026-08,Table 6,117,1148,Ministry of Road Transport & Highways,Roads & Highways,MORTH,MoRTH,,MoRTH,Transport & Logistics,False,False,Mega,1443.09,2026-07,2026-04,5,,,False
617948,Kante - Wakad section of NH-66 4L PS from Km.281/300 to 332/200,MoRTH,N24001134,10149,color,Maharashtra,Maharashtra,2016-03-01,2017-11-01,2019-11-01,2025-11-01,1117.75,,True,1315.34,90.14,2026-08,Table 6,117,1149,Ministry of Road Transport & Highways,Roads & Highways,MORTH,MoRTH,,MoRTH,Transport & Logistics,False,False,Mega,2020.56,2026-07,2026-04,5,,,False
617965,Kopargaon to Savali Vihir section,MoRTH,N24001904,,color,Maharashtra,Maharashtra,2022-06-01,2023-01-01,2024-07-01,2026-09-01,195.38,,True,105.16,93.5,2026-08,Table 6,117,1150,Ministry of Road Transport & Highways,Roads & Highways,MORTH,MoRTH,,MoRTH,Transport & Logistics,False,False,Major,195.38,2026-07,2026-04,5,,,False
617978,"Rehabilitation, upgradation & widening of existing highway to 2L/4LPS Rigid Pavement of NH 160 section- Phaltan to Mhaishal near Karnataka Border including Tasgaon Bypass, from existing chainage Km 301/430 to Km 458/415 in the State of Maharashtra- Package-II & Package III combined- starting from existing chainage Km 341/300 to Km 394/130 and design chainage Km 340/250 at Dahiwadi Village to Km 392/950 ending at Vita Village in the State of Maharashtra on EPC Mode.",MoRTH,,10155,color,Maharashtra,Maharashtra,2024-03-01,2025-05-01,2027-05-01,2027-05-01,631.76,,True,303.71,88.3,2026-08,Table 6,117,1151,Ministry of Road Transport & Highways,Roads & Highways,MORTH,MoRTH,,MoRTH,Transport & Logistics,False,False,Major,631.76,2026-07,2026-04,5,,,False
617979,"Rehabilitation, upgradation & widening of existing highway to 2L/4LPS Rigid Pavement of NH 160 section- Phaltan to Mhaisal near Karnataka Border including Tasgaon Bypass, from existing chainage Km 301/430 to Km 458/415 in the State of Maharashtra. Package-I starting from existing chainage Km 301/430 at Phaltan Village Junction of Phaltan Baramati Road Design Chainage -301/430km & ending at existing chainage Km 341/300 Dahiwadi Village Bus Stop Design chainage Km 340466km in the S",MoRTH,,10156,color,Maharashtra,Maharashtra,2024-03-01,2025-05-01,2027-05-01,2027-05-01,533.76,,True,217.44,77.07,2026-08,Table 6,117,1152,Ministry of Road Transport & Highways,Roads & Highways,MORTH,MoRTH,,MoRTH,Transport & Logistics,False,False,Major,533.76,2026-07,2026-04,5,,,False
618042,"Rehabilitation/ Upgradation of existing Highway to four lane standards in Kurkheda town from km.413257 to km 410775, Two lane in Shankarpur Gurnuli km 42400 to km 43100 section and Reconstruction of Major Bridge at Ch. 448558 Bhuti Nallah and Ch. 411695 Sati River bridge, Minor Bridge at Ch. 411477 and Ch. 405800 Lendhari Bridge of NH 543 Bhamhapuri-wadsa-kurkheda-korchi-Deori-Amgaon road on EPC mode in the State of Maharashtra",MoRTH,N24002170,,color,Maharashtra,Maharashtra,2022-03-01,2023-11-01,2025-05-01,2026-12-01,163.86,,True,62.18,50.25,2026-08,Table 6,117,1153,Ministry of Road Transport & Highways,Roads & Highways,MORTH,MoRTH,,MoRTH,Transport & Logistics,False,False,Major,163.86,2026-07,2026-04,5,,,False
618047,"Widening, Reconstruction & Up-gradation to 2 lane with Paved Shoulder/Four Lane configuration for the work of Ahmednagar to Sabalkhed & Ashti to Chinchpur Section of NH-561 from Design km 2915 to km 37728 & Design km 55100 to km 70000 in the State of Maharashtra on EPC mode. Length 49.713 km",MoRTH,,10168,color,Maharashtra,Maharashtra,2024-03-01,2025-05-01,2027-05-01,2027-05-01,657.16,,True,383.14,93.93,2026-08,Table 6,117,1154,Ministry of Road Transport & Highways,Roads & Highways,MORTH,MoRTH,,MoRTH,Transport & Logistics,False,False,Major,657.16,2026-07,2026-04,5,,,False
618049,Up-gradation to 2/4 lane with paved shoulder configuration of NH-652 from Tuljapur Naldurg-Akkalkot road Chainage from Km. 00.000 to km 30.982 in the State of Maharashtra on EPC mode.,MoRTH,,,color,Maharashtra,Maharashtra,2024-03-01,2025-01-01,2026-07-01,2026-09-01,183.41,,True,85.7,98.0,2026-08,Table 6,118,1155,Ministry of Road Transport & Highways,Roads & Highways,MORTH,MoRTH,,MoRTH,Transport & Logistics,False,False,Major,183.41,2026-07,2026-04,5,,,False
618059,Construction of four-lane Concrete Road from Police Headquarter Gondia City to Rawanwadi Village Birsi Airport Junction from design km 0.000 to km 15.781 existing km 39/720 of NH-753 to existing Km 8/400 of NH 543 on sections from Kohmara- Goregaon- Police HeadquarterKaranja - Collector Office Square - Balaghat T Point- Rawanwadi- Rajegaon of NH-753 and NH-543 in Gondia District in the state of Maharashtra. Total Length of the project 15.781 Km.,MoRTH,N24002175,,color,Maharashtra,Maharashtra,2023-02-01,2024-02-01,2025-08-01,2026-10-01,328.11,,True,111.48,34.15,2026-08,Table 6,118,1156,Ministry of Road Transport & Highways,Roads & Highways,MORTH,MoRTH,,MoRTH,Transport & Logistics,False,False,Major,328.11,2026-07,2026-04,5,,,False
618061,"Strengthening, Widening & Up-gradation of newly declared NH-761 from NH- 61Junction-BelheAlkutiDevibhoyareNighojShirur, from Design chainage Km 0.000 to Km 37.970 from Single/Intermediate/2L to 2LPS in the State of Maharashtra on EPC Mode Length 37.970 Km",MoRTH,,,color,Maharashtra,Maharashtra,2024-03-01,2025-03-01,2026-09-01,2026-09-01,386.16,,True,114.55,62.5,2026-08,Table 6,118,1157,Ministry of Road Transport & Highways,Roads & Highways,MORTH,MoRTH,,MoRTH,Transport & Logistics,False,False,Major,386.16,2026-07,2026-04,5,,,False
618065,"Rehabilitation/Upgradation of existing Highway to 2LPS/4 lane of Dhawali to Rajoli from Design Km.149476 to 163476 existing Km.150000 to 164000, Pandhasala to Mohadongri from design Km.170476 to 181476 existing Km.171000 to 182000, Ambeshivni Fata to Bodli from design Km.183476 to 185476 existing Km.184000 to 186000 and Made Tukum to Gadchiroli from design Km.188476 to 189476 existing Km.188000 to 18900 having length 28 km of NH-930 of Dhawali to Gadchroli road in the",MoRTH,N24002169,,color,Maharashtra,Maharashtra,2022-03-01,2024-03-01,2025-09-01,2027-03-01,316.44,,True,84.06,37.2,2026-08,Table 6,118,1158,Ministry of Road Transport & Highways,Roads & Highways,MORTH,MoRTH,,MoRTH,Transport & Logistics,False,False,Major,316.44,2026-07,2026-04,5,,,False
618088,Nandurshingote to Kolhar,MoRTH,,,color,Maharashtra,Maharashtra,2024-09-01,2025-06-01,2026-12-01,2026-12-01,325.79,,True,263.09,45.0,2026-08,Table 6,118,1159,Ministry of Road Transport & Highways,Roads & Highways,MORTH,MoRTH,,MoRTH,Transport & Logistics,False,False,Major,325.79,2026-07,2026-04,5,,,False
618089,Rehabilitation & Up-gradation of Mudkhed to Nanded section from Km. 372000 to Km 388400 of NH 161A i.e. Nanded-Bhokar-Himayatnagar-Kinwat-Mahur-Arani Road Design chainage from Km 372000 Mudkhed to Km 387650 Nanded of NH 161A Length 15.65 Km to 2/4Lane with paved shoulders configuration in the State of Maharashtra on EPC mode.,MoRTH,N24001903,,color,Maharashtra,Maharashtra,2022-03-01,2023-04-01,2025-04-01,2026-10-01,206.54,,True,7.77,65.14,2026-08,Table 6,118,1160,Ministry of Road Transport & Highways,Roads & Highways,MORTH,MoRTH,,MoRTH,Transport & Logistics,False,False,Major,206.54,2026-07,2026-04,5,,DQ14,False
618094,Pen to Khopoli 2LPS,MoRTH,N24001106,,color,Maharashtra,Maharashtra,2018-03-01,2018-06-01,2019-12-01,2025-12-01,369.39,,True,212.04,86.3,2026-08,Table 6,118,1161,Ministry of Road Transport & Highways,Roads & Highways,MORTH,MoRTH,,MoRTH,Transport & Logistics,False,False,Major,369.39,2026-07,2026-04,5,,DQ14,False
618096,Rehabilitation and Up-gradation to 2 lane road with paved shoulders configuration for the balance work of 13 km length on Helwak-Patan-Karad section Km. 85000 to 133 417 of NH-166E in the state of Maharashtra on EPC mode.,MoRTH,,,color,Maharashtra,Maharashtra,2024-02-01,2024-10-01,2026-04-01,2027-02-01,181.45,,True,84.97,87.0,2026-08,Table 6,118,1162,Ministry of Road Transport & Highways,Roads & Highways,MORTH,MoRTH,,MoRTH,Transport & Logistics,False,False,Major,181.45,2026-07,2026-04,5,,,False
618097,Guhagar - Rampur - 2L-PS - km 0/00 Guhagar to 26/230 Rampur and 40/00 Mirjoli to 53/600 Sati on NH-166E,MoRTH,N24001057,,color,Maharashtra,Maharashtra,2017-01-01,2017-06-01,2019-06-01,2025-08-01,407.2,,True,274.73,91.89,2026-08,Table 6,118,1163,Ministry of Road Transport & Highways,Roads & Highways,MORTH,MoRTH,,MoRTH,Transport & Logistics,False,False,Major,407.2,2026-07,2026-04,5,,,False
618098,"Upgradation of exhisting 2 lane flexible pavement to 2 lane paved shoulders rigid pavement from design chainage Km 66.00 to Design Km 82.440 Start of Kolhapur Municipal corporation near Phulewadi to kale, design length 16.440 Km section on Talere Gaganbawada-Kolhapur road NH 166G in the state of Maharashtra on EPC mode",MoRTH,N24001908,,color,Maharashtra,Maharashtra,2021-03-01,2022-11-01,2024-05-01,2026-08-01,167.97,,True,102.29,93.75,2026-08,Table 6,118,1164,Ministry of Road Transport & Highways,Roads & Highways,MORTH,MoRTH,,MoRTH,Transport & Logistics,False,False,Major,167.97,2026-07,2026-04,5,,,False
618133,Strengthening and Widening of road Sakoli- Wadsa-Armori-Gadchiroli-Ashti- Allapalli - Sironcha National highway NH 353C in Km 262/00 to 321/00 including 16 minor Bridges and 2 Major Bridge Total length 59 Km section from repanpalli to sironcha in Gadchiroli Dist in the State of Maharashtra.,MoRTH,N24000983,,color,Maharashtra,Maharashtra,2021-03-01,2022-06-01,2024-05-01,2027-03-01,280.57,,True,210.92,67.39,2026-08,Table 6,118,1165,Ministry of Road Transport & Highways,Roads & Highways,MORTH,MoRTH,,MoRTH,Transport & Logistics,False,False,Major,280.57,2026-07,2026-04,5,,,False
618134,Rehabilitation /Upgradation from Lagam to Alapalli section Desing Km. 199/400 to km 227/400 Length 28.0 Km to 2 lane with Paved Shoulders/ 4 lane configuration section of NH-353 C Sakoli-Wadsa-Armori-Gadchiroli-Ashti-Alapalli Sironcha in Gadchiroli District on EPC mode in the state of Maharashtra.,MoRTH,,,color,Maharashtra,Maharashtra,2023-02-01,2024-09-01,2026-09-01,2026-09-01,459.39,,True,220.61,85.05,2026-08,Table 6,118,1166,Ministry of Road Transport & Highways,Roads & Highways,MORTH,MoRTH,,MoRTH,Transport & Logistics,False,False,Major,459.39,2026-07,2026-04,5,,,False
618137,Rehabilitation and Up-gradation of Jarud - Sirsala section of NH-361F km 59500 to km11500 to Two lane with paved shoulder/ Four Lane in the state of Maharashtra on EPC mode Length 55.5 Km.,MoRTH,,10189,color,Maharashtra,Maharashtra,2024-03-01,2025-05-01,2027-05-01,2027-05-01,540.35,,True,217.2,72.1,2026-08,Table 6,118,1167,Ministry of Road Transport & Highways,Roads & Highways,MORTH,MoRTH,,MoRTH,Transport & Logistics,False,False,Major,540.35,2026-07,2026-04,5,,,False
618138,"Widening, Reconstruction & Up-gradation to 2 lane with Paved Shoulder/Four Lane configuration for the work of Sautada to Shirapur Section of NH-561 from Design km 86300 to km 125589 in the state of Maharashtra on EPC mode. Design length 39.289 km",MoRTH,,,color,Maharashtra,Maharashtra,2024-03-01,2025-05-01,2026-11-01,2026-11-01,349.57,,True,77.84,62.96,2026-08,Table 6,118,1168,Ministry of Road Transport & Highways,Roads & Highways,MORTH,MoRTH,,MoRTH,Transport & Logistics,False,False,Major,349.57,2026-07,2026-04,5,,,False
618139,Rehabilitation and Up-gradation of Gangakhed Loha section of NH-361F from Km 169/00 to 210/00 to two lane with paved shoulder/ four lane configuration in the state of Maharashtra on EPC mode Length - 41.00 Km.,MoRTH,,,color,Maharashtra,Maharashtra,2024-03-01,2025-04-01,2026-09-01,2026-09-01,355.12,,True,0.0,43.46,2026-08,Table 6,119,1169,Ministry of Road Transport & Highways,Roads & Highways,MORTH,MoRTH,,MoRTH,Transport & Logistics,False,False,Major,355.12,2026-07,2026-04,5,,,False
618150,Rehabilitation and Up-gradation of i. Deogaon phata to Digras phata Ch. 0/000 to 15/000 & Selu to Borgavhan Ch 20/900 to 35/800 [Length 29.9km] ii. Injegaon Dhamoni to Pohner Phata Ch.58/200 to Ch. 83/700 [Length25.5 km] and iii. Pohner phata to Pathri Design Ch. 42/700 to 58/200 [Length 15.5 km] sections of NH-548B to Two lane with paved shoulder configuartion in the state of Maharashtra on EPC mode Total project length 70.9 Km.,MoRTH,,10192,color,Maharashtra,Maharashtra,2024-03-01,2025-05-01,2027-05-01,2027-05-01,761.83,,True,96.78,22.0,2026-08,Table 6,119,1170,Ministry of Road Transport & Highways,Roads & Highways,MORTH,MoRTH,,MoRTH,Transport & Logistics,False,False,Major,761.83,2026-07,2026-04,5,,,False
618152,Mhaswad to Tembhurni section of NH-548C - 2L PS,MoRTH,N24002132,,color,Maharashtra,Maharashtra,2017-01-01,2017-08-01,2019-07-01,2026-08-01,488.6,,True,298.45,96.19,2026-08,Table 6,119,1171,Ministry of Road Transport & Highways,Roads & Highways,MORTH,MoRTH,,MoRTH,Transport & Logistics,False,False,Major,488.6,2026-07,2026-04,5,,,False
618153,Satara to Mhaswad,MoRTH,N24000979,10193,color,Maharashtra,Maharashtra,2017-01-01,2017-08-01,2019-08-01,2026-08-01,653.46,,True,384.64,98.08,2026-08,Table 6,119,1172,Ministry of Road Transport & Highways,Roads & Highways,MORTH,MoRTH,,MoRTH,Transport & Logistics,False,False,Major,653.46,2026-07,2026-04,5,,,False
618154,"Rehabilitation & upgradation of Jamkhed to Sautada Section of NH548 D from km 195.375 to km 208.774, Length 13.399 Km to 2L PS /4L configuration with rigid pavement in the state of Maharashtra on EPC mode.",MoRTH,N24001390,,color,Maharashtra,Maharashtra,2022-03-01,2023-01-01,2024-07-01,2026-06-01,157.62,,True,0.0,68.93,2026-08,Table 6,119,1173,Ministry of Road Transport & Highways,Roads & Highways,MORTH,MoRTH,,MoRTH,Transport & Logistics,False,False,Major,157.62,2026-07,2026-04,5,,,False
618155,Development/Widening of Talegaon Chakan Shikrapur Nhavara Section of NH-548D from existing chainage km. 54/000 to 82/300 and Design chainage Km. 54/000 to 82/120 Shikrapur to Nhavara Section to 2LPS/4L Configuration on EPC Mode in the State of Maharashtra.,MoRTH,,,color,Maharashtra,Maharashtra,2024-03-01,2025-01-01,2026-07-01,2027-03-01,396.17,,True,237.74,72.52,2026-08,Table 6,119,1174,Ministry of Road Transport & Highways,Roads & Highways,MORTH,MoRTH,,MoRTH,Transport & Logistics,False,False,Major,396.17,2026-07,2026-04,5,,DQ13,False
618172,Paithan - Shirur section 2LPS Km 0.0 to 55.00,MoRTH,N24001122,,color,Maharashtra,Maharashtra,2017-03-01,2017-06-01,2019-06-01,2026-10-01,341.8,,True,253.74,82.0,2026-08,Table 6,119,1175,Ministry of Road Transport & Highways,Roads & Highways,MORTH,MoRTH,,MoRTH,Transport & Logistics,False,False,Major,341.8,2026-07,2026-04,5,,,False
618173,Shirur-Kharda section from 55937 km to 114486 km to 2LPS/4L,MoRTH,N24001123,,color,Maharashtra,Maharashtra,2017-02-01,2017-06-01,2019-06-01,2026-08-01,381.77,,True,262.2,83.93,2026-08,Table 6,119,1176,Ministry of Road Transport & Highways,Roads & Highways,MORTH,MoRTH,,MoRTH,Transport & Logistics,False,False,Major,381.77,2026-07,2026-04,5,,,False
618174,Rehabilitation and Upgradation to two lane with paved shoulder configuration of NH- 752G from Sakri to Pimpalner Section Design Ch km 0000 to Ch km 21411 in the state of Maharashtra on EPC Mode. Length 21.411 km.,MoRTH,,,color,Maharashtra,Maharashtra,2024-03-01,2025-04-01,2026-10-01,2026-10-01,226.58,,True,142.62,100.0,2026-08,Table 6,119,1177,Ministry of Road Transport & Highways,Roads & Highways,MORTH,MoRTH,,MoRTH,Transport & Logistics,False,False,Major,226.58,2026-07,2026-04,5,,,False
618176,Rehabilitation and upgradation from ch km 50/200 to 56/800 and km 62/600 to 100/403 of Kolde to Visarwadi Near Junction with NH-6 section of NH 752G total length 44.40 to two-lane with paved shoulder / four lanes in the State of Maharashtra on EPC mode.,MoRTH,,,color,Maharashtra,Maharashtra,2025-03-01,2026-01-01,2028-01-01,,349.08,,True,66.84,35.45,2026-08,Table 6,119,1178,Ministry of Road Transport & Highways,Roads & Highways,MORTH,MoRTH,,MoRTH,Transport & Logistics,False,False,Major,349.08,2026-07,2026-04,5,,,False
618177,Pal Phata Phulambri - Khultabad 2LPS,MoRTH,N24001060,,color,Maharashtra,Maharashtra,2018-03-01,2018-06-01,2019-12-01,2026-09-01,227.19,,True,155.88,95.29,2026-08,Table 6,119,1179,Ministry of Road Transport & Highways,Roads & Highways,MORTH,MoRTH,,MoRTH,Transport & Logistics,False,False,Major,227.19,2026-07,2026-04,5,,,False
618178,Widening and strengthening of Gangakhed to Kingaon section of NH-752K in Km 38/750 to 72/304 Flexible Pavement Length33.554 km to 2-lane configuration on EPC mode in the State of Maharashtra.,MoRTH,,,color,Maharashtra,Maharashtra,2024-02-01,2024-12-01,2026-06-01,2026-10-01,162.67,,True,5.76,91.0,2026-08,Table 6,119,1180,Ministry of Road Transport & Highways,Roads & Highways,MORTH,MoRTH,,MoRTH,Transport & Logistics,False,False,Major,162.67,2026-07,2026-04,5,,DQ04,False
618180,Pune raigarh District Border To Mangaon Ch 69000 to 103775 NH-753F,MoRTH,N24001082,,color,Maharashtra,Maharashtra,2018-03-01,2018-06-01,2019-12-01,2026-07-01,223.46,,True,124.0,89.08,2026-08,Table 6,119,1181,Ministry of Road Transport & Highways,Roads & Highways,MORTH,MoRTH,,MoRTH,Transport & Logistics,False,False,Major,223.46,2026-07,2026-04,5,,,False
618198,Balance work of Rehabilitation and Up-gradation to 2-lane road with paved shoulders configuration for NH- 965DD from Pacharal-Mandangad-Mhapral-Rajewadi Upto Junction of NH-66 Ch-22700 to 75100 Km and Ambadave connector Birth place of Dr. Babasaheb Ambedkar Ch-0000 to 7325 Km length Km 59.725 in the state of Maharashtra on EPC mode. Balance Work,MoRTH,N24001107,,color,Maharashtra,Maharashtra,2018-03-01,2022-01-01,2024-01-01,2026-10-01,388.93,,True,249.66,93.07,2026-08,Table 6,119,1182,Ministry of Road Transport & Highways,Roads & Highways,MORTH,MoRTH,,MoRTH,Transport & Logistics,False,False,Major,341.69,2026-07,2026-04,5,,,False
618199,"Rehabilitation, Upgradation & Widening of existing Highway to Rigid Pavement 2 Lane with Paved Shoulder of NH 965DD from Lonand Shirval-Bhor Mandangad-Pchral Section ShindewadiPhata to Varandah Ghat Dist Border from Km 33/550 to 92/550 in the state of Maharashtra on EPC mode.",MoRTH,N24002178,10207,color,Maharashtra,Maharashtra,2023-02-01,2024-07-01,2026-07-01,2027-02-01,723.13,,True,217.9,53.5,2026-08,Table 6,119,1183,Ministry of Road Transport & Highways,Roads & Highways,MORTH,MoRTH,,MoRTH,Transport & Logistics,False,False,Major,723.13,2026-07,2026-04,5,,,False
618469,Vadodara Mumbai Expressway Phase II - Pkg XIII [Km. 26.582 to Km. 50.700] Shirsad - Masvan,NHAI,N24001506,10328,color,Maharashtra,Maharashtra,2020-06-01,2022-02-01,2024-02-01,2026-08-01,3536.9,,True,1986.56,98.2,2026-08,Table 6,119,1184,Ministry of Road Transport & Highways,Roads & Highways,NHAI,National Highways Authority of India [NHAI],,MoRTH,Transport & Logistics,False,False,Mega,4679.54,2026-07,2026-04,5,,,False
618470,Vadodara Mumbai Expressway Phase II - Pkg XIV [Km. 3.000 to Km. 20.200 of Spur] Shirsad - Akloli,NHAI,N24001507,10329,color,Maharashtra,Maharashtra,2021-05-01,2022-11-01,2024-05-01,2026-09-01,2058.79,,True,645.91,98.0,2026-08,Table 6,119,1185,Ministry of Road Transport & Highways,Roads & Highways,NHAI,National Highways Authority of India [NHAI],,MoRTH,Transport & Logistics,False,False,Mega,2324.72,2026-07,2026-04,5,,,False
618471,Vadodara Mumbai Expressway Phase II - Pkg XV [Km. 20.200 to Km. 43.000 of Spur] Akloli - Amne,NHAI,N24001521,10330,color,Maharashtra,Maharashtra,2021-05-01,2022-11-01,2024-05-01,2026-08-01,2610.88,,True,651.95,94.6,2026-08,Table 6,120,1186,Ministry of Road Transport & Highways,Roads & Highways,NHAI,National Highways Authority of India [NHAI],,MoRTH,Transport & Logistics,False,False,Mega,2918.39,2026-07,2026-04,5,,,False
618472,Vadodara Mumbai Expressway Phase II - Pkg XVI [Km. 43.000 to Km. 69.800 of Spur] Amne - Bhoj,NHAI,N24001508,10331,color,Maharashtra,Maharashtra,2021-06-01,2022-11-01,2024-10-01,2026-08-01,4051.8,,True,952.69,95.5,2026-08,Table 6,120,1187,Ministry of Road Transport & Highways,Roads & Highways,NHAI,National Highways Authority of India [NHAI],,MoRTH,Transport & Logistics,False,False,Mega,4315.56,2026-07,2026-04,5,,,False
618473,Vadodara Mumbai Expressway Phase II - Pkg XVII [Km. 69.800 to Km. 79.783 of Spur] Bhoj - Morbe,NHAI,N24001608,10332,color,Maharashtra,Maharashtra,2021-09-01,2023-01-01,2025-07-01,2026-08-01,2208.68,,True,931.24,90.73,2026-08,Table 6,120,1188,Ministry of Road Transport & Highways,Roads & Highways,NHAI,National Highways Authority of India [NHAI],,MoRTH,Transport & Logistics,False,False,Mega,2463.02,2026-07,2026-04,5,,,False
618511,Upgradation & rehabilitation of Service Roads on both sides in urban areas of Pune City on PuneSatara section of NH48,NHAI,,,color,Maharashtra,Maharashtra,2025-01-01,2025-06-01,2027-06-01,2027-06-01,604.59,,True,69.84,24.08,2026-08,Table 6,120,1189,Ministry of Road Transport & Highways,Roads & Highways,NHAI,National Highways Authority of India [NHAI],,MoRTH,Transport & Logistics,False,False,Major,388.78,2026-07,2026-04,5,,,False
618512,Tunnel at Khambataki Ghat Section and its approaches from existing Km. 771.730 to existing Km. 782.000,NHAI,N24001486,10367,color,Maharashtra,Maharashtra,2017-11-01,2019-02-01,2022-02-01,2026-10-01,907.03,,True,687.05,89.2,2026-08,Table 6,120,1190,Ministry of Road Transport & Highways,Roads & Highways,NHAI,National Highways Authority of India [NHAI],,MoRTH,Transport & Logistics,False,False,Major,816.12,2026-07,2026-04,5,,,False
618513,6L of Kagal-Satara section from Km 592.500 to Km 658.000 of NH-48 Pkg-I,NHAI,N24001546,10368,color,Maharashtra,Maharashtra,2021-12-01,2023-01-01,2025-01-01,2027-02-01,2111.95,,True,634.62,51.14,2026-08,Table 6,120,1191,Ministry of Road Transport & Highways,Roads & Highways,NHAI,National Highways Authority of India [NHAI],,MoRTH,Transport & Logistics,False,False,Mega,1435.46,2026-07,2026-04,5,,,False
618514,6L of Kagal-Satara section from Km 658.000 to Km 725.000 of NH-48 Pkg-II,NHAI,N24001493,,color,Maharashtra,Maharashtra,2021-12-01,2022-12-01,2024-12-01,2026-12-01,2330.71,,True,206.69,90.12,2026-08,Table 6,120,1192,Ministry of Road Transport & Highways,Roads & Highways,NHAI,National Highways Authority of India [NHAI],,MoRTH,Transport & Logistics,False,False,Mega,317.4,2026-07,2026-04,5,,DQ04,False
618557,4L of Indora Chowk to Pachpaoli and Agrasen Chowk - Ashoka Chowk,NHAI,N24002071,10403,color,Maharashtra,Maharashtra,2023-03-01,2023-07-01,2026-06-01,2026-09-01,1038.84,,True,699.6,84.0,2026-08,Table 6,120,1193,Ministry of Road Transport & Highways,Roads & Highways,NHAI,National Highways Authority of India [NHAI],,MoRTH,Transport & Logistics,False,False,Mega,918.53,2026-07,2026-04,5,,,False
618585,6L of Gonde Km. 439.038 to Pimpri Sado Km. 459.905 section of NH-848 Old NH-3,NHAI,,10420,color,Maharashtra,Maharashtra,2024-02-01,2024-10-01,2027-04-01,2027-11-01,856.93,,True,160.2,40.5,2026-08,Table 6,120,1194,Ministry of Road Transport & Highways,Roads & Highways,NHAI,National Highways Authority of India [NHAI],,MoRTH,Transport & Logistics,False,False,Major,718.84,2026-07,2026-04,5,,,False
618586,Improvement and strengthening of existing 2 lane stretch to 2-Lane with PS 1.5m on both sides on Ghoti-Sinnar section of NH-160A using Thin White Topping 200mm thick in the State Of Maharashtra on EPC Mode,NHAI,,,color,Maharashtra,Maharashtra,2025-03-01,2025-06-01,2026-06-01,2026-10-01,254.78,,True,119.17,77.0,2026-08,Table 6,120,1195,Ministry of Road Transport & Highways,Roads & Highways,NHAI,National Highways Authority of India [NHAI],,MoRTH,Transport & Logistics,False,False,Major,147.64,2026-07,2026-04,5,,,False
618588,4L Mitigation Measure structures on CH/MH Border to Wainganga Bridge Section of NH-6 New NH-53,NHAI,N24001798,,color,Maharashtra,Maharashtra,2021-02-01,2021-11-01,2023-11-01,2026-10-01,540.24,,True,464.37,99.79,2026-08,Table 6,120,1196,Ministry of Road Transport & Highways,Roads & Highways,NHAI,National Highways Authority of India [NHAI],,MoRTH,Transport & Logistics,False,False,Major,468.92,2026-07,2026-04,5,,,False
618594,Balance work of 4L Panvel to Indapur section of NH-66 Old NH- 17 from km 0.000 Panvel to km 42.300 Kasu,NHAI,N24001609,,color,Maharashtra,Maharashtra,2022-12-01,2023-03-01,2024-10-01,2026-09-01,329.82,,True,188.13,98.66,2026-08,Table 6,120,1197,Ministry of Road Transport & Highways,Roads & Highways,NHAI,National Highways Authority of India [NHAI],,MoRTH,Transport & Logistics,False,False,Major,196.87,2026-07,2026-04,5,,,False
618626,Four laning from Dive Ghat Km. 220.900 to Hadapsar Km. 234.150 of Mohol Alandi section Pkg VI of NH-965,NHAI,,,color,Maharashtra,Maharashtra,2023-12-01,2024-10-01,2026-10-01,2027-04-01,819.52,,True,141.56,70.01,2026-08,Table 6,120,1198,Ministry of Road Transport & Highways,Roads & Highways,NHAI,National Highways Authority of India [NHAI],,MoRTH,Transport & Logistics,False,False,Major,400.0,2026-07,2026-04,5,,,False
618627,Construction of 7 Nos of Standalone safety structures/works at different locations on various NHs,NHAI,,,color,Maharashtra,Maharashtra,2025-01-01,2025-07-01,2027-01-01,2027-01-01,168.52,,True,38.33,33.35,2026-08,Table 6,120,1199,Ministry of Road Transport & Highways,Roads & Highways,NHAI,National Highways Authority of India [NHAI],,MoRTH,Transport & Logistics,False,False,Major,112.03,2026-07,2026-04,5,,,False
618628,Strengthening of Existing Alignment of Pandharpur Town Part Bypassed Section of NH 965 from KM 36.230 to KM 44.230 from Chh. Shivaji Maharaj Chowk to Wakhari,NHAI,,,color,Maharashtra,Maharashtra,2022-08-01,2023-11-01,2025-10-01,2027-03-01,150.21,,True,80.94,69.25,2026-08,Table 6,120,1200,Ministry of Road Transport & Highways,Roads & Highways,NHAI,National Highways Authority of India [NHAI],,MoRTH,Transport & Logistics,False,False,Major,87.59,2026-07,2026-04,5,,,False
618653,Loha-Waranga Section of NH-361 from km 187.800 to km 244.369,NHAI,,10467,color,Maharashtra,Maharashtra,2018-03-01,2019-03-01,2021-03-01,2026-12-01,1236.08,,True,1557.02,96.22,2026-08,Table 6,120,1201,Ministry of Road Transport & Highways,Roads & Highways,NHAI,National Highways Authority of India [NHAI],,MoRTH,Transport & Logistics,False,False,Mega,3466.58,2026-07,2026-04,5,,,False
618693,Bodhre - Dhule,NHAI,N24000656,10494,color,Maharashtra,Maharashtra,2021-02-01,2022-01-01,2024-07-01,2026-10-01,1344.78,,True,838.04,97.69,2026-08,Table 6,120,1202,Ministry of Road Transport & Highways,Roads & Highways,NHAI,National Highways Authority of India [NHAI],,MoRTH,Transport & Logistics,False,False,Mega,1292.7,2026-07,2026-04,5,,,False
618754,Upgradation of 2L/4L with Paved Shoulder of Shirwal-Lonand Section from KM 159900 To KM 188025 of NH-965DD Section I and 2L With Paved Shoulder of Lonand-Satara Section from KM 51500 To KM 96246 Of NH-965D Section II in Satara District in the State of Maharashtra on EPC Mode under NHO-,NHAI,,,color,Maharashtra,Maharashtra,2025-03-01,2025-06-01,2027-06-01,2027-06-01,538.11,,True,189.06,43.57,2026-08,Table 6,120,1203,Ministry of Road Transport & Highways,Roads & Highways,NHAI,National Highways Authority of India [NHAI],,MoRTH,Transport & Logistics,False,False,Major,307.24,2026-07,2026-04,5,,,False
618766,Up-gradation to Four Lane with Paved Shoulder configuration of the highway starting from existing km 88.400 Savali Vihir to km 163.400 start of Ahmednagar bypass Design Length 75.000 km section of NH-160 in the State of Maharashtra under Bharatmala Pariyojana on EPC Mode,NHAI,,10547,color,Maharashtra,Maharashtra,2024-10-01,2025-04-01,2027-04-01,2027-04-01,862.0,,True,327.05,48.55,2026-08,Table 6,120,1204,Ministry of Road Transport & Highways,Roads & Highways,NHAI,National Highways Authority of India [NHAI],,MoRTH,Transport & Logistics,False,False,Major,617.93,2026-07,2026-04,5,,,False
618836,4L of Ratnagiri - Kolhapur section from km 67.140 to km 112.340 of NH-166 Pkg II,NHAI,N24001834,10598,color,Maharashtra,Maharashtra,2022-02-01,2023-05-01,2025-05-01,2027-01-01,1985.38,,True,1239.81,81.57,2026-08,Table 6,121,1205,Ministry of Road Transport & Highways,Roads & Highways,NHAI,National Highways Authority of India [NHAI],,MoRTH,Transport & Logistics,False,False,Mega,1798.0,2026-07,2026-04,5,,,False
618837,4L of Ratnagiri - Kolhapur section from km 112.340 to km 145.300 of NH-166 PkgIII,NHAI,N24001835,10599,color,Maharashtra,Maharashtra,2022-02-01,2023-05-01,2025-05-01,2027-01-01,1939.23,,True,1092.06,68.95,2026-08,Table 6,121,1206,Ministry of Road Transport & Highways,Roads & Highways,NHAI,National Highways Authority of India [NHAI],,MoRTH,Transport & Logistics,False,False,Mega,1910.41,2026-07,2026-04,5,,,False
618937,4L of Nagpur-Katol Section from Km. 13.00 to Km. 62.900 of NH-353J,NHAI,N24001799,10678,color,Maharashtra,Maharashtra,2021-02-01,2021-10-01,2023-10-01,2027-03-01,1166.96,,True,1181.44,81.54,2026-08,Table 6,121,1207,Ministry of Road Transport & Highways,Roads & Highways,NHAI,National Highways Authority of India [NHAI],,MoRTH,Transport & Logistics,False,False,Mega,1432.82,2026-07,2026-04,5,,,False
618939,Construction of Standalone Flyover cum ROB from Design Ch.66.600 to Design Ch.68.800 in Gadchandur Town on NH-353B,NHAI,,,color,Maharashtra,Maharashtra,2025-02-01,2025-07-01,2027-07-01,2027-07-01,191.31,,True,40.01,40.08,2026-08,Table 6,121,1208,Ministry of Road Transport & Highways,Roads & Highways,NHAI,National Highways Authority of India [NHAI],,MoRTH,Transport & Logistics,False,False,Major,107.76,2026-07,2026-04,5,,,False
619008,Rehabilitation and Up gradation of Charthana Jintur Section of NH 752 I Km 25100 to 47100 to 2 Lane with Paved Shoulder configuration Flexible Pavement in the state of Maharashtra on EPC mode. Reg- Resubmission of Annual Plan Estimate.,MoRTH,,,color,Maharashtra,Maharashtra,2025-03-01,2026-01-01,2027-07-01,2027-07-01,157.69,,True,61.9,85.0,2026-08,Table 6,121,1209,Ministry of Road Transport & Highways,Roads & Highways,MORTH,MoRTH,,MoRTH,Transport & Logistics,False,False,Major,157.69,2026-07,2026-04,5,,,False
619042,"Construction of six lane Flyover at Katraj junction at Km, 3/880 of NH 548-DD Vadgaon - Katraj - Kondhwa - Mantarwadi Chowk - Loni Kalbhor - Theur Phata - Lonikand Road in Pune Dist of the State of Maharashtra. On Engineering Procurement and construction EPC Basis mode L.1.326 Km,",MoRTH,N24001907,,color,Maharashtra,Maharashtra,2021-02-01,2022-03-01,2026-02-01,2023-02-01,163.51,,True,108.55,89.2,2026-08,Table 6,121,1210,Ministry of Road Transport & Highways,Roads & Highways,MORTH,MoRTH,,MoRTH,Transport & Logistics,False,False,Major,163.51,2026-07,2026-04,5,,DQ09,False
619043,Capacity Augmentation in the stretch of DhulePimpalgaon section of NH60 Km. 261.720 to Km. 380.000 by Construction of Slip/Service Road on either side at various locations total length 30.30 Km LHSRHS and Flyover 2 x 30m at Sawadgaon Phata Km. 310.415,NHAI,,,color,Maharashtra,Maharashtra,2025-12-01,2026-04-01,2026-10-01,2027-10-01,341.63,,True,10.9,5.1,2026-08,Table 6,121,1211,Ministry of Road Transport & Highways,Roads & Highways,NHAI,National Highways Authority of India [NHAI],,MoRTH,Transport & Logistics,False,False,Major,341.63,2026-07,2026-07,2,2026-07,,False
619069,Satara Km 725.000 to Pune Km 865.350 of NH - 4 New NH - 48 in Maharashtra,NHAI,,,color,Maharashtra,Maharashtra,2009-09-01,2010-10-01,2022-05-01,2026-12-01,361.72,,True,387.34,99.05,2026-08,Table 6,121,1212,Ministry of Road Transport & Highways,Roads & Highways,NHAI,National Highways Authority of India [NHAI],,MoRTH,Transport & Logistics,False,False,Major,425.51,2026-07,2026-04,5,,,False
619095,Balance works of 4L Panvel Indapur section of NH66 old NH17 from km 42.300 kasu to km 84.600 Indapur,NHAI,N24001607,,color,Maharashtra,Maharashtra,2022-06-01,2022-11-01,2024-05-01,2026-09-01,546.44,,True,420.99,96.73,2026-08,Table 6,121,1213,Ministry of Road Transport & Highways,Roads & Highways,NHAI,National Highways Authority of India [NHAI],,MoRTH,Transport & Logistics,False,False,Major,472.1,2026-07,2026-04,5,,,False
619149,4L of Ratnagiri - Kolhapur section of NH-166 from km 0.000 to km 19.769 and km 31.000 to km 67.140 Pkg I,NHAI,N24001495,11810,color,Maharashtra,Maharashtra,2022-02-01,2022-11-01,2024-11-01,2026-11-01,1774.03,,True,1444.74,97.4,2026-08,Table 6,121,1214,Ministry of Road Transport & Highways,Roads & Highways,NHAI,National Highways Authority of India [NHAI],,MoRTH,Transport & Logistics,False,False,Mega,2108.41,2026-07,2026-04,5,,,False
619163,4L of Baramati to Indapur Pkg-II from km. 41.400 to km. 84.550 of NH-965G Saint Tukaram Marg,NHAI,N24001502,11818,color,Maharashtra,Maharashtra,2021-01-01,2021-09-01,2023-09-01,2026-12-01,1471.32,,True,1071.02,86.2,2026-08,Table 6,121,1215,Ministry of Road Transport & Highways,Roads & Highways,NHAI,National Highways Authority of India [NHAI],,MoRTH,Transport & Logistics,False,False,Mega,1297.48,2026-07,2026-04,5,,,False
619198,Vadodara Mumbai Expressway Phase II - Pkg XII [Km. 50.700 to Km. 77.000] Masvan - Ganjad,NHAI,,11889,color,Maharashtra,Maharashtra,2020-08-01,2022-03-01,2024-03-01,2026-08-01,1711.38,,True,979.42,99.87,2026-08,Table 6,121,1216,Ministry of Road Transport & Highways,Roads & Highways,NHAI,National Highways Authority of India [NHAI],,MoRTH,Transport & Logistics,False,False,Mega,2388.52,2026-07,2026-04,5,,,False
619203,Vadape to Thane from km 539.202 to km 563.000 section of NH-3 new NH-848,NHAI,,11894,color,Maharashtra,Maharashtra,2018-03-01,2019-01-01,2021-07-01,2026-10-01,1252.92,,True,491.86,87.0,2026-08,Table 6,121,1217,Ministry of Road Transport & Highways,Roads & Highways,NHAI,National Highways Authority of India [NHAI],,MoRTH,Transport & Logistics,False,False,Mega,1371.27,2026-07,2026-04,5,,,False
619204,"Capacity Augmentation in the stretch of Pimpri Sado Vadape section of NH848 Km. 460900 to Km. 537000 by Construction of Slip/Service Road on either side at various locations total length 25.140 Km LHSRHS, Flyover 2 x 25m at Borivali Junction Km. 528550 & LVUP 1 x 15m at Sherekarpada Km. 528800",NHAI,,,color,Maharashtra,Maharashtra,2025-12-01,2026-04-01,2027-10-01,2027-10-01,372.03,,True,1.5,1.0,2026-08,Table 6,121,1218,Ministry of Road Transport & Highways,Roads & Highways,NHAI,National Highways Authority of India [NHAI],,MoRTH,Transport & Logistics,False,False,Major,372.03,2026-07,2026-06,3,2026-06,,False
619210,Dharampuri-Lonand from km. 117.00 to 166.40 Pkg-IV on Mohol-Alandi Section,NHAI,,11900,color,Maharashtra,Maharashtra,2021-01-01,2021-09-01,2023-09-01,2026-09-01,1411.71,,True,1474.29,97.4,2026-08,Table 6,121,1219,Ministry of Road Transport & Highways,Roads & Highways,NHAI,National Highways Authority of India [NHAI],,MoRTH,Transport & Logistics,False,False,Mega,1358.68,2026-07,2026-04,5,,,False
619263,Rehabilitation and upgradation of Wardha Salod Hirapur - Pulgaon Section of NH 347A from km 134/283 to Km 159/075 [Design Chainage Km 0000 to Km 24792] to two Lanes with paved shoulder configuration in the state of Maharashtra on EPC mode.,MoRTH,,,color,Maharashtra,Maharashtra,2025-03-01,2026-07-01,2027-12-01,,252.95,,True,0.05,0.0,2026-08,Table 6,121,1220,Ministry of Road Transport & Highways,Roads & Highways,MORTH,MoRTH,,MoRTH,Transport & Logistics,False,False,Major,,,2026-08,1,2026-08,,False
619298,Construction of 6 Lane Elevated corridor from KM 612582 to KM 617540 including construction of Service Roads in Kolhapur City on NH -48 in the State of Maharashtra on EPC mode under NHO,NHAI,,,color,Maharashtra,Maharashtra,2026-02-01,2026-06-01,2029-06-01,2029-06-01,1039.0,,True,0.06,0.0,2026-08,Table 6,121,1221,Ministry of Road Transport & Highways,Roads & Highways,NHAI,National Highways Authority of India [NHAI],,MoRTH,Transport & Logistics,False,False,Mega,1039.0,2026-07,2026-06,3,2026-06,,False
619299,Construction of a 6-Lane Elevated Corridor from Km 593766 to Km 596620 Including Construction of Service Roads in Kagal City on NH-48 in the State of Maharashtra on EPC Mode.,NHAI,,,color,Maharashtra,Maharashtra,2026-03-01,2026-06-01,2028-06-01,2028-06-01,357.99,,True,0.08,0.0,2026-08,Table 6,121,1222,Ministry of Road Transport & Highways,Roads & Highways,NHAI,National Highways Authority of India [NHAI],,MoRTH,Transport & Logistics,False,False,Major,357.99,2026-07,2026-06,3,2026-06,,False
619300,Construction of Four Lane Nagpur-Katol section of NH-353J including Mitigation Structures from Design Ch. 37000 to Ch. 45990 Tiger Corridor-I Mitigation Structures from Design Ch. 37000 to Ch. 45990 Tiger Corridor-I in the State of Maharashtra on EPC Mode,NHAI,,,color,Maharashtra,Maharashtra,2026-01-01,2026-06-01,2027-12-01,2027-12-01,300.68,,True,0.0,0.0,2026-08,Table 6,122,1223,Ministry of Road Transport & Highways,Roads & Highways,NHAI,National Highways Authority of India [NHAI],,MoRTH,Transport & Logistics,False,False,Major,300.68,2026-07,2026-06,3,2026-06,,False
618298,Widening/Improvement of existing 2-Lane road to 4-Lane Divided Highway from Sekmai to Nilakuthi section of Imphal-Kohima Road Design Chainage from Km 297700 to Km 308729 of NH-39 New NH-02 in state of Manipur on EPC mode Pkg-5B,NHIDCL,N24001400,,color,Manipur,Manipur,2021-03-01,2021-07-01,2023-01-01,2026-09-01,211.7,,True,272.3,95.48,2026-08,Table 6,122,1224,Ministry of Road Transport & Highways,Roads & Highways,NHIDCL,National Highways & Infrastructure Development Corporation Ltd. [NHIDCL],,MoRTH,Transport & Logistics,True,True,Major,211.7,2026-07,2026-04,5,,,False
618299,Improvement/Up-gradation of existing 2-Lane Road to 4-Lane Divided Highway from Daili to Kuraopokpi section of Imphal-Kohima road NH-02 Design Chainage from Km 274610 to Km 287000 in the state of Manipur on EPC mode Pkg-4B,NHIDCL,,,color,Manipur,Manipur,2020-09-01,2024-12-01,2026-06-01,2027-01-01,268.98,,True,210.28,58.7,2026-08,Table 6,122,1225,Ministry of Road Transport & Highways,Roads & Highways,NHIDCL,National Highways & Infrastructure Development Corporation Ltd. [NHIDCL],,MoRTH,Transport & Logistics,True,True,Major,268.98,2026-07,2026-04,5,,DQ13,False
618300,Improvement/Up-gradation of existing 2-Lane Road to 4-Lane Divided Highway from Taphukuki to Daili section of Imphal-Kohima road NH-02 Design Chainage from Km 262175 to Km 274610 in the state of Manipur on EPC mode Pkg-4A,NHIDCL,N24001274,,color,Manipur,Manipur,2020-09-01,2020-10-01,2022-04-01,2026-12-01,379.39,,True,314.73,91.39,2026-08,Table 6,122,1226,Ministry of Road Transport & Highways,Roads & Highways,NHIDCL,National Highways & Infrastructure Development Corporation Ltd. [NHIDCL],,MoRTH,Transport & Logistics,True,True,Major,379.39,2026-07,2026-04,5,,,False
618301,Widening/Improvement of existing 2-lane to 4-Lane Divided Highway from Kuraopokpi to Sekmai section of Imphal-Kohima Road Design Ch. km 287.00 to 297.700 of NH-39 New NH-02 in state of Manipur on EPC mode Pkg-5A,NHIDCL,,,color,Manipur,Manipur,2020-09-01,2025-02-01,2026-08-01,2026-12-01,228.97,,True,143.26,48.36,2026-08,Table 6,122,1227,Ministry of Road Transport & Highways,Roads & Highways,NHIDCL,National Highways & Infrastructure Development Corporation Ltd. [NHIDCL],,MoRTH,Transport & Logistics,True,True,Major,228.97,2026-07,2026-04,5,,,False
618302,Widening/Improvement to 2-lane with earthen shoulder of Yaingangpokpi - Finch corner road section of NH-202 from Km 16.900 to Km 30.970 of NH-202 in the state of Manipur on EPC mode Package-2,NHIDCL,N24001332,,color,Manipur,Manipur,2020-03-01,2020-07-01,2022-06-01,2026-10-01,256.04,,True,195.0,98.12,2026-08,Table 6,122,1228,Ministry of Road Transport & Highways,Roads & Highways,NHIDCL,National Highways & Infrastructure Development Corporation Ltd. [NHIDCL],,MoRTH,Transport & Logistics,True,True,Major,256.04,2026-07,2026-04,5,,,False
618303,Widening/Improvement to 2-lane with earthen shoulder of Yaingangpokpi - Finch corner road section of NH-202 from Km 0.000 to Km 16.900 of NH-202 in the state of Manipur on EPC mode Package-1,NHIDCL,N24001331,,color,Manipur,Manipur,2020-03-01,2020-07-01,2022-06-01,2026-10-01,222.77,,True,140.9,88.96,2026-08,Table 6,122,1229,Ministry of Road Transport & Highways,Roads & Highways,NHIDCL,National Highways & Infrastructure Development Corporation Ltd. [NHIDCL],,MoRTH,Transport & Logistics,True,True,Major,222.77,2026-07,2026-04,5,,,False
618304,"Widening/Improvement to 2 Lane with earthen shoulder of Jessami to Laynen bridge Nagaland border section of NH-29 of Imphal -Ukhrul - Jessami Economic Corridor from km 0.000 to km 11.009 in the State of Manipur on EPC mode under Bharatmala Pariyojana, under NHO-NE Package-7",NHIDCL,N24002227,,color,Manipur,Manipur,2023-03-01,2024-12-01,2026-06-01,2027-02-01,164.89,,True,132.28,31.23,2026-08,Table 6,122,1230,Ministry of Road Transport & Highways,Roads & Highways,NHIDCL,National Highways & Infrastructure Development Corporation Ltd. [NHIDCL],,MoRTH,Transport & Logistics,True,True,Major,164.89,2026-07,2026-04,5,,,False
618305,Widening/Improvement to 2 lane with earthen shoulder of Marrem Khullen to Jessami section of NH-202 of Imphal - Ukhrul - Jessami Economic Corridor from Design Chainage km 95.700 to km 140.180 in the State of Manipur on EPC mode under Bharatmala Pariyojana under NHO-NE Package-6,NHIDCL,N24002202,10245,color,Manipur,Manipur,2023-03-01,2024-12-01,2026-12-01,2027-08-01,554.66,,True,230.0,27.34,2026-08,Table 6,122,1231,Ministry of Road Transport & Highways,Roads & Highways,NHIDCL,National Highways & Infrastructure Development Corporation Ltd. [NHIDCL],,MoRTH,Transport & Logistics,True,True,Major,554.66,2026-07,2026-04,5,,,False
618306,"Widening/Improvement to 2 lane with earthen shoulder of Choithar to Marrem Khullen section of NH-202 of Imphal Ukhrul Jessami Economic Corridor from Design Chainage km 53.110 to km 95.700 in the State of Manipur on EPC mode under Bharatmala Pariyojana, under NHO-NE Package-5",NHIDCL,N24002242,10246,color,Manipur,Manipur,2023-03-01,2025-05-01,2027-03-01,2027-08-01,564.05,,True,173.58,14.5,2026-08,Table 6,122,1232,Ministry of Road Transport & Highways,Roads & Highways,NHIDCL,National Highways & Infrastructure Development Corporation Ltd. [NHIDCL],,MoRTH,Transport & Logistics,True,True,Major,564.05,2026-07,2026-04,5,,,False
618333,Widening to 2 lane with Paved shoulder of lmphal to Jiribam section of NH-37 from Design Ch. from km 169570 Near Nungkao vlllage under Tamenglong District to km 205974 near Jiribam Bridge under Jiribam district under NHO-NE PKG-7,NHIDCL,N24001323,10267,color,Manipur,Manipur,2023-01-01,2023-12-01,2025-12-01,2026-12-01,760.16,,True,428.17,92.52,2026-08,Table 6,122,1233,Ministry of Road Transport & Highways,Roads & Highways,NHIDCL,National Highways & Infrastructure Development Corporation Ltd. [NHIDCL],,MoRTH,Transport & Logistics,True,True,Major,760.16,2026-07,2026-04,5,,,False
618334,Widening to 2 Lane with Paved shoulder of lmphal to Jiribam section of NH-37 from Design Ch. from km 131.280 to km 169.570 on EPC mode in Manipur under NHO- TSP PKG-6,NHIDCL,N24002132,10268,color,Manipur,Manipur,2021-12-01,2023-02-01,2025-02-01,2026-12-01,504.76,,True,328.0,95.2,2026-08,Table 6,122,1234,Ministry of Road Transport & Highways,Roads & Highways,NHIDCL,National Highways & Infrastructure Development Corporation Ltd. [NHIDCL],,MoRTH,Transport & Logistics,True,True,Major,504.76,2026-07,2026-04,5,,,False
618335,Widening to 2 Lane with Paved shoulder of lmphal to Jiribam section of NH-37 from Design Ch. from Km 101280 Near Khongsang Village to Km 131280 near Puilon Kambiron Village on EPC Mode in Manipur PKG-5,NHIDCL,N24000979,,color,Manipur,Manipur,2021-12-01,2022-11-01,2024-05-01,2026-12-01,410.68,,True,386.28,91.02,2026-08,Table 6,122,1235,Ministry of Road Transport & Highways,Roads & Highways,NHIDCL,National Highways & Infrastructure Development Corporation Ltd. [NHIDCL],,MoRTH,Transport & Logistics,True,True,Major,410.68,2026-07,2026-04,5,,,False
618336,Widening to 2 -Lane with Paved shoulder of Imphal to Jiribam section of NH-37 from Design Chainage 66.110 km to 101.280 Km Existing Chainage km 67.496 to km 103.557 on EPC Mode in Manipur PKG-4,NHIDCL,N24001390,10269,color,Manipur,Manipur,2021-09-01,2022-06-01,2023-12-01,2026-12-01,579.63,,True,408.21,86.53,2026-08,Table 6,122,1236,Ministry of Road Transport & Highways,Roads & Highways,NHIDCL,National Highways & Infrastructure Development Corporation Ltd. [NHIDCL],,MoRTH,Transport & Logistics,True,True,Major,579.63,2026-07,2026-04,5,,,False
618338,Widening to 2-Lane with Paved shoulder of Imphal to Jiribam section of NH-37 from Design Chainage 15.940 km to 33.120 Km Existing Chainage Km 15.946 to Km 33.395 Total length17.180 Km in the State of Manipur on EPC mode PKG-2 - Balance Works & Rectification works,NHIDCL,N24002244,,color,Manipur,Manipur,2021-03-01,2025-03-01,2026-03-01,2026-10-01,195.14,,True,162.73,93.22,2026-08,Table 6,122,1237,Ministry of Road Transport & Highways,Roads & Highways,NHIDCL,National Highways & Infrastructure Development Corporation Ltd. [NHIDCL],,MoRTH,Transport & Logistics,True,True,Major,195.14,2026-07,2026-04,5,,,False
618344,Widening to 2-lane with Hard shoulder of Churachandpur to Tuivai Section of NH- 102B from Design Chainage 69.875 Km to 121.769 Km in the State of Manipur on EPC mode Package-3,NHIDCL,N24001792,10271,color,Manipur,Manipur,2021-03-01,2021-08-01,2023-08-01,2026-12-01,673.27,,True,563.39,85.84,2026-08,Table 6,123,1238,Ministry of Road Transport & Highways,Roads & Highways,NHIDCL,National Highways & Infrastructure Development Corporation Ltd. [NHIDCL],,MoRTH,Transport & Logistics,True,True,Major,673.27,2026-07,2026-04,5,,,False
618345,Widening to 2-lane with Hard shoulder of Churachandpur to Tuivai Section from Km 48.587 to Km 69.875 in the State of Manipur on EPC mode under NHO Package-2B,NHIDCL,N24001730,,color,Manipur,Manipur,2020-06-01,2020-08-01,2022-08-01,2026-10-01,365.53,,True,198.73,88.2,2026-08,Table 6,123,1239,Ministry of Road Transport & Highways,Roads & Highways,NHIDCL,National Highways & Infrastructure Development Corporation Ltd. [NHIDCL],,MoRTH,Transport & Logistics,True,True,Major,365.53,2026-07,2026-04,5,,,False
618346,Widening to 2-lane with Hard shoulder of Churachandpur to Tuivai Section of NH- 102B from km 32.835 to km 48.587 in the State of Manipur on EPC mode under NHO Package-2A,NHIDCL,N24001270,,color,Manipur,Manipur,2020-04-01,2020-07-01,2022-06-01,2026-09-01,232.99,,True,155.44,100.0,2026-08,Table 6,123,1240,Ministry of Road Transport & Highways,Roads & Highways,NHIDCL,National Highways & Infrastructure Development Corporation Ltd. [NHIDCL],,MoRTH,Transport & Logistics,True,True,Major,232.99,2026-07,2026-04,5,,,False
618348,Balance work of Widening to 2 Two lane with hard shoulder of Churachandpur to Tuivai section of NH-102B from km 130.000 to km 141.029 Package-4B in the State of Manipur on EPC Mode,NHIDCL,,,color,Manipur,Manipur,2020-06-01,2025-11-01,2026-11-01,2026-11-01,177.76,,True,100.95,14.63,2026-08,Table 6,123,1241,Ministry of Road Transport & Highways,Roads & Highways,NHIDCL,National Highways & Infrastructure Development Corporation Ltd. [NHIDCL],,MoRTH,Transport & Logistics,True,True,Major,177.76,2026-07,2026-04,5,,,False
618349,Balance work of Widening to 2 Two lane with hard shoulder of Churachandpur to Tuivai section of NH-102B from Design Chainage km 118850 to km 130000 Package- 4A in the State of Manipur on EPC Mode,NHIDCL,,,color,Manipur,Manipur,2020-04-01,2025-08-01,2026-08-01,2026-11-01,204.12,,True,115.96,26.53,2026-08,Table 6,123,1242,Ministry of Road Transport & Highways,Roads & Highways,NHIDCL,National Highways & Infrastructure Development Corporation Ltd. [NHIDCL],,MoRTH,Transport & Logistics,True,True,Major,204.12,2026-07,2026-04,5,,,False
618355,"Construction of of 2 -Lane with paved shoulders road from Tamenglong-Tousem- Lisang-Mahur Road NH-137 starting near Dialong Village from km 10.000 at Dialong to km 31.430 near Old Tamenglong , near Barak River on EPC Mode Package-2",NHIDCL,N24001403,,color,Manipur,Manipur,2021-07-01,2021-09-01,2023-03-01,2026-03-01,483.87,,True,375.87,95.28,2026-08,Table 6,123,1243,Ministry of Road Transport & Highways,Roads & Highways,NHIDCL,National Highways & Infrastructure Development Corporation Ltd. [NHIDCL],,MoRTH,Transport & Logistics,True,True,Major,483.87,2026-07,2026-04,5,,,False
618356,Construction of 2 -Lane with paved shoulders road from Tamenglong to Mahur in the state of Manipur from km 31.430 at Old Tamenglong to km 43.480 ending near Phelong on EPC Mode Package-3,NHIDCL,N24001354,,color,Manipur,Manipur,2021-03-01,2021-06-01,2022-12-01,2026-04-01,234.08,,True,201.13,98.5,2026-08,Table 6,123,1244,Ministry of Road Transport & Highways,Roads & Highways,NHIDCL,National Highways & Infrastructure Development Corporation Ltd. [NHIDCL],,MoRTH,Transport & Logistics,True,True,Major,234.08,2026-07,2026-04,5,,,False
618357,Construction of 2 -Lane with paved shoulders road from Tamenglong to Mahur NH- 137 in Manipur starting from km 54.180 near Azuram to km 80.630 near Mandeu on EPC Mode Package 5,NHIDCL,N24001436,,color,Manipur,Manipur,2021-09-01,2021-11-01,2023-05-01,2026-01-01,477.86,,True,330.13,84.87,2026-08,Table 6,123,1245,Ministry of Road Transport & Highways,Roads & Highways,NHIDCL,National Highways & Infrastructure Development Corporation Ltd. [NHIDCL],,MoRTH,Transport & Logistics,True,True,Major,477.86,2026-07,2026-04,5,,,False
618358,Construction of 2 -Lane with paved shoulders road from Tamenglong to Mahur NH- 137 starting from km 80.630 near Mandeu to km 96.870 near Jiri River on EPC Mode Package-6,NHIDCL,N24001437,,color,Manipur,Manipur,2021-09-01,2021-11-01,2023-05-01,2025-12-01,311.18,,True,231.08,87.42,2026-08,Table 6,123,1246,Ministry of Road Transport & Highways,Roads & Highways,NHIDCL,National Highways & Infrastructure Development Corporation Ltd. [NHIDCL],,MoRTH,Transport & Logistics,True,True,Major,311.18,2026-07,2026-04,5,,,False
618387,Construction of 2-laning with Hard shoulder of Ukhrul Tolloi - Tadubi section of NH- 102A from Design Chainage km 9450 to km 50850 in the State of Manipur on EPC mode under NHO-NE Package-2,NHIDCL,N24002131,10296,color,Manipur,Manipur,2023-03-01,2024-03-01,2026-03-01,2026-12-01,578.98,,True,283.36,80.75,2026-08,Table 6,123,1247,Ministry of Road Transport & Highways,Roads & Highways,NHIDCL,National Highways & Infrastructure Development Corporation Ltd. [NHIDCL],,MoRTH,Transport & Logistics,True,True,Major,578.98,2026-07,2026-04,5,,,False
618388,Construction of 2-laning with Hard shoulder road of Ukhrul - Tolloi - Tadubi section of NH-102A from Design Chainage 50.850 km to 81.870 km in the State of Manipur on EPC mode under NHO-TSP Package -3,NHIDCL,N24001974,,color,Manipur,Manipur,2021-09-01,2023-07-01,2025-01-01,2026-12-01,315.56,,True,257.41,94.5,2026-08,Table 6,123,1248,Ministry of Road Transport & Highways,Roads & Highways,NHIDCL,National Highways & Infrastructure Development Corporation Ltd. [NHIDCL],,MoRTH,Transport & Logistics,True,True,Major,315.56,2026-07,2026-04,5,,,False
618389,Construction of 2-laning with Hard shoulder road of Ukhrul - Tolloi - Tadubi section of NH-102A from Design Chainage 81.870 km to 105.825 km in the State of Manipur on EPC mode under NHO-TSP Package -4,NHIDCL,N24001473,,color,Manipur,Manipur,2021-09-01,2022-08-01,2024-02-01,2026-10-01,310.76,,True,287.73,97.0,2026-08,Table 6,123,1249,Ministry of Road Transport & Highways,Roads & Highways,NHIDCL,National Highways & Infrastructure Development Corporation Ltd. [NHIDCL],,MoRTH,Transport & Logistics,True,True,Major,310.76,2026-07,2026-04,5,,,False
618415,"Improvement of existing road to 2 laning with Hard Shoulders of Maram-Peren section Package-1B, length- 17.660 km from Design Chainage 22.340 km to 40.000 km on NH-129A in the State of Manipur on EPC mode",NHIDCL,N24001350,,color,Manipur,Manipur,2021-02-01,2021-06-01,2022-12-01,2026-03-01,188.36,,True,0.0,100.0,2026-08,Table 6,123,1250,Ministry of Road Transport & Highways,Roads & Highways,NHIDCL,National Highways & Infrastructure Development Corporation Ltd. [NHIDCL],,MoRTH,Transport & Logistics,True,True,Major,188.36,2026-07,2026-04,5,,DQ03; DQ04,True
618416,"Improvement of existing road to 2 laning with Hard Shoulders of Maram -Peren section Package-1A, length- 22.340Km from Design Chainage 0.000 km to 22.340 km on NH-129A in the State of Manipur on EPC mode",NHIDCL,N24001349,,color,Manipur,Manipur,2021-02-01,2021-06-01,2022-12-01,2027-03-01,226.32,,True,190.19,75.08,2026-08,Table 6,123,1251,Ministry of Road Transport & Highways,Roads & Highways,NHIDCL,National Highways & Infrastructure Development Corporation Ltd. [NHIDCL],,MoRTH,Transport & Logistics,True,True,Major,226.32,2026-07,2026-04,5,,,False
617885,Rehabilitation and Up-gradation of Nongstoin Wahkaji section of Project Road Km 0000 to Km 43060 to Intermediate Lane with earthern shoulder under SARDP-NE Phase-A in the State of Meghalaya on EPC mode. Job No- SARDP-NE ong-Don- Maw/MG/2020-21/294,MoRTH,N24001441,,color,Meghalaya,Meghalaya,2020-08-01,2022-02-01,2023-08-01,2026-09-01,302.88,,True,232.62,99.62,2026-08,Table 6,123,1252,Ministry of Road Transport & Highways,Roads & Highways,MORTH,MoRTH,,MoRTH,Transport & Logistics,True,True,Major,302.88,2026-07,2026-04,5,,,False
618076,Improvement and Widening two lannig with paved Shoulder of NH 127B from km 31.500 Goeragre to km 63.224 Package-II in state of Meghalaya,MoRTH,N24002239,,color,Meghalaya,Meghalaya,2023-12-01,2025-05-01,2027-05-01,,504.0,,True,75.72,4.5,2026-08,Table 6,123,1253,Ministry of Road Transport & Highways,Roads & Highways,MORTH,MoRTH,,MoRTH,Transport & Logistics,True,True,Major,350.67,2026-07,2026-04,5,,,False
618294,Improvement and Widening of National Highway No. 127B Darugiri - Songsak - Williamnagar Junction Section to two lane with paved shoulder from design Km 0000 to Km 36635 Design length 36.635 Km existing Km 112000 to Km 151060 of NH-1278 under Bharatmala Pariyojana Lot-1 Pkg-1B Meghalaya portion,NHIDCL,,10243,color,Meghalaya,Meghalaya,2023-03-01,2025-09-01,2027-09-01,2027-09-01,801.07,,True,186.68,27.76,2026-08,Table 6,124,1254,Ministry of Road Transport & Highways,Roads & Highways,NHIDCL,National Highways & Infrastructure Development Corporation Ltd. [NHIDCL],,MoRTH,Transport & Logistics,True,True,Major,801.07,2026-07,2026-04,5,,,False
618295,Improvement/Widening of New NH-217 Dainadubi-Darugiri section to Two lane with paved shoulder in Meghalaya from design Km 0000 to Km 40840 existing Km 8600 to Km 53000 of Old NH-62 under BMP Lot-1 Pkg-1B Meghalaya portion,NHIDCL,N24002233,10244,color,Meghalaya,Meghalaya,2023-03-01,2025-03-01,2027-03-01,2027-03-01,705.83,,True,0.0,49.82,2026-08,Table 6,124,1255,Ministry of Road Transport & Highways,Roads & Highways,NHIDCL,National Highways & Infrastructure Development Corporation Ltd. [NHIDCL],,MoRTH,Transport & Logistics,True,True,Major,705.83,2026-07,2026-04,5,,,False
618374,Improvement/Widening to 2-L with Paved Shoulder/ 4-Laning of NH-40 section from Km 151330 to Km 163400 design Km 63.530 to Km 71.520 including Dawki Bridge of length 368 m between Shillong-Dawki under JICA ODA Loan assistance Phase-II Pkg- 5 -Balance work,NHIDCL,N24001335,,color,Meghalaya,Meghalaya,2020-07-01,2024-05-01,2026-11-01,2026-11-01,284.21,,True,170.81,43.86,2026-08,Table 6,124,1256,Ministry of Road Transport & Highways,Roads & Highways,NHIDCL,National Highways & Infrastructure Development Corporation Ltd. [NHIDCL],,MoRTH,Transport & Logistics,True,True,Major,284.21,2026-07,2026-04,5,,,False
618375,Improvement/Widening to 2-Lane with Paved Shoulder from design Km 45.760 to Km 63.530 between Shillong-Dawki under JICA ODA Loan assistance Phase-II -Balance work Pkg-4,NHIDCL,N24001334,,color,Meghalaya,Meghalaya,2020-07-01,2024-04-01,2026-04-01,2026-10-01,445.51,,True,42.39,53.85,2026-08,Table 6,124,1257,Ministry of Road Transport & Highways,Roads & Highways,NHIDCL,National Highways & Infrastructure Development Corporation Ltd. [NHIDCL],,MoRTH,Transport & Logistics,True,True,Major,445.51,2026-07,2026-04,5,,,False
618376,Improvement/Widening to 2-Lane with Paved Shoulder between Shillong-Dawki road up to Bangladesh Border from design Km 10.670 to Km 37.550 under JICA ODA Loan assistance Phase-II -Balance Work-Pkg-2,NHIDCL,N24001314,10288,color,Meghalaya,Meghalaya,2020-07-01,2024-02-01,2026-08-01,2026-12-01,525.67,,True,0.0,53.22,2026-08,Table 6,124,1258,Ministry of Road Transport & Highways,Roads & Highways,NHIDCL,National Highways & Infrastructure Development Corporation Ltd. [NHIDCL],,MoRTH,Transport & Logistics,True,True,Major,525.67,2026-07,2026-04,5,,,False
618377,Improvement/Widening to 2-L with Paved Shoulder/4-L from Km 81740 to Km 93490 design Km 0000 to Km 10670 of NH-40 New NH-106 & 206 section & 4-L from design Km 0.00 to Km 0.930 of NH-44 section between Shillong-Dawki under JICA ODA Loan assistance Phase-II -Balance Work Pkg-1,NHIDCL,N24001313,,color,Meghalaya,Meghalaya,2020-07-01,2023-10-01,2025-10-01,2026-06-01,351.12,,True,243.5,100.0,2026-08,Table 6,124,1259,Ministry of Road Transport & Highways,Roads & Highways,NHIDCL,National Highways & Infrastructure Development Corporation Ltd. [NHIDCL],,MoRTH,Transport & Logistics,True,True,Major,351.12,2026-07,2026-04,5,,,False
618418,Rehabilitation and up gradation of Nongstoin-Rambrai-Kyrshai road up to Meghalaya- Assam border from Km 0.335 to km 34.039 to 2-Lane under NHO - NE in the State of Meghalaya Package-1,NHIDCL,N24001474,,color,Meghalaya,Meghalaya,2021-09-01,2022-05-01,2024-05-01,2027-03-01,359.86,,True,310.09,83.15,2026-08,Table 6,124,1260,Ministry of Road Transport & Highways,Roads & Highways,NHIDCL,National Highways & Infrastructure Development Corporation Ltd. [NHIDCL],,MoRTH,Transport & Logistics,True,True,Major,359.86,2026-07,2026-04,5,,,False
618419,"Construction of 2-Lane with paved shoulders of Shillong Western Bypass starting from NH-06 near Ladumsaw existing Km 60.900 of old NH40 to NH106 old NH 44E Package-III, from km 24700 to km 38256 under SARDP-NE PHASE A in the state of Meghalaya on EPC Mode Greenfield alignment",NHIDCL,N24002158,10306,color,Meghalaya,Meghalaya,2023-03-01,2024-09-01,2026-09-01,2027-06-01,562.48,,True,340.17,52.29,2026-08,Table 6,124,1261,Ministry of Road Transport & Highways,Roads & Highways,NHIDCL,National Highways & Infrastructure Development Corporation Ltd. [NHIDCL],,MoRTH,Transport & Logistics,True,True,Major,562.48,2026-07,2026-04,5,,,False
618420,"Construction of 2 lane with paved shoulder of Shillong Western Bypass starting from NH-06 near Ladumsaw existing km 60.900 of old NH-40 to NH-106 old NH-44E, Package-II km 12800 to km 24700 under SARDP-NE Phase A in the State of Meghalaya on EPC Mode",NHIDCL,N24002157,10307,color,Meghalaya,Meghalaya,2023-03-01,2024-09-01,2026-09-01,2027-06-01,686.03,,True,360.59,50.95,2026-08,Table 6,124,1262,Ministry of Road Transport & Highways,Roads & Highways,NHIDCL,National Highways & Infrastructure Development Corporation Ltd. [NHIDCL],,MoRTH,Transport & Logistics,True,True,Major,686.03,2026-07,2026-04,5,,,False
618421,"Construction of 2-Lane with paved shoulder of Shillong Western Bypass starting from NH-06 near Ladumsaw Existing km 60.900 of old NH-40 to NH106 old NH-44E, km 0000 to km 12800 Package-I under SARDP-NE PHASE A in the State of Meghalaya on EPC Mode Greenfield alignment",NHIDCL,N24002156,10308,color,Meghalaya,Meghalaya,2023-03-01,2024-09-01,2026-09-01,2027-03-01,620.3,,True,332.96,75.41,2026-08,Table 6,124,1263,Ministry of Road Transport & Highways,Roads & Highways,NHIDCL,National Highways & Infrastructure Development Corporation Ltd. [NHIDCL],,MoRTH,Transport & Logistics,True,True,Major,620.3,2026-07,2026-04,5,,,False
618316,4-Laning of Vairengte - Chhimluang section Package-3 of NH-306 from Existing Chainage km 43000 to Km 59700 Design Chainage km 46000 to km 60850 on Silchar - Vairengte- Sairang road in the State of Mizoram under Bharatmala Pariyojna under NHO-NE. Package-1&2 in Assam state,NHIDCL,,,color,Mizoram,Mizoram,2021-12-01,2025-07-01,2027-01-01,2026-12-01,491.39,,True,245.24,17.86,2026-08,Table 6,124,1264,Ministry of Road Transport & Highways,Roads & Highways,NHIDCL,National Highways & Infrastructure Development Corporation Ltd. [NHIDCL],,MoRTH,Transport & Logistics,True,True,Major,491.39,2026-07,2026-04,5,,DQ09,False
618317,4-Laning of chhimluang-Kolasib from section pkg-4 of NH-306 & NH-6 existing chainage km 59700 to km 86000 design chainage km 61000 to km 77500 on Silchar- vairengte-sairang road in the state of Mizoram under Bharatmala Pariyojna on EPC mode Vairengte - Sairang Pkg-4,NHIDCL,,10255,color,Mizoram,Mizoram,2021-12-01,2025-07-01,2027-01-01,2026-12-01,561.91,,True,224.19,17.12,2026-08,Table 6,124,1265,Ministry of Road Transport & Highways,Roads & Highways,NHIDCL,National Highways & Infrastructure Development Corporation Ltd. [NHIDCL],,MoRTH,Transport & Logistics,True,True,Major,561.91,2026-07,2026-04,5,,DQ09,False
618318,4-Laning of Kolasib - Sethawn section Package-5 of NH-6 from Existing Chainage km 86000 to km 107850 Design Chainage km 77500 to km 95500 on silchar - vairengte - sairang road under Bharatmala Pariyojna on EPC mode under NHO-NE Vairengte - Sairang Pkg-5,NHIDCL,,10256,color,Mizoram,Mizoram,2021-11-01,2025-07-01,2027-07-01,2027-06-01,720.4,,True,260.12,11.86,2026-08,Table 6,124,1266,Ministry of Road Transport & Highways,Roads & Highways,NHIDCL,National Highways & Infrastructure Development Corporation Ltd. [NHIDCL],,MoRTH,Transport & Logistics,True,True,Major,720.4,2026-07,2026-04,5,,DQ09,False
618319,"4-Laning of Sethawn - N. Kawnpui section Package-6 of NH-6 from Existing Chainage km 107850 to km 126315 Design Chainage km 95500 to km 111850 on Silchar- Vairengte- Sairang road, Vairengte - Sairang Pkg-6",NHIDCL,,10257,color,Mizoram,Mizoram,2021-12-01,2025-07-01,2027-01-01,2026-12-01,595.65,,True,189.4,6.72,2026-08,Table 6,124,1267,Ministry of Road Transport & Highways,Roads & Highways,NHIDCL,National Highways & Infrastructure Development Corporation Ltd. [NHIDCL],,MoRTH,Transport & Logistics,True,True,Major,595.65,2026-07,2026-04,5,,DQ09,False
618320,Construction of 4-Laning of N. Kawnpui N. Mualvum Mualkhang via Khamrang Village section Package-7 of NH-6 from Existing Chainage km 127200 to km 142000 Design Chainage km 111850 to km 123400 on Silchar - Vairengte - Sairang road in the State of Mizoram on EPC mode,NHIDCL,,10258,color,Mizoram,Mizoram,2024-02-01,2025-10-01,2028-10-01,,866.32,,True,198.28,18.9,2026-08,Table 6,125,1268,Ministry of Road Transport & Highways,Roads & Highways,NHIDCL,National Highways & Infrastructure Development Corporation Ltd. [NHIDCL],,MoRTH,Transport & Logistics,True,True,Major,866.32,2026-07,2026-04,5,,,False
618321,Construction of 4-Laning of West Serawlg-Sairang section of NH-6 from Existing Chainage km 142000 to km 158900 Design Chainage km 123400 to km 136260 on Silchar - Vairengte - Sairang road in the State of Mizoram under Bharatmala Pariyojna on EPC mode under NHO-NE Package-8,NHIDCL,,10259,color,Mizoram,Mizoram,2024-02-01,2025-11-01,2028-11-01,,875.79,,True,288.71,13.95,2026-08,Table 6,125,1269,Ministry of Road Transport & Highways,Roads & Highways,NHIDCL,National Highways & Infrastructure Development Corporation Ltd. [NHIDCL],,MoRTH,Transport & Logistics,True,True,Major,875.79,2026-07,2026-04,5,,,False
618323,Construction of Twin Tube Uni-directional Aizawl Bypass Tunnel of 2.5 km and its approaches of 2.1 km from km 10.600 to km 15.200 on Sarrang - Phaibawk section of NH-6 in the State of Mizoram on EPC Mode under NHO-NE Package-2,NHIDCL,,,color,Mizoram,Mizoram,2024-01-01,2025-12-01,2028-12-01,,1313.28,,True,0.11,0.0,2026-08,Table 6,125,1270,Ministry of Road Transport & Highways,Roads & Highways,NHIDCL,National Highways & Infrastructure Development Corporation Ltd. [NHIDCL],,MoRTH,Transport & Logistics,True,True,Mega,1313.28,2026-07,2026-04,5,,,False
618324,Construction of 2-lane Aizawl Bypass from km 15.200 to km 34.500 Package-3 on Sairang - Phaibawk section of NH-6 in the State of Mizoram under Bharatmala Pariyojna on EPC Mode under NHO-NE,NHIDCL,,10260,color,Mizoram,Mizoram,2023-02-01,2025-10-01,2028-11-01,,720.72,,True,102.91,15.1,2026-08,Table 6,125,1271,Ministry of Road Transport & Highways,Roads & Highways,NHIDCL,National Highways & Infrastructure Development Corporation Ltd. [NHIDCL],,MoRTH,Transport & Logistics,True,True,Major,720.72,2026-07,2026-04,5,,,False
618362,Construction of 2-laning with hard shoulder of Lunglei to Chhumkhum from Design Chainage Km 0.000 to Km 37.420 of NH-302 [Lunglei-Tlabung] Package-A,NHIDCL,N24001358,10280,color,Mizoram,Mizoram,2021-03-01,2021-06-01,2022-12-01,2026-11-01,698.45,,True,554.29,64.78,2026-08,Table 6,125,1272,Ministry of Road Transport & Highways,Roads & Highways,NHIDCL,National Highways & Infrastructure Development Corporation Ltd. [NHIDCL],,MoRTH,Transport & Logistics,True,True,Major,698.45,2026-07,2026-04,5,,,False
618363,Construction of 2-laning with hard shoulder configuration of Chhumkhum to Tlabung from Design Chainage Km 37.420 to Km 74.950 of NH-302 in Mizoram under Bharatmala Pariyojana on EPC mode [Pkg-B],NHIDCL,N24001359,10281,color,Mizoram,Mizoram,2021-06-01,2021-07-01,2023-01-01,2026-12-01,740.58,,True,494.49,61.34,2026-08,Table 6,125,1273,Ministry of Road Transport & Highways,Roads & Highways,NHIDCL,National Highways & Infrastructure Development Corporation Ltd. [NHIDCL],,MoRTH,Transport & Logistics,True,True,Major,740.58,2026-07,2026-04,5,,,False
618379,Widening and Up-gradation to 2- Lane with Paved Shoulder Configuration and geometric improvement from Km. 208. 000 to Km 250.000 Package-5 on Aizawl Tuipang Section of NH-54 in the State of Mizoram Package-5,NHIDCL,N24000861,10290,color,Mizoram,Mizoram,2019-09-01,2019-10-01,2023-04-01,2026-08-01,752.89,,True,125.64,95.35,2026-08,Table 6,125,1274,Ministry of Road Transport & Highways,Roads & Highways,NHIDCL,National Highways & Infrastructure Development Corporation Ltd. [NHIDCL],,MoRTH,Transport & Logistics,True,True,Major,752.89,2026-07,2026-04,5,,,False
618383,Widening and up-gradation to 2-lane with paved shoulder configuration and geometric improvements from km 339.00 to km 380.00 Siaha on Aizawl-Tuipang section under JICA ODA Loan assistance Phase-I Package-8,NHIDCL,N24000865,10294,color,Mizoram,Mizoram,2019-09-01,2020-03-01,2023-09-01,2026-06-01,637.06,,True,551.56,99.82,2026-08,Table 6,125,1275,Ministry of Road Transport & Highways,Roads & Highways,NHIDCL,National Highways & Infrastructure Development Corporation Ltd. [NHIDCL],,MoRTH,Transport & Logistics,True,True,Major,637.06,2026-07,2026-04,5,,,False
618452,"2-laning of Zorinpui - Longmasu section of NH-502A from km 0.000 to km 28.244 in the State of Mizoram on EPC mode under NHO-NE, stretch of IMBR",NHIDCL,N24002204,10312,color,Mizoram,Mizoram,2023-02-01,2024-12-01,2026-12-01,2027-12-01,781.85,,True,48.39,4.71,2026-08,Table 6,125,1276,Ministry of Road Transport & Highways,Roads & Highways,NHIDCL,National Highways & Infrastructure Development Corporation Ltd. [NHIDCL],,MoRTH,Transport & Logistics,True,True,Major,781.85,2026-07,2026-04,5,,,False
619010,Up-gradation to 2 lane with paved shoutders of Pawlrang - Rulchawm section- of NH- 102B of Aizawl - Imphal Economic Corridor from Existing Chainage km 72.030 to km 104.129 including 2.459 km re-alignment section from Tuivai River to Rulchawm connecting km 48.150 of NH-6 [Design Chainage km 68.170 to km 98.579] in the State of Mizoram under Bharatmala Pariyojna on EPC mode under NHO-NE Package-3 Keifang- Tuivai Pkg-3,NHIDCL,N24002027,10806,color,Mizoram,Mizoram,2021-12-01,2023-11-01,2025-05-01,2026-07-01,500.88,,True,443.52,99.52,2026-08,Table 6,125,1277,Ministry of Road Transport & Highways,Roads & Highways,NHIDCL,National Highways & Infrastructure Development Corporation Ltd. [NHIDCL],,MoRTH,Transport & Logistics,True,True,Major,500.88,2026-07,2026-04,5,,,False
619321,Balance work of widening to two laning/re-alignment and geometric improvement from Km. 11000 to Km. 114618 with rectification of damaged stretches and provision of protection works in vulnerable location of NH-44 in the State of Mizoram.,MoRTH,,,color,Mizoram,Mizoram,2025-10-01,2026-05-01,2028-05-01,,170.96,,True,0.0,2.0,2026-08,Table 6,125,1278,Ministry of Road Transport & Highways,Roads & Highways,MORTH,MoRTH,,MoRTH,Transport & Logistics,True,True,Major,170.96,2026-07,2026-05,4,2026-05,,False
619199,Bangalore Chennai Expressway Phase-II Pkg-I from km.71.000 to Km 96.000 Bethamangala in the state of Karnataka to Byreddypalli,NHAI,,11890,color,Multi-States,Andhra Pradesh; Karnataka,2020-12-01,2022-10-01,2024-10-01,2026-09-01,1410.01,,True,747.22,99.2,2026-08,Table 6,125,1279,Ministry of Road Transport & Highways,Roads & Highways,NHAI,National Highways Authority of India [NHAI],,MoRTH,Transport & Logistics,False,False,Mega,1410.01,2026-07,2026-04,5,,,False
618681,6L Aluru - Jakkuva Section of NH-130CD Road from km 365.033 to km 396.800 Pkg. 1,NHAI,N24001838,10484,color,Multi-States,Andhra Pradesh; Odisha,2021-02-01,2022-03-01,2024-03-01,2026-10-01,1216.12,,True,731.37,99.63,2026-08,Table 6,125,1280,Ministry of Road Transport & Highways,Roads & Highways,NHAI,National Highways Authority of India [NHAI],,MoRTH,Transport & Logistics,False,False,Mega,1241.66,2026-07,2026-04,5,,,False
618477,Bangalore Chennai Expressway Phase-III Package I Gudipala to Walajajhpet from Km 156.000 to Km 180.000,NHAI,N24001720,10336,color,Multi-States,Andhra Pradesh; Tamil Nadu,2020-10-01,2022-05-01,2024-05-01,2026-10-01,1481.87,,True,751.77,99.02,2026-08,Table 6,125,1281,Ministry of Road Transport & Highways,Roads & Highways,NHAI,National Highways Authority of India [NHAI],,MoRTH,Transport & Logistics,False,False,Mega,1481.87,2026-07,2026-04,5,,,False
618634,6L of Veera Kaveri Raja Puram to Pondavakkam from km 61.380 to km 96.040 of NH 716B Pkg-III,NHAI,N24001819,10452,color,Multi-States,Andhra Pradesh; Tamil Nadu,2021-03-01,2023-01-01,2025-01-01,2026-09-01,1439.77,,True,809.3,98.89,2026-08,Table 6,125,1282,Ministry of Road Transport & Highways,Roads & Highways,NHAI,National Highways Authority of India [NHAI],,MoRTH,Transport & Logistics,False,False,Mega,1439.77,2026-07,2026-04,5,,,False
618769,Walajahpet/Ranipet to TN/AP Border Section of from Km.106.800 to Km.133.36 NH-4,NHAI,,10548,color,Multi-States,Andhra Pradesh; Tamil Nadu,2024-12-01,2025-09-01,2027-09-01,2027-09-01,1338.14,,True,243.33,15.58,2026-08,Table 6,125,1283,Ministry of Road Transport & Highways,Roads & Highways,NHAI,National Highways Authority of India [NHAI],,MoRTH,Transport & Logistics,False,False,Mega,1214.7,2026-07,2026-04,5,,,False
618772,6L of Kumarajapet to Veera Kaveri Raja Puram from km 43.800 to km 61.380 of NH- 716B Pkg-II,NHAI,N24001988,10550,color,Multi-States,Andhra Pradesh; Tamil Nadu,2021-02-01,2023-10-01,2025-10-01,2026-09-01,702.52,,True,405.96,99.8,2026-08,Table 6,126,1284,Ministry of Road Transport & Highways,Roads & Highways,NHAI,National Highways Authority of India [NHAI],,MoRTH,Transport & Logistics,False,False,Major,799.36,2026-07,2026-04,5,,,False
619077,6 laning of Balance Work of Chennai - Tada from km. 21.40 to km. 54.40,NHAI,,,color,Multi-States,Andhra Pradesh; Tamil Nadu,2017-12-01,2018-03-01,2020-03-01,2026-09-01,464.62,,True,389.97,100.0,2026-08,Table 6,126,1285,Ministry of Road Transport & Highways,Roads & Highways,NHAI,National Highways Authority of India [NHAI],,MoRTH,Transport & Logistics,False,False,Major,472.37,2026-07,2026-04,5,,,False
618747,Khammam-Devarapalle Pkg III [4L Access Controlled Greenfield from Chintagudem village to Recherla village Design Chainage 63117 to 105236],NHAI,N24001484,10534,color,Multi-States,Andhra Pradesh; Telangana,2021-01-01,2022-09-01,2024-09-01,2026-09-01,829.5,,True,669.77,98.82,2026-08,Table 6,126,1286,Ministry of Road Transport & Highways,Roads & Highways,NHAI,National Highways Authority of India [NHAI],,MoRTH,Transport & Logistics,False,False,Major,1227.07,2026-07,2026-04,5,,,False
618818,4L Access Controlled Greenfield Highway section on NH-163G Khammam Vijayawada from Remidicherla village at Design Ch. 280.200 Km to Jakkampudi village on NH-16 at Design Ch. 309.909 Km Package-III,NHAI,,10585,color,Multi-States,Andhra Pradesh; Telangana,2023-03-01,2025-10-01,2027-05-01,2027-12-01,1183.23,,True,229.02,5.8,2026-08,Table 6,126,1287,Ministry of Road Transport & Highways,Roads & Highways,NHAI,National Highways Authority of India [NHAI],,MoRTH,Transport & Logistics,False,False,Mega,1225.14,2026-07,2026-04,5,,,False
619143,4L Access Controlled Greenfield Highway section on NH-163G Khammam Vijayawada from BrahmanapalliK village at Design Ch. 250.400 Km to Remidicherla village at Design Ch. 280.200 KmPackage-II,NHAI,,11808,color,Multi-States,Andhra Pradesh; Telangana,2023-03-01,2025-03-01,2027-03-01,2027-06-01,826.01,,True,176.6,25.78,2026-08,Table 6,126,1288,Ministry of Road Transport & Highways,Roads & Highways,NHAI,National Highways Authority of India [NHAI],,MoRTH,Transport & Logistics,False,False,Major,862.58,2026-07,2026-04,5,,,False
619212,6L Access Controlled Greenfield Highway of Julekal village to Dinnedevarapadu village from Km 242.200 to Km 280.400 Pkg-2,NHAI,,11902,color,Multi-States,Andhra Pradesh; Telangana,2022-01-01,2023-01-01,2025-01-01,2027-04-01,1227.57,,True,539.2,70.6,2026-08,Table 6,126,1289,Ministry of Road Transport & Highways,Roads & Highways,NHAI,National Highways Authority of India [NHAI],,MoRTH,Transport & Logistics,False,False,Mega,1315.87,2026-07,2026-04,5,,,False
618359,Widening/Improvement to 4-Lane with Paved Shoulder from km 55000 Nagabang Gamsuk to km 82514 Oyan in the State of Assam and Arunachal Pradesh on EPC mode under Bharatmala Pariyojna of Length 27.514 Km Package-3,NHIDCL,N24002155,10277,color,Multi-States,Arunachal Pradesh; Assam,2023-03-01,2024-09-01,2027-03-01,2027-03-01,665.47,,True,380.97,96.7,2026-08,Table 6,126,1290,Ministry of Road Transport & Highways,Roads & Highways,NHIDCL,National Highways & Infrastructure Development Corporation Ltd. [NHIDCL],,MoRTH,Transport & Logistics,True,True,Major,665.47,2026-07,2026-04,5,,,False
618531,6L of Aurangabad to Bihar-Jharkhand border Chordaha section from km. 180.000 to km. 209.827 of NH-2 PKG-01,NHAI,N24001703,10382,color,Multi-States,Bihar; Jharkhand,2021-02-01,2024-12-01,2026-12-01,2026-12-01,1054.46,,True,242.25,37.93,2026-08,Table 6,126,1291,Ministry of Road Transport & Highways,Roads & Highways,NHAI,National Highways Authority of India [NHAI],,MoRTH,Transport & Logistics,False,False,Mega,786.81,2026-07,2026-04,5,,,False
618724,6L Greenfield Varanasi-Ranchi-Kolkata Highway from Anarbansalea village to Sagrampur village From KM. 151200 to KM. 184700Package-7,NHAI,,10519,color,Multi-States,Bihar; Jharkhand,2023-03-01,2025-07-01,2027-06-01,2028-03-01,1719.2,,True,388.27,28.16,2026-08,Table 6,126,1292,Ministry of Road Transport & Highways,Roads & Highways,NHAI,National Highways Authority of India [NHAI],,MoRTH,Transport & Logistics,False,False,Mega,1723.42,2026-07,2026-04,5,,,False
618732,6L Greenfield Varanasi- Ranchi- Kolkata Highway from Sonepurbigha village to junction with NH- 22 Chatra Bypass near Chatra from km 184.700 to km 222.000Pkg - 8,NHAI,,,color,Multi-States,Bihar; Jharkhand,2023-03-01,2026-05-01,2028-05-01,2028-05-01,1728.17,,True,204.73,4.5,2026-08,Table 6,126,1293,Ministry of Road Transport & Highways,Roads & Highways,NHAI,National Highways Authority of India [NHAI],,MoRTH,Transport & Logistics,False,False,Mega,1728.17,2026-07,2026-05,4,2026-05,,False
618951,Hariharganj to Parwa Mode section from km 23.284 to km 57.049 of NH-98,NHAI,N24001589,10687,color,Multi-States,Bihar; Jharkhand,2020-09-01,2022-03-01,2024-02-01,2026-09-01,1125.78,,True,830.08,91.3,2026-08,Table 6,126,1294,Ministry of Road Transport & Highways,Roads & Highways,NHAI,National Highways Authority of India [NHAI],,MoRTH,Transport & Logistics,False,False,Mega,1186.56,2026-07,2026-04,5,,,False
618952,4L of Sahibganj - Manihari Ganga Bridge including Manihari Bypass,NHAI,N24000714,10688,color,Multi-States,Bihar; Jharkhand,2016-10-01,2020-11-01,2024-10-01,2027-10-01,2301.89,,True,2026.97,87.02,2026-08,Table 6,126,1295,Ministry of Road Transport & Highways,Roads & Highways,NHAI,National Highways Authority of India [NHAI],,MoRTH,Transport & Logistics,False,False,Mega,1978.01,2026-07,2026-04,5,,DQ15,False
619078,Six Laning of Bihar - Jharkhand Border Chordaha - Gorhar section of NH-2 from km 249.525 to km 320.810,NHAI,N24000726,11767,color,Multi-States,Bihar; Jharkhand,2017-12-01,2019-06-01,2021-11-01,2026-12-01,1772.7,,True,1292.61,78.0,2026-08,Table 6,126,1296,Ministry of Road Transport & Highways,Roads & Highways,NHAI,National Highways Authority of India [NHAI],,MoRTH,Transport & Logistics,False,False,Mega,1689.17,2026-07,2026-04,5,,,False
619307,4L of Munger Mirzachauki section from Km 157350 to Km 193931 Pkg-4,NHAI,,12097,color,Multi-States,Bihar; Jharkhand,2021-02-01,2022-08-01,2024-08-01,2026-10-01,1376.56,,True,896.75,92.74,2026-08,Table 6,126,1297,Ministry of Road Transport & Highways,Roads & Highways,NHAI,National Highways Authority of India [NHAI],,MoRTH,Transport & Logistics,False,False,Mega,1481.58,2026-07,2026-04,5,,,False
618530,Six Laning of Varanasi to Aurangabad from km. 786.00 to km. 978.40 of Old NH-2,NHAI,N24000182,10381,color,Multi-States,Bihar; Uttar Pradesh,2009-02-01,2011-09-01,2014-03-01,2026-09-01,3241.56,,True,2864.1,99.92,2026-08,Table 6,126,1298,Ministry of Road Transport & Highways,Roads & Highways,NHAI,National Highways Authority of India [NHAI],,MoRTH,Transport & Logistics,False,False,Mega,3241.56,2026-07,2026-04,5,,,False
618728,6L Greenfield Varanasi-Ranchi-Kolkata Highway from junction with NH-19 & Varanasi Ring Road near Rewasa village to junction with Chandauli-Chainpur road near Khainti village from Km. 0.000 to Km. 27.000 - Pkg-1,NHAI,,10523,color,Multi-States,Bihar; Uttar Pradesh,2023-03-01,2024-11-01,2026-11-01,2027-05-01,1433.39,,True,598.1,47.63,2026-08,Table 6,126,1299,Ministry of Road Transport & Highways,Roads & Highways,NHAI,National Highways Authority of India [NHAI],,MoRTH,Transport & Logistics,False,False,Mega,1564.15,2026-07,2026-04,5,,,False
618882,Construction of additional 3-Lane Bridge over River Ganga for connection between Buxar and Bharauli on NH-922 in the State of Uttar Pradesh and Bihar on Hybrid Annuity Mode,NHAI,,,color,Multi-States,Bihar; Uttar Pradesh,2024-03-01,2025-08-01,2028-02-01,2028-02-01,531.61,,True,47.4,22.26,2026-08,Table 6,126,1300,Ministry of Road Transport & Highways,Roads & Highways,NHAI,National Highways Authority of India [NHAI],,MoRTH,Transport & Logistics,False,False,Major,444.92,2026-07,2026-04,5,,,False
619154,Construction of Four Lane Highway from Ghazipur- Ballia-UP/Bihar State Border Greenfield section of NH-31 Package III [from Pindari km 78.150 to Rawalganj Bypass Km 117.120] on EPC Mode in the state of Uttar Pradesh.,NHAI,,11812,color,Multi-States,Bihar; Uttar Pradesh,2022-10-01,2023-08-01,2025-08-01,2026-11-01,1493.5,,True,1064.59,86.11,2026-08,Table 6,126,1301,Ministry of Road Transport & Highways,Roads & Highways,NHAI,National Highways Authority of India [NHAI],,MoRTH,Transport & Logistics,False,False,Mega,1493.59,2026-07,2026-04,5,,,False
618584,4L of Kishanganj - Bahadurganj section from Km. 0.000 to Km. 23.649 & interchange at Start Point Length - 1.200 Km of NH-27,NHAI,,,color,Multi-States,Bihar; West Bengal,2025-01-01,2025-12-01,2027-12-01,2027-12-01,962.84,,True,221.43,20.14,2026-08,Table 6,127,1302,Ministry of Road Transport & Highways,Roads & Highways,NHAI,National Highways Authority of India [NHAI],,MoRTH,Transport & Logistics,False,False,Major,855.56,2026-07,2026-04,5,,,False
619064,Vadodara Mumbai Expressway Talsari to Karvad Phase IB - Pkg X [Km 103.400 to Km 128.000],NHAI,N24001786,11759,color,Multi-States,Dadra & Nagar Haveli and Daman & Diu; Gujarat; Maharashtra,2020-10-01,2022-03-01,2024-03-01,2027-12-01,1909.74,,True,1098.49,36.23,2026-08,Table 6,127,1303,Ministry of Road Transport & Highways,Roads & Highways,NHAI,National Highways Authority of India [NHAI],,MoRTH,Transport & Logistics,False,False,Mega,2652.24,2026-07,2026-04,5,,,False
618942,Balance work of 2L PS from Km 30.800 to Km 70.800 and 2L with Rigid Carriageway from Km 70.800 to km 84.120 of Khanapur- KA/GOA Border section of NH-4A,NHAI,N24001677,,color,Multi-States,Goa; Karnataka,2022-01-01,2022-11-01,2024-05-01,2027-03-01,226.76,,True,110.31,85.8,2026-08,Table 6,127,1304,Ministry of Road Transport & Highways,Roads & Highways,NHAI,National Highways Authority of India [NHAI],,MoRTH,Transport & Logistics,False,False,Major,149.44,2026-07,2026-04,5,,,False
618637,Bal. Works of Fagne Km. 510.000 to Maharashtra/Gujarat Border Km. 650.794,NHAI,N24001804,10455,color,Multi-States,Gujarat; Maharashtra,2019-12-01,2020-09-01,2022-09-01,2026-12-01,1654.07,,True,1448.08,99.7,2026-08,Table 6,127,1305,Ministry of Road Transport & Highways,Roads & Highways,NHAI,National Highways Authority of India [NHAI],,MoRTH,Transport & Logistics,False,False,Mega,1672.89,2026-07,2026-04,5,,,False
618486,Delhi-Amritsar-Katra Expressway Phase-I Pkg-V from Junction with Ambala-Kaithal- Hissar road NH-152 near Kharak Pandwa village to Junction with Patiala-Samana- Patran road SH-10 near Ghagga village Km 120250 to Km 157920,NHAI,N24001632,10344,color,Multi-States,Haryana; Punjab,2021-01-01,2022-05-01,2024-05-01,2026-09-01,1741.86,,True,1508.23,98.7,2026-08,Table 6,127,1306,Ministry of Road Transport & Highways,Roads & Highways,NHAI,National Highways Authority of India [NHAI],,MoRTH,Transport & Logistics,False,False,Mega,2281.02,2026-07,2026-04,5,,,False
619093,4L Ismailabad to Ambala Section of NH-152 Lot-4/Package-1,NHAI,,,color,Multi-States,Haryana; Punjab,2023-02-01,2023-12-01,2025-12-01,2027-02-01,609.32,,True,311.06,76.3,2026-08,Table 6,127,1307,Ministry of Road Transport & Highways,Roads & Highways,NHAI,National Highways Authority of India [NHAI],,MoRTH,Transport & Logistics,False,False,Major,454.34,2026-07,2026-04,5,,,False
619134,6L of Ambala-Chandigarh greenfield section from Km. 0.000 to Km. 25.000 with 4L spur to Lalru from Km. 0.000 to Km. 5.828 & spur to PR-7 road from Km. 0.000 to Km. 11.157,NHAI,N24002098,11802,color,Multi-States,Haryana; Punjab,2022-03-01,2023-10-01,2025-10-01,2026-09-01,1641.66,,True,1296.35,90.01,2026-08,Table 6,127,1308,Ministry of Road Transport & Highways,Roads & Highways,NHAI,National Highways Authority of India [NHAI],,MoRTH,Transport & Logistics,False,False,Mega,1904.79,2026-07,2026-04,5,,,False
619216,6L access Controlled Greenfield Highway from Adhoya Musalmana to Sadopur section of Shamli -Ambala Package-III Design Ch. Form km 84.400 to km 121.786,NHAI,,11906,color,Multi-States,Haryana; Punjab,2022-05-01,2023-05-01,2025-05-01,2026-12-01,1491.72,,True,825.1,81.33,2026-08,Table 6,127,1309,Ministry of Road Transport & Highways,Roads & Highways,NHAI,National Highways Authority of India [NHAI],,MoRTH,Transport & Logistics,False,False,Mega,1122.86,2026-07,2026-04,5,,,False
618505,Additional Structures on 6LGurgaon-Jaipur Section of NH-48 between KM 42.700 to KM 273.00,NHAI,N24002058,,color,Multi-States,Haryana; Rajasthan,2022-08-01,2022-12-01,2024-06-01,2026-11-01,409.64,,True,204.85,88.9,2026-08,Table 6,127,1310,Ministry of Road Transport & Highways,Roads & Highways,NHAI,National Highways Authority of India [NHAI],,MoRTH,Transport & Logistics,False,False,Major,290.64,2026-07,2026-04,5,,,False
618691,4 laning of Aligarh-Palwal Section from Km. 46.390 Design Chainage to Km. 69.110 Terminating at junction EPE Package-II from Kurana- Eastern Peripheral Expressway of NH-334D,NHAI,,10492,color,Multi-States,Haryana; Uttar Pradesh,2024-03-01,2025-08-01,2027-08-01,2027-08-01,939.17,,True,276.52,17.16,2026-08,Table 6,127,1311,Ministry of Road Transport & Highways,Roads & Highways,NHAI,National Highways Authority of India [NHAI],,MoRTH,Transport & Logistics,False,False,Major,903.94,2026-07,2026-04,5,,,False
618723,6L access Controlled Greenfield Highway from Ranipur Barsi to Adhoya Musalmana section of Shamli -Ambala Package-II Design Ch. Form km 45.500 to km 84.400,NHAI,N24002040,10518,color,Multi-States,Haryana; Uttar Pradesh,2022-06-01,2023-05-01,2025-05-01,2027-02-01,1554.21,,True,862.64,82.75,2026-08,Table 6,127,1312,Ministry of Road Transport & Highways,Roads & Highways,NHAI,National Highways Authority of India [NHAI],,MoRTH,Transport & Logistics,False,False,Mega,1241.89,2026-07,2026-04,5,,,False
619068,Construction of Greenfield Connectivity to Jewar International Airport from DND- Faridabad-Ballabhgarh Bypass KMP Link - Spur to Delhi Mumbai Expressway,NHAI,N24002048,11762,color,Multi-States,Haryana; Uttar Pradesh,2022-07-01,2023-06-01,2025-06-01,2027-04-01,2920.69,,True,1804.32,76.3,2026-08,Table 6,127,1313,Ministry of Road Transport & Highways,Roads & Highways,NHAI,National Highways Authority of India [NHAI],,MoRTH,Transport & Logistics,False,False,Mega,3485.77,2026-07,2026-04,5,,,False
618907,2L/4L of Hoshiarpur to Una section including Hoshiarpur Bypass of NH 503A,NHAI,,,color,Multi-States,Himachal Pradesh; Punjab,2023-03-01,2025-05-01,2027-05-01,2027-05-01,571.34,,True,265.2,26.43,2026-08,Table 6,127,1314,Ministry of Road Transport & Highways,Roads & Highways,NHAI,National Highways Authority of India [NHAI],,MoRTH,Transport & Logistics,False,False,Major,481.88,2026-07,2026-04,5,,,False
619066,Delhi-Amritsar-Katra Expressway Phase-II Pkg-XIV from Junction with Pathankot- Gurdaspur road NH-54 near Balsua to Junction with Hiranagar Road near village Gurha Baildaran km 423500 to km 468100,NHAI,N24001551,11761,color,Multi-States,Jammu and Kashmir; Punjab,2021-10-01,2022-09-01,2024-09-01,2026-10-01,3044.02,,True,1782.31,87.3,2026-08,Table 6,127,1315,Ministry of Road Transport & Highways,Roads & Highways,NHAI,National Highways Authority of India [NHAI],,MoRTH,Transport & Logistics,False,False,Mega,3707.91,2026-07,2026-04,5,,,False
618533,Barwa Adda Km. 398.240 to Panagarh Km. 521.120,NHAI,N24000515,10384,color,Multi-States,Jharkhand; West Bengal,2010-08-01,2014-04-01,2016-09-01,2026-09-01,1560.39,,True,1696.36,100.0,2026-08,Table 6,127,1316,Ministry of Road Transport & Highways,Roads & Highways,NHAI,National Highways Authority of India [NHAI],,MoRTH,Transport & Logistics,False,False,Mega,1568.22,2026-07,2026-04,5,,,False
618734,6L Greenfield Varanasi- Ranchi- Kolkata Highway from junction with NH-320 in Lepo village to Kamlapur villageJH/WB border from km 358.500 to km 387.200 Pkg -13,NHAI,,10524,color,Multi-States,Jharkhand; West Bengal,2023-03-01,2025-09-01,2027-09-01,2027-09-01,1154.49,,True,331.43,24.76,2026-08,Table 6,127,1317,Ministry of Road Transport & Highways,Roads & Highways,NHAI,National Highways Authority of India [NHAI],,MoRTH,Transport & Logistics,False,False,Mega,1319.18,2026-07,2026-04,5,,,False
618909,2L PS of JH / WB Border km. 70.524 - Purulia km.84.400 & Purulia km. 94.30 - Chandil Junction with NH-33 km. 153.705 of Old NH-32,NHAI,N24000788,10656,color,Multi-States,Jharkhand; West Bengal,2018-03-01,2019-12-01,2022-08-01,2026-10-01,1652.4,,True,1652.44,97.75,2026-08,Table 6,127,1318,Ministry of Road Transport & Highways,Roads & Highways,NHAI,National Highways Authority of India [NHAI],,MoRTH,Transport & Logistics,False,False,Mega,1771.88,2026-07,2026-04,5,,,False
618948,4L of NH-80 section of Mirza Chauki to Farakka section from existing km 190.00 to design km 200.75 junction at km 3.100 of NH 133 B and from existing km 260.00 to existing km 283.00 design km 274.133 in the state of Jharkhand package - II,NHAI,,,color,Multi-States,Jharkhand; West Bengal,2025-02-01,2026-02-01,2028-01-01,2028-01-01,782.18,,True,225.87,7.98,2026-08,Table 6,127,1319,Ministry of Road Transport & Highways,Roads & Highways,NHAI,National Highways Authority of India [NHAI],,MoRTH,Transport & Logistics,False,False,Major,782.18,2026-07,2026-04,5,,,False
619205,Six Laning of KT/KL Border Thalapaddy -Chengala from Km. 17.200 to Km. 57.20,NHAI,,11895,color,Multi-States,Karnataka; Kerala,2020-05-01,2021-11-01,2024-05-01,2026-09-01,1981.07,,True,1795.92,100.0,2026-08,Table 6,127,1320,Ministry of Road Transport & Highways,Roads & Highways,NHAI,National Highways Authority of India [NHAI],,MoRTH,Transport & Logistics,False,False,Mega,2681.48,2026-07,2026-04,5,,,False
618516,6L from Sankeshwar Bypass to MH-KNT Border from Km. 555.017 to Km. 592.853 of NH-48 Pkg-II,NHAI,N24001598,10370,color,Multi-States,Karnataka; Maharashtra,2022-01-01,2022-10-01,2025-04-01,2027-05-01,1388.7,,True,1203.78,85.3,2026-08,Table 6,128,1321,Ministry of Road Transport & Highways,Roads & Highways,NHAI,National Highways Authority of India [NHAI],,MoRTH,Transport & Logistics,False,False,Mega,1066.86,2026-07,2026-04,5,,,False
618636,Akkalkot MH/KN border New Greenfield corridor from Km 512.000 to Km 548.400 of NH-150C part of Akkalkot KN/TS Border section Package XIV,NHAI,,10454,color,Multi-States,Karnataka; Maharashtra,2023-03-01,2024-10-01,2026-10-01,2027-06-01,1370.75,,True,336.55,57.54,2026-08,Table 6,128,1322,Ministry of Road Transport & Highways,Roads & Highways,NHAI,National Highways Authority of India [NHAI],,MoRTH,Transport & Logistics,False,False,Mega,1403.49,2026-07,2026-04,5,,,False
618519,Bangalore Ring Road STRR-NH-948A- Package-I of Phase-III from Belagondapalli TN to TN/KNT border from km 144.480 to 179.969,NHAI,N24001968,10373,color,Multi-States,Karnataka; Tamil Nadu,2022-03-01,2023-05-01,2025-05-01,2026-12-01,1260.74,,True,777.13,92.95,2026-08,Table 6,128,1323,Ministry of Road Transport & Highways,Roads & Highways,NHAI,National Highways Authority of India [NHAI],,MoRTH,Transport & Logistics,False,False,Mega,1218.47,2026-07,2026-04,5,,,False
618581,Hosur to Dhamrapuri Pkg-1 [Neraluru - Thorapalli Agraharam],NHAI,N24001693,10417,color,Multi-States,Karnataka; Tamil Nadu,2021-10-01,2022-10-01,2024-10-01,2027-01-01,1828.66,,True,1467.5,78.7,2026-08,Table 6,128,1324,Ministry of Road Transport & Highways,Roads & Highways,NHAI,National Highways Authority of India [NHAI],,MoRTH,Transport & Logistics,False,False,Mega,1828.66,2026-07,2026-04,5,,,False
618631,6L of MH/KN Border Nimbal Village to KN/TS Border Singnodi Village from Km. 162.5 to Km. 203.100 in Raichur of NH-150C Pkg-IV,NHAI,,10450,color,Multi-States,Karnataka; Telangana,2022-03-01,2022-11-01,2025-05-01,2026-09-01,1499.73,,True,840.34,99.51,2026-08,Table 6,128,1325,Ministry of Road Transport & Highways,Roads & Highways,NHAI,National Highways Authority of India [NHAI],,MoRTH,Transport & Logistics,False,False,Mega,1457.48,2026-07,2026-04,5,,,False
618632,6L Access Controlled Greenfield Highway of Nandinne village to Julekal village from Km 202.900 to Km 242.200 Pkg-1,NHAI,N24001626,10451,color,Multi-States,Karnataka; Telangana,2022-02-01,2023-01-01,2025-01-01,2026-09-01,972.06,,True,459.47,93.79,2026-08,Table 6,128,1326,Ministry of Road Transport & Highways,Roads & Highways,NHAI,National Highways Authority of India [NHAI],,MoRTH,Transport & Logistics,False,False,Major,1044.06,2026-07,2026-04,5,,,False
619097,Thalassery Mahe Bypass Km 170.600 to Km 189.200 of NH-17New NH-66 in Kerala,NHAI,,11775,color,Multi-States,Kerala; Puducherry,2017-09-01,2017-12-01,2020-05-01,2026-09-01,1181.12,,True,1534.73,100.0,2026-08,Table 6,128,1327,Ministry of Road Transport & Highways,Roads & Highways,NHAI,National Highways Authority of India [NHAI],,MoRTH,Transport & Logistics,False,False,Mega,1573.18,2026-07,2026-04,5,,,False
619101,4L Shahpur to Muktainagar from Km. 186.000 to km 216.278 of NH 753L Pkg II of Boregaon Buzurg to Muktainagar,NHAI,,11779,color,Multi-States,Madhya Pradesh; Maharashtra,2022-12-01,2024-03-01,2026-03-01,2026-10-01,784.35,,True,368.01,64.0,2026-08,Table 6,128,1328,Ministry of Road Transport & Highways,Roads & Highways,NHAI,National Highways Authority of India [NHAI],,MoRTH,Transport & Logistics,False,False,Major,659.52,2026-07,2026-04,5,,,False
618556,"Construction of 26 VUPs, Major Bridge, Service Road etc. on Lalitpur-Sagar- Lakhnadon section of NH-44 NS",NHAI,,10402,color,Multi-States,Madhya Pradesh; Uttar Pradesh,2023-02-01,2024-03-01,2026-03-01,2026-08-01,665.91,,True,574.39,97.4,2026-08,Table 6,128,1329,Ministry of Road Transport & Highways,Roads & Highways,NHAI,National Highways Authority of India [NHAI],,MoRTH,Transport & Logistics,False,False,Major,665.91,2026-07,2026-04,5,,,False
618668,4L of Chowka to Kaimaha near MP/UP Border section NH-34 from D. Ch. 145.000 to D. Ch. 197.266 excluding existing Chhatarpur bypass from D. Ch. 160.307 to D. Ch. 168.630 Package-4,NHAI,,10473,color,Multi-States,Madhya Pradesh; Uttar Pradesh,2024-10-01,2025-09-01,2027-09-01,2027-09-01,996.5,,True,328.65,49.18,2026-08,Table 6,128,1330,Ministry of Road Transport & Highways,Roads & Highways,NHAI,National Highways Authority of India [NHAI],,MoRTH,Transport & Logistics,False,False,Major,846.68,2026-07,2026-04,5,,,False
618941,4L of Bamni - Rajura - Warur - Devada upto M.S. Border of NH - 930D from km 19.000 to km 51.985,NHAI,,10680,color,Multi-States,Maharashtra; Telangana,2022-03-01,2024-03-01,2026-03-01,2026-12-01,968.05,,True,852.15,78.16,2026-08,Table 6,128,1331,Ministry of Road Transport & Highways,Roads & Highways,NHAI,National Highways Authority of India [NHAI],,MoRTH,Transport & Logistics,False,False,Major,1187.19,2026-07,2026-04,5,,,False
618844,Viluppuram Km.0.000 to Puducherry Km.29.000,NHAI,,10603,color,Multi-States,Puducherry; Tamil Nadu,2018-03-01,2021-11-01,2023-11-01,2026-10-01,1358.31,,True,527.54,98.32,2026-08,Table 6,128,1332,Ministry of Road Transport & Highways,Roads & Highways,NHAI,National Highways Authority of India [NHAI],,MoRTH,Transport & Logistics,False,False,Mega,1162.44,2026-07,2026-04,5,,,False
618845,Puducherry Km.29.000 to Poondiyankuppam Km.67.000,NHAI,N24001429,10604,color,Multi-States,Puducherry; Tamil Nadu,2018-03-01,2021-11-01,2023-11-01,2026-10-01,1588.4,,True,460.48,98.75,2026-08,Table 6,128,1333,Ministry of Road Transport & Highways,Roads & Highways,NHAI,National Highways Authority of India [NHAI],,MoRTH,Transport & Logistics,False,False,Mega,1415.9,2026-07,2026-04,5,,,False
618847,Sattanathapuram to Nagapattinam from Km 123.800 to Km 179.555,NHAI,N24001431,10606,color,Multi-States,Puducherry; Tamil Nadu,2018-03-01,2020-10-01,2022-10-01,2026-12-01,2899.77,,True,1595.47,85.6,2026-08,Table 6,128,1334,Ministry of Road Transport & Highways,Roads & Highways,NHAI,National Highways Authority of India [NHAI],,MoRTH,Transport & Logistics,False,False,Mega,2899.77,2026-07,2026-04,5,,,False
618711,6L with access control provision Saharanpur bypass to Ganeshpur section from 13.89 Km to 41.820 Km of Delhi- Dehradun Economic Corridor package-2,NHAI,N24001629,10506,color,Multi-States,Uttar Pradesh; Uttarakhand,2022-04-01,2022-11-01,2024-11-01,2026-09-01,796.65,,True,510.29,99.29,2026-08,Table 6,128,1335,Ministry of Road Transport & Highways,Roads & Highways,NHAI,National Highways Authority of India [NHAI],,MoRTH,Transport & Logistics,False,False,Major,560.03,2026-07,2026-04,5,,,False
618783,4-laning of Pilibhit - Sitarganj from Km. 32.500 to Km. 70.800 Pkg-2 of NH-30,NHAI,,10558,color,Multi-States,Uttar Pradesh; Uttarakhand,2023-01-01,2024-03-01,2026-03-01,2027-10-01,1471.19,,True,480.64,44.41,2026-08,Table 6,128,1336,Ministry of Road Transport & Highways,Roads & Highways,NHAI,National Highways Authority of India [NHAI],,MoRTH,Transport & Logistics,False,False,Mega,1471.19,2026-07,2026-04,5,,,False
618886,Road Safety Improvement of Critical Junctions on MuzaffarnagarHaridwar Section of NH-334 from Km 143000 to Km 196000,NHAI,,,color,Multi-States,Uttar Pradesh; Uttarakhand,2025-04-01,2025-10-01,2027-10-01,2027-10-01,238.66,,True,47.37,22.64,2026-08,Table 6,128,1337,Ministry of Road Transport & Highways,Roads & Highways,NHAI,National Highways Authority of India [NHAI],,MoRTH,Transport & Logistics,False,False,Major,0.1,2026-07,2026-04,5,,,False
618928,"Improvement & Up-gradation of NH-734 Section of Moradabad-Thakurdwara Kashipur including Moradabad & Kashipur Bypasse Package-III Kashipur Bypass Length 14.490 Km., Starts from Ch. 38770 and ends at Ch. 53260 existing Ch. 05560",NHAI,N24002093,10672,color,Multi-States,Uttar Pradesh; Uttarakhand,2023-02-01,2024-03-01,2025-09-01,2027-03-01,936.12,,True,400.47,53.84,2026-08,Table 6,128,1338,Ministry of Road Transport & Highways,Roads & Highways,NHAI,National Highways Authority of India [NHAI],,MoRTH,Transport & Logistics,False,False,Major,717.5,2026-07,2026-04,5,,,False
618969,4/6L of Spur to Haridwar Greenfield from Km. 0.000 to Km. 50.70,NHAI,N24001628,10699,color,Multi-States,Uttar Pradesh; Uttarakhand,2021-11-01,2023-02-01,2025-02-01,2026-09-01,2155.95,,True,1543.42,92.98,2026-08,Table 6,128,1339,Ministry of Road Transport & Highways,Roads & Highways,NHAI,National Highways Authority of India [NHAI],,MoRTH,Transport & Logistics,False,False,Mega,2612.3,2026-07,2026-04,5,,,False
619217,4L of Haridwar-Nagina section from km. 0.00 to km. 71.614 of NH-74,NHAI,,,color,Multi-States,Uttar Pradesh; Uttarakhand,2015-12-01,2018-01-01,2020-07-01,2026-10-01,1659.12,,True,1548.54,99.85,2026-08,Table 6,128,1340,Ministry of Road Transport & Highways,Roads & Highways,NHAI,National Highways Authority of India [NHAI],,MoRTH,Transport & Logistics,False,False,Mega,1622.49,2026-07,2026-04,5,,,False
617886,Widening of existing Single lane / Intermediate lane road to 2 lane from Km 101 to Km 125 of NH 61,MoRTH,N24001465,,color,Nagaland,Nagaland,2020-06-01,2024-06-01,2026-06-01,2027-04-01,252.2,,True,65.4,44.46,2026-08,Table 6,129,1341,Ministry of Road Transport & Highways,Roads & Highways,MORTH,MoRTH,,MoRTH,Transport & Logistics,True,True,Major,252.2,2026-07,2026-04,5,,,False
618290,"Construction of 2-lane with Paved shoulder of Kohima- Bypass Road Connecting NH- 39New NH-02, NH-150New NH-02, NH-61New NH-29, NH-39New NH-02 from Design Km 32.00 to Design Km 43.454Design Length-11.454 Km in the State of Nagaland under SARDP-NE on EPC Mode Package-IV",NHIDCL,N24001258,,color,Nagaland,Nagaland,2020-07-01,2020-10-01,2022-04-01,2026-12-01,202.36,,True,102.45,46.77,2026-08,Table 6,129,1342,Ministry of Road Transport & Highways,Roads & Highways,NHIDCL,National Highways & Infrastructure Development Corporation Ltd. [NHIDCL],,MoRTH,Transport & Logistics,True,True,Major,202.36,2026-07,2026-04,5,,,False
618291,"Construction of 2-lane with Paved shoulder of Kohima-Bypass Road connecting NH- 39 New NH-02, NH150New NH-02, NH7-61 New NH-29 and NH-39 New NH-02 from Design km 21.000 to km 32.268 [Design length11.268 km] in the state of Nagaland Under SARDP-NE on EPC Mode Package- 3",NHIDCL,N24001257,,color,Nagaland,Nagaland,2020-07-01,2023-06-01,2025-06-01,2026-12-01,159.85,,True,128.51,39.62,2026-08,Table 6,129,1343,Ministry of Road Transport & Highways,Roads & Highways,NHIDCL,National Highways & Infrastructure Development Corporation Ltd. [NHIDCL],,MoRTH,Transport & Logistics,True,True,Major,342.29,2026-07,2026-04,5,,,False
618292,Construction of 2-Lane with paved shoulder of Kohima-Bypass Road connecting New NH-02 and New NH-29 from Design Km 10.500 to design Km 21.000 [Design Length- 10.500 km] including TUNNEL of 500m at Ch. 11.000 in the state of Nagaland Under SARDP-NE on EPC Mode Package-2,NHIDCL,N24001255,,color,Nagaland,Nagaland,2020-07-01,2020-10-01,2022-10-01,2027-10-01,277.44,,True,201.99,71.29,2026-08,Table 6,129,1344,Ministry of Road Transport & Highways,Roads & Highways,NHIDCL,National Highways & Infrastructure Development Corporation Ltd. [NHIDCL],,MoRTH,Transport & Logistics,True,True,Major,277.44,2026-07,2026-04,5,,,False
618293,"Construction of 2-Lane with paved shoulder of Kohima-Bypass Road connecting NH- 39New NH-02, NH-150New NH-02, NH-61New NH-29 and NH-39New NH-02 from design Km 0.00 to Km 10.500 in the State of Nagaland under SARDP-NE on EPC Mode Package-1 -Balance work",NHIDCL,N24001288,,color,Nagaland,Nagaland,2020-07-01,2023-11-01,2026-11-01,2026-11-01,232.29,,True,120.94,27.39,2026-08,Table 6,129,1345,Ministry of Road Transport & Highways,Roads & Highways,NHIDCL,National Highways & Infrastructure Development Corporation Ltd. [NHIDCL],,MoRTH,Transport & Logistics,True,True,Major,350.88,2026-07,2026-04,5,,,False
618296,Balance work of Construction of 2-lane with hard shoulder of Kohima - Jessami road on NH-29 old NH-150 from existing km 98.380 near Chizami vill. to km120.367 Nagaland/Manipur Border [Design km 95.700 to design km 117.200] [Design Length 21.500 km] in the state of Nagaland Under Bharatmala Pariyojna on EPC Mode Package-V under NHO,NHIDCL,N24001287,,color,Nagaland,Nagaland,2020-03-01,2023-11-01,2025-11-01,2026-09-01,330.8,,True,268.18,98.39,2026-08,Table 6,129,1346,Ministry of Road Transport & Highways,Roads & Highways,NHIDCL,National Highways & Infrastructure Development Corporation Ltd. [NHIDCL],,MoRTH,Transport & Logistics,True,True,Major,330.8,2026-07,2026-04,5,,,False
618297,Construction of 2-lane with hard shoulder of Kohima - Jessami road on NH-29 Old NH- 150 from existing Km 30.474 Near Kidwema road Chakahabama to existing Km 53.220 Near Kikruma Village Design Km 29.60 to Km 51.50 Design length-21.90 Km in the state of Nagaland Under Bharatmala Pariyojna on EPC Mode under NHO Package-II -Balance work,NHIDCL,N24001282,,color,Nagaland,Nagaland,2020-03-01,2024-01-01,2026-01-01,2026-12-01,355.79,,True,0.0,43.13,2026-08,Table 6,129,1347,Ministry of Road Transport & Highways,Roads & Highways,NHIDCL,National Highways & Infrastructure Development Corporation Ltd. [NHIDCL],,MoRTH,Transport & Logistics,True,True,Major,355.79,2026-07,2026-04,5,,,False
618328,4-Laning of Balance work of Dimapur-Kohima Road from design km 152.490 to km 166.700 Existing km 156.000 to km 172.900 Excluding Dimapur & Kohima Bypass under SARDP-NE Package-III,NHIDCL,N24001278,10263,color,Nagaland,Nagaland,2016-03-01,2023-09-01,2025-09-01,2026-09-01,562.98,,True,551.33,84.32,2026-08,Table 6,129,1348,Ministry of Road Transport & Highways,Roads & Highways,NHIDCL,National Highways & Infrastructure Development Corporation Ltd. [NHIDCL],,MoRTH,Transport & Logistics,True,True,Major,794.75,2026-07,2026-04,5,,,False
618364,"Widening to 2 Lane with Hard shoulder of Akegwo-Avangkhu section of NH-202K for Package-I Design Chainage 0000 Km to 34795 Km, in the State of Nagaland on EPC mode under NH O-NE",NHIDCL,N24001976,,color,Nagaland,Nagaland,2022-12-01,2023-08-01,2026-02-01,2026-02-01,430.24,,True,0.0,87.0,2026-08,Table 6,129,1349,Ministry of Road Transport & Highways,Roads & Highways,NHIDCL,National Highways & Infrastructure Development Corporation Ltd. [NHIDCL],,MoRTH,Transport & Logistics,True,True,Major,430.24,2026-07,2026-04,5,,,False
618365,Widening to 2 Lane with Hard shoulder of Akegwo-Avangkhu section of NH-202K for Package-III Design Chainage 69875 Km to 106816 Km in the State of Nagaland on EPC mode under NHO-NE,NHIDCL,N24001978,,color,Nagaland,Nagaland,2022-12-01,2023-08-01,2026-02-01,2026-02-01,497.18,,True,0.0,85.67,2026-08,Table 6,129,1350,Ministry of Road Transport & Highways,Roads & Highways,NHIDCL,National Highways & Infrastructure Development Corporation Ltd. [NHIDCL],,MoRTH,Transport & Logistics,True,True,Major,497.18,2026-07,2026-04,5,,,False
618366,Widening to 2 Lane with Hard shoulder of Akegwo-Avangkhu section of NH-202K for Package-II Design Chainage 34795 Km to 69875 Km in the State of Nagaland on EPC mode under NHO-NE,NHIDCL,N24001977,,color,Nagaland,Nagaland,2022-12-01,2023-08-01,2026-02-01,2026-02-01,442.54,,True,0.0,58.5,2026-08,Table 6,129,1351,Ministry of Road Transport & Highways,Roads & Highways,NHIDCL,National Highways & Infrastructure Development Corporation Ltd. [NHIDCL],,MoRTH,Transport & Logistics,True,True,Major,442.54,2026-07,2026-04,5,,,False
618413,Construction of 2 laning with Hard shoulder of Peren-Dimapur section on NH 129A from Design Km 146.208 to Km 163.592 Length- 17.384 km in the state of Nagaland on EPC mode under NHO-TSP Package-III,NHIDCL,N24001912,,color,Nagaland,Nagaland,2021-02-01,2023-06-01,2025-06-01,2026-09-01,177.77,,True,111.89,95.62,2026-08,Table 6,129,1352,Ministry of Road Transport & Highways,Roads & Highways,NHIDCL,National Highways & Infrastructure Development Corporation Ltd. [NHIDCL],,MoRTH,Transport & Logistics,True,True,Major,199.02,2026-07,2026-04,5,,,False
618414,Construction of Balance work for 2-lane with hard shoulder of Peren- Dimapur section on NH-129A from Design Km 126.775 to Km 146.208 Length 19.433 Km in the state of Nagaland on EPC mode under NHO-TSP Package-II,NHIDCL,N24001406,,color,Nagaland,Nagaland,2021-01-01,2023-09-01,2025-09-01,2025-09-01,258.52,,True,136.09,96.53,2026-08,Table 6,129,1353,Ministry of Road Transport & Highways,Roads & Highways,NHIDCL,National Highways & Infrastructure Development Corporation Ltd. [NHIDCL],,MoRTH,Transport & Logistics,True,True,Major,258.52,2026-07,2026-04,5,,,False
618422,"Construction of 2-lane with hard shoulders of Merangkong-Tamlu-Mon road Wakching Twon portion on EPC basis from existing Chainage Km 59000 to Km 73640 [Design Km. 59000 to Km, 72450] Design length - 13.450 Km under SARDP-NE package-V Balance work",NHIDCL,N24001438,,color,Nagaland,Nagaland,2021-03-01,2023-09-01,2025-09-01,2026-07-01,161.73,,True,101.28,99.75,2026-08,Table 6,129,1354,Ministry of Road Transport & Highways,Roads & Highways,NHIDCL,National Highways & Infrastructure Development Corporation Ltd. [NHIDCL],,MoRTH,Transport & Logistics,True,True,Major,161.73,2026-07,2026-04,5,,,False
618423,Construction of 2-Lane with hard shoulders of Merangkong-Tamlu-Mon MTM Road from existing Km 20.456 to Km 41.065 Design Km. 20 to Km. 40.0 Design Length- 20.000 Km in the State of Nagaland under SARDP-NE Phase-A Pkg-2 Balance work,NHIDCL,N24000763,,color,Nagaland,Nagaland,2018-03-01,2023-08-01,2025-08-01,2026-03-01,215.79,,True,173.12,100.0,2026-08,Table 6,130,1355,Ministry of Road Transport & Highways,Roads & Highways,NHIDCL,National Highways & Infrastructure Development Corporation Ltd. [NHIDCL],,MoRTH,Transport & Logistics,True,True,Major,215.79,2026-07,2026-04,5,,,False
619059,Construction of 2-Lane with hard shoulders of Merangkong-Tamlu-Mon Road on EPC Basis from existing road Km. 76.640 to Km 98.065 Design chainage Km. 63.800 to Km. 86.835 Design Length-23.035 Km in the state of Nagaland under SARDP-NE PKG-IV Balance work,NHIDCL,N24000765,,color,Nagaland,Nagaland,2018-03-01,2023-09-01,2025-09-01,2026-12-01,323.98,,True,147.38,79.03,2026-08,Table 6,130,1356,Ministry of Road Transport & Highways,Roads & Highways,NHIDCL,National Highways & Infrastructure Development Corporation Ltd. [NHIDCL],,MoRTH,Transport & Logistics,True,True,Major,323.98,2026-07,2026-04,5,,,False
617898,New construction of Major Bridge with Approaches from Km 0.000 to 1.200 Madhopur -Badabanta section of NH-20 under NHO in Annual Plan 2022-23 in the State of Odisha,MoRTH,,,color,Odisha,Odisha,2023-03-01,2025-04-01,2027-10-01,2027-10-01,199.5,,True,5.03,0.0,2026-08,Table 6,130,1357,Ministry of Road Transport & Highways,Roads & Highways,MORTH,MoRTH,,MoRTH,Transport & Logistics,False,False,Major,199.5,2026-07,2026-04,5,,,False
617899,Widening and Strengthening to 4LPS/2LPS from km 0.000 to 35.800 Kuakhia - Mangalpur section of NH 20 in the state of Odisha on Annual Plan 2021-22,MoRTH,N24002136,10133,color,Odisha,Odisha,2022-03-01,2024-02-01,2026-02-01,2026-11-01,636.1,,True,446.67,56.11,2026-08,Table 6,130,1358,Ministry of Road Transport & Highways,Roads & Highways,MORTH,MoRTH,,MoRTH,Transport & Logistics,False,False,Major,636.1,2026-07,2026-04,5,,,False
617902,construction or By-pass road on NH-26 for Nabrangpur Town,MoRTH,,,color,Odisha,Odisha,2023-03-01,2024-12-01,2026-12-01,2026-12-01,168.95,,True,77.75,38.0,2026-08,Table 6,130,1359,Ministry of Road Transport & Highways,Roads & Highways,MORTH,MoRTH,,MoRTH,Transport & Logistics,False,False,Major,168.95,2026-07,2026-04,5,,,False
617904,Construction of Bypass road to Balangir town from km 72/400 Desing km 0/0 to km 79/800 Design km 11/670 of NH-26 in the State of Odisha.,MoRTH,N24001862,,color,Odisha,Odisha,2022-02-01,2023-04-01,2025-10-01,2027-03-01,238.78,,True,121.31,55.0,2026-08,Table 6,130,1360,Ministry of Road Transport & Highways,Roads & Highways,MORTH,MoRTH,,MoRTH,Transport & Logistics,False,False,Major,238.78,2026-07,2026-04,5,,,False
617905,Construction of 4 lane ROB with approaches in lieu of LC No. RV-172 at km 176.00 of NH-201 present NH-26 at Kesinga including land acquisition in the state of Odisha on EPC mode under Annual Plan 2021-22,MoRTH,N24001865,,color,Odisha,Odisha,2021-12-01,2023-05-01,2025-05-01,2027-05-01,324.09,,True,161.75,78.0,2026-08,Table 6,130,1361,Ministry of Road Transport & Highways,Roads & Highways,MORTH,MoRTH,,MoRTH,Transport & Logistics,False,False,Major,324.09,2026-07,2026-04,5,,,False
617918,"Widening and Strengthening of existing S/L, I/L, & D/L to 2 Lane with PS from Km 256/455 to 256/503, 256/820 to 256/960, 265/760 to 266/010, 266/010 to 266/800, 270/975 to 271/055, 276/460 to 276/560, 276/560 to 276/700, 276/700 to 277/480, 285/780 to 288/290, 288/290 to 291/050 and construction of 3 Nos. of Bypass from Km 266/800 to 267/300, 270/025 to 270/975, & 284/700 to 285/780 on NH-53 under NHO in Annual Plan 2022-23 for the State of Odisha.",MoRTH,,,color,Odisha,Odisha,2023-03-01,2026-06-01,2027-12-01,,174.21,,True,62.29,0.0,2026-08,Table 6,130,1362,Ministry of Road Transport & Highways,Roads & Highways,MORTH,MoRTH,,MoRTH,Transport & Logistics,False,False,Major,174.21,2026-07,2026-07,2,2026-07,DQ05,False
617920,Widening and Strengthening to 2LPS including LA from km 318.970 to 353.450 Balikuda-Mulkani Section of NH-55 under NHO in Annual Plan 2022-23 in the State of Odisha. Job No. NH-55-OD-2022-23-656,MoRTH,,10138,color,Odisha,Odisha,2022-01-01,2025-06-01,2027-06-01,2027-06-01,511.54,,True,50.15,3.0,2026-08,Table 6,130,1363,Ministry of Road Transport & Highways,Roads & Highways,MORTH,MoRTH,,MoRTH,Transport & Logistics,False,False,Major,511.54,2026-07,2026-04,5,,,False
617921,Widening and strengthening to 2LPS including LA of Kandarpur-Balikuda from km 277/500 to 318/970 of NH-55 in the State of Odisha under Annual Plan 2021-22.,MoRTH,N24001858,,color,Odisha,Odisha,2022-03-01,2023-06-01,2025-06-01,2027-06-01,499.79,,True,352.67,66.0,2026-08,Table 6,130,1364,Ministry of Road Transport & Highways,Roads & Highways,MORTH,MoRTH,,MoRTH,Transport & Logistics,False,False,Major,499.79,2026-07,2026-04,5,,,False
617922,Construction of Jharsuguda Bypass including Land acqusition on NH-49 from km 258.636 to km 283.300 design chainage 258.636 to km 289.876 under NHO in Annual Plan 2022-23 for the state of Odisha Job No.NH-49-OD-2022-23-655,MoRTH,,10139,color,Odisha,Odisha,2021-09-01,2025-01-01,2027-07-01,2027-07-01,587.1,,True,164.89,25.0,2026-08,Table 6,130,1365,Ministry of Road Transport & Highways,Roads & Highways,MORTH,MoRTH,,MoRTH,Transport & Logistics,False,False,Major,587.1,2026-07,2026-04,5,,,False
617923,Construction of Daspalla Bypass from km 195.250 To 200.635 of NH-57 including land acquisition in the state of Odisha on EPC mode under Annual Plan 2022-23.,MoRTH,,,color,Odisha,Odisha,2023-02-01,2025-05-01,2027-05-01,2027-05-01,155.97,,True,54.64,25.0,2026-08,Table 6,130,1366,Ministry of Road Transport & Highways,Roads & Highways,MORTH,MoRTH,,MoRTH,Transport & Logistics,False,False,Major,155.97,2026-07,2026-04,5,,,False
617925,Construction of Bypass to Khordha town from Km 294/000 to 300/300 on NH-57 including LA in the State of Odisha on EPC mode.,MoRTH,N24001861,,color,Odisha,Odisha,2022-02-01,2023-05-01,2024-11-01,2026-10-01,157.49,,True,118.68,92.0,2026-08,Table 6,130,1367,Ministry of Road Transport & Highways,Roads & Highways,MORTH,MoRTH,,MoRTH,Transport & Logistics,False,False,Major,157.49,2026-07,2026-04,5,,,False
617930,Construction of Bypass on NH-59 from Km 336/350 to 349/910 13.56 km near Berhampur town including 4-lane RoB in the state of Odisha.,MoRTH,N24001859,,color,Odisha,Odisha,2021-03-01,2022-03-01,2025-12-01,2026-12-01,196.94,,True,92.7,70.0,2026-08,Table 6,130,1368,Ministry of Road Transport & Highways,Roads & Highways,MORTH,MoRTH,,MoRTH,Transport & Logistics,False,False,Major,196.94,2026-07,2026-04,5,,,False
618003,Construction of four lane ROB and its approaches in lieu of existing Level Crossing No. RV-71 at km 435 on NH-217 New NH-353 at Khariar including land acquisition under NHO in Annual Plan 2021-22 for the state of Odisha for F.Y. 2021-22 to F.Y 2033-34,MoRTH,N24001419,,color,Odisha,Odisha,2021-11-01,2023-06-01,2024-12-01,2026-09-01,154.49,,True,106.0,90.0,2026-08,Table 6,130,1369,Ministry of Road Transport & Highways,Roads & Highways,MORTH,MoRTH,,MoRTH,Transport & Logistics,False,False,Major,154.49,2026-07,2026-04,5,,,False
618012,"Widening & strengthenlng to 2LPS from km 0,000 to 40.000 Dhaugaon- Podamari section of NH 326 in the State of Odisha under Annual Plan 2021.22.",MoRTH,N24002135,,color,Odisha,Odisha,2022-03-01,2024-02-01,2026-02-01,2026-12-01,186.52,,True,84.85,60.0,2026-08,Table 6,130,1370,Ministry of Road Transport & Highways,Roads & Highways,MORTH,MoRTH,,MoRTH,Transport & Logistics,False,False,Major,186.52,2026-07,2026-04,5,,,False
618079,Construction of Dharmagarh Bypass on NH-130C including land acquisition in the state of Odisha on EPC Mode under Annual plan 2022-23.,MoRTH,,,color,Odisha,Odisha,2023-03-01,2025-04-01,2026-10-01,2027-06-01,172.66,,True,62.32,15.0,2026-08,Table 6,131,1371,Ministry of Road Transport & Highways,Roads & Highways,MORTH,MoRTH,,MoRTH,Transport & Logistics,False,False,Major,172.66,2026-07,2026-04,5,,,False
618122,Widening to 2 lane with paved shoulded of Jareikela Jharkhand/Odisha Border - Dhabaleswar section from 0/0 to 36/0 of NH-320D in the State of Odisha under Annual Plan 2021-22.,MoRTH,,,color,Odisha,Odisha,2022-03-01,2024-10-01,2026-10-01,2026-10-01,172.09,,True,53.11,34.0,2026-08,Table 6,131,1372,Ministry of Road Transport & Highways,Roads & Highways,MORTH,MoRTH,,MoRTH,Transport & Logistics,False,False,Major,172.09,2026-07,2026-04,5,,,False
618523,Bhadrak KM 136.500 to Baleshwar KM 199.141,NHAI,N24000738,10376,color,Odisha,Odisha,2014-11-01,2019-03-01,2021-09-01,2026-11-01,844.67,,True,785.3,91.32,2026-08,Table 6,131,1373,Ministry of Road Transport & Highways,Roads & Highways,NHAI,National Highways Authority of India [NHAI],,MoRTH,Transport & Logistics,False,False,Major,1394.82,2026-07,2026-04,5,,,False
618591,"Construction of 6-lane flyover at Ainthapali junction and a 2-lane ROB LHS on NH-53 Earlier NH-6 in Sambalpur, on EPC mode in Odisha under NHO",NHAI,,,color,Odisha,Odisha,2024-03-01,2024-06-01,2026-12-01,2026-12-01,374.17,,True,112.53,54.2,2026-08,Table 6,131,1374,Ministry of Road Transport & Highways,Roads & Highways,NHAI,National Highways Authority of India [NHAI],,MoRTH,Transport & Logistics,False,False,Major,211.74,2026-07,2026-04,5,,,False
618592,"Balance work of 8 nos. of Elephant Underpasses EUPs, 1 no. of Vehicular Underpass VUP, 1 nos. of Light Vehicular Underpass LVUP, 1 nos. of Pedestrian Underpass PUP, 1 nos. of Foot Over Bridge FOB and A2 side approach of Jharpokharia Flyover at Km.215.270 in Baharagora-Singhara section of NH-49",NHAI,,,color,Odisha,Odisha,2023-09-01,2024-11-01,2026-05-01,2027-10-01,320.64,,True,55.3,25.04,2026-08,Table 6,131,1375,Ministry of Road Transport & Highways,Roads & Highways,NHAI,National Highways Authority of India [NHAI],,MoRTH,Transport & Logistics,False,False,Major,244.85,2026-07,2026-04,5,,,False
618593,Balance work of Rehabilitation and Upgradation to four laning of Baharagora Singhara section of NH-49 from Km.229.727 to Km.238.990 Length 9.263 Km. including construction of five nos. of Elephant Underpasses EUP and fourteen nos. of Animal Underpasses AUP inside the buffer zone of Similipal Tiger Reserve Area in Bangriposi Ghat section in the State of Odisha on EPC Mode,NHAI,,,color,Odisha,Odisha,2025-03-01,2025-05-01,2027-11-01,2027-11-01,263.32,,True,14.33,9.95,2026-08,Table 6,131,1376,Ministry of Road Transport & Highways,Roads & Highways,NHAI,National Highways Authority of India [NHAI],,MoRTH,Transport & Logistics,False,False,Major,163.07,2026-07,2026-04,5,,,False
618677,6L Greenfield Kaliagura Baunsaguar Section of NH-130-CD Road from km 249000 to km 293000 Package OD-5,NHAI,N24001667,10480,color,Odisha,Odisha,2021-09-01,2022-05-01,2024-05-01,2026-11-01,1539.75,,True,1026.83,97.8,2026-08,Table 6,131,1377,Ministry of Road Transport & Highways,Roads & Highways,NHAI,National Highways Authority of India [NHAI],,MoRTH,Transport & Logistics,False,False,Mega,1918.49,2026-07,2026-04,5,,,False
618678,6L Greenfield Baunsaguar - Baraja Section of NH-130-CD Road from km 293000 to km 338500 Package OD-6,NHAI,N24001678,10481,color,Odisha,Odisha,2021-08-01,2022-06-01,2024-05-01,2026-09-01,1265.59,,True,1001.47,99.6,2026-08,Table 6,131,1378,Ministry of Road Transport & Highways,Roads & Highways,NHAI,National Highways Authority of India [NHAI],,MoRTH,Transport & Logistics,False,False,Mega,1635.44,2026-07,2026-04,5,,,False
618704,6L Flyover including RE Wall approaches with Flexible Pavement in the Elephant Corridor of Angul Sambalpur Section of NH-42 New NH-55 Km.202.533,NHAI,,,color,Odisha,Odisha,2023-09-01,2024-06-01,2026-06-01,2026-09-01,150.86,,True,106.14,100.0,2026-08,Table 6,131,1379,Ministry of Road Transport & Highways,Roads & Highways,NHAI,National Highways Authority of India [NHAI],,MoRTH,Transport & Logistics,False,False,Major,106.32,2026-07,2026-04,5,,,False
618705,"4L Godibandha to Ballhar Chhak, Ballhar Chhak to Banarpal & Banarpal to Start of Angul bypass at Km.314.130 to Km.321.035 of NH53, at Km.75.200 to Km.84.000 of NH149 & at Km.84.000 to Km.86.100 of NH55",NHAI,,12085,color,Odisha,Odisha,2024-12-01,2026-02-01,2028-02-01,2028-02-01,973.12,,True,299.01,5.4,2026-08,Table 6,131,1380,Ministry of Road Transport & Highways,Roads & Highways,NHAI,National Highways Authority of India [NHAI],,MoRTH,Transport & Logistics,False,False,Major,973.12,2026-07,2026-04,5,2026-04,,False
618820,Rehabilitation and Up gradation from 4 to 8 laning of Chandikhole Paradip Section of NH-53 Old NH 5A from Km.39.000 to Km.60.00 Package-3,NHAI,N24002079,10586,color,Odisha,Odisha,2023-03-01,2023-12-01,2025-12-01,2027-03-01,861.84,,True,395.98,92.02,2026-08,Table 6,131,1381,Ministry of Road Transport & Highways,Roads & Highways,NHAI,National Highways Authority of India [NHAI],,MoRTH,Transport & Logistics,False,False,Major,938.55,2026-07,2026-04,5,,,False
618821,Rehabilitation and Up gradation from 4 to 8 laning of Chandikhole Paradip Section of NH-53 Old NH 5A from Km 18.00 to Km 39.00 in the State of Odisha on HAM mode Package-2,NHAI,N24002080,10587,color,Odisha,Odisha,2023-03-01,2023-12-01,2025-12-01,2026-11-01,920.47,,True,435.46,98.22,2026-08,Table 6,131,1382,Ministry of Road Transport & Highways,Roads & Highways,NHAI,National Highways Authority of India [NHAI],,MoRTH,Transport & Logistics,False,False,Major,950.4,2026-07,2026-04,5,,,False
618822,Rehabilitation and Up gradation from 4 to 8 laning of Chandikhole Paradip Section of NH-53 Old NH 5A from Km.0.00 to Km.18.00Package-1,NHAI,,10588,color,Odisha,Odisha,2023-03-01,2023-12-01,2025-12-01,2027-01-01,929.91,,True,403.23,96.75,2026-08,Table 6,131,1383,Ministry of Road Transport & Highways,Roads & Highways,NHAI,National Highways Authority of India [NHAI],,MoRTH,Transport & Logistics,False,False,Major,869.45,2026-07,2026-04,5,,,False
618908,3L Major Bridge over River Brahmani at Km. 401.250 Duburi - Chandikhole Section of NH-200 New NH -53,NHAI,N24002081,,color,Odisha,Odisha,2022-04-01,2022-08-01,2025-01-01,2027-09-01,153.61,,True,73.76,38.0,2026-08,Table 6,131,1384,Ministry of Road Transport & Highways,Roads & Highways,NHAI,National Highways Authority of India [NHAI],,MoRTH,Transport & Logistics,False,False,Major,103.68,2026-07,2026-04,5,,,False
619109,6L of Badakumari - Karki Section from Km 179.000 to km 226.500 of NH-130-CD Package OD-3,NHAI,N24001668,11784,color,Odisha,Odisha,2021-03-01,2022-04-01,2024-04-01,2026-09-01,1101.76,,True,713.51,99.7,2026-08,Table 6,131,1385,Ministry of Road Transport & Highways,Roads & Highways,NHAI,National Highways Authority of India [NHAI],,MoRTH,Transport & Logistics,False,False,Mega,1374.43,2026-07,2026-04,5,,,False
619118,Four Laning of Angul to Sambalpur from Km.112.000 to Km.265.000,NHAI,N24000619,,color,Odisha,Odisha,2016-09-01,2017-03-01,2019-08-01,2026-09-01,2510.04,,True,2465.02,99.98,2026-08,Table 6,131,1386,Ministry of Road Transport & Highways,Roads & Highways,NHAI,National Highways Authority of India [NHAI],,MoRTH,Transport & Logistics,False,False,Mega,2632.91,2026-07,2026-04,5,,,False
619119,Cuttack-Angul Section of NH-42 New NH-55 from km 0.400 to km 60.200 Pkg-I in the State of Odisha,NHAI,N24000715,11789,color,Odisha,Odisha,2017-10-01,2018-01-01,2020-07-01,2026-12-01,999.32,,True,1132.56,99.0,2026-08,Table 6,131,1387,Ministry of Road Transport & Highways,Roads & Highways,NHAI,National Highways Authority of India [NHAI],,MoRTH,Transport & Logistics,False,False,Major,1178.31,2026-07,2026-04,5,,,False
619158,4 Laning of Duburi Chandikhole from km 388.376 to km 428.074 Pkg-III,NHAI,N24000733,11815,color,Odisha,Odisha,2018-01-01,2020-02-01,2022-08-01,2026-12-01,789.0,,True,725.21,86.0,2026-08,Table 6,131,1388,Ministry of Road Transport & Highways,Roads & Highways,NHAI,National Highways Authority of India [NHAI],,MoRTH,Transport & Logistics,False,False,Major,907.61,2026-07,2026-04,5,,,False
619181,Rehabilitation and Up gradation from 4 to 8 laning of Chandikhole Paradip Section of NH-53 Old NH 5A from Km.60.000 to Km.76.646 Package-4,NHAI,,11884,color,Odisha,Odisha,2023-03-01,2024-11-01,2026-10-01,2027-12-01,882.45,,True,201.34,36.02,2026-08,Table 6,132,1389,Ministry of Road Transport & Highways,Roads & Highways,NHAI,National Highways Authority of India [NHAI],,MoRTH,Transport & Logistics,False,False,Major,1009.92,2026-07,2026-04,5,,,False
619213,6L of Hatibena - Badakumari Section from Km 146.50 to km 179.00 of NH-130-CD Package OD-2,NHAI,,11903,color,Odisha,Odisha,2021-02-01,2022-03-01,2024-03-01,2026-09-01,791.17,,True,734.23,99.99,2026-08,Table 6,132,1390,Ministry of Road Transport & Highways,Roads & Highways,NHAI,National Highways Authority of India [NHAI],,MoRTH,Transport & Logistics,False,False,Major,1070.63,2026-07,2026-04,5,,,False
619215,Cuttack-Angul Section of NH-42 New NH-55 from Km.60.200 to Km. 112.000 Pkg-II in the State of Odisha,NHAI,,11905,color,Odisha,Odisha,2017-10-01,2018-03-01,2020-09-01,2026-12-01,991.41,,True,1084.35,99.66,2026-08,Table 6,132,1391,Ministry of Road Transport & Highways,Roads & Highways,NHAI,National Highways Authority of India [NHAI],,MoRTH,Transport & Logistics,False,False,Major,1168.82,2026-07,2026-04,5,,,False
618010,Development to 4-lane with paved shoulder for the road section Talwandi Sabo- Raman road to refinery Road junction with Bathinda Dabwali Road of NH-254 from existing Km 131.600 to Km 155.650 Design Km 131600 to km 155600 in the State of Punjab. Job No NH-254-PB-2022-23-565,MoRTH,,10163,color,Punjab,Punjab,2023-03-01,2025-05-01,2026-11-01,2026-11-01,546.67,,True,382.82,72.0,2026-08,Table 6,132,1392,Ministry of Road Transport & Highways,Roads & Highways,MORTH,MoRTH,,MoRTH,Transport & Logistics,False,False,Major,546.67,2026-07,2026-04,5,,,False
618024,Up-gradation to two lane with paved shoulder configuration of NH-354 Section Arifkes- Ferozepur-Muktsar-Malaut from Km 201.500 to Km 212.500 & Km 229.690 to Km 269.960 and strengthening of existing pavement from Km 212.500 to Km 229.690 excluding Km 218.500 to 223.690 of NH-354 on EPC Mode in the State of Punjab. Job No. NH-354-PB-2020-21-532,MoRTH,N24001960,,color,Punjab,Punjab,2021-03-01,2023-10-01,2025-04-01,2026-09-01,263.19,,True,193.83,89.0,2026-08,Table 6,132,1393,Ministry of Road Transport & Highways,Roads & Highways,MORTH,MoRTH,,MoRTH,Transport & Logistics,False,False,Major,263.19,2026-07,2026-04,5,,,False
618489,Delhi-Amritsar-Katra Expressway Phase-I Pkg-IX from Junction with Ludhiana-Moga road NH-5 near Mullanpur Dakha to Junction with Jalandhar - Moga road NH-703 near Kang Sahibu village Km 260860 to km 303900,NHAI,N24001417,10347,color,Punjab,Punjab,2020-12-01,2022-07-01,2024-07-01,2027-03-01,1851.47,,True,1944.05,73.35,2026-08,Table 6,132,1394,Ministry of Road Transport & Highways,Roads & Highways,NHAI,National Highways Authority of India [NHAI],,MoRTH,Transport & Logistics,False,False,Mega,2407.14,2026-07,2026-04,5,,,False
618492,Delhi-Amritsar-Katra Expressway Phase-I Pkg-XII from Junction with Amritsar-Mehta- SriHargobindpur-Tanda road NH-503A near SriHargobindpur to Junction with Pathankot-Gurdaspur road NH-54 near Gurdaspur Km 362420 to km 397700,NHAI,N24001420,10350,color,Punjab,Punjab,2021-03-01,2025-02-01,2027-02-01,2027-06-01,1734.18,,True,781.01,27.6,2026-08,Table 6,132,1395,Ministry of Road Transport & Highways,Roads & Highways,NHAI,National Highways Authority of India [NHAI],,MoRTH,Transport & Logistics,False,False,Mega,1538.47,2026-07,2026-04,5,,,False
618493,Delhi-Amritsar-Katra Expressway Phase-I Spur-I from Jn. with Kapurthala - Sultanpur Lodhi Road NH-703A near Isharwal village to Jn. with Kapurthala - Tarn Taran road NH-703AA near Goinwal Sahib [Km 24000 to Km 41000 of Amritsar connectivity],NHAI,N24002102,10351,color,Punjab,Punjab,2021-12-01,2023-04-01,2026-04-01,2028-03-01,2165.23,,True,635.8,34.79,2026-08,Table 6,132,1396,Ministry of Road Transport & Highways,Roads & Highways,NHAI,National Highways Authority of India [NHAI],,MoRTH,Transport & Logistics,False,False,Mega,1519.6,2026-07,2026-04,5,,,False
618551,Greenfield connectivity from Govindsar village on Delhi Amritsar Katra Expressway to Talwara village on NH-44 Pathankot by-pass,NHAI,,10397,color,Punjab,Punjab,2024-11-01,2025-07-01,2027-07-01,2027-07-01,666.81,,True,231.08,29.01,2026-08,Table 6,132,1397,Ministry of Road Transport & Highways,Roads & Highways,NHAI,National Highways Authority of India [NHAI],,MoRTH,Transport & Logistics,False,False,Major,690.47,2026-07,2026-04,5,,,False
618552,Development of 6L Greenfield Jalandhar Bypass starting from Kahlwan NH-03 ending at Kang Sahbu NH-703 via Sarmastpur NH-44 - Madara NH-03 - Khajurla NH-44,NHAI,N24001637,10398,color,Punjab,Punjab,2021-03-01,2023-01-01,2025-01-01,2027-06-01,1754.84,,True,1252.18,56.7,2026-08,Table 6,132,1398,Ministry of Road Transport & Highways,Roads & Highways,NHAI,National Highways Authority of India [NHAI],,MoRTH,Transport & Logistics,False,False,Mega,2167.39,2026-07,2026-04,5,,,False
618610,6L of Jodhpur Romana Bathinda - Mandi Dabwali Punjab Haryana Border section of NH-54 from km. 0.000 to km. 27.400 of NH-54,NHAI,N24002075,10437,color,Punjab,Punjab,2020-05-01,2023-08-01,2025-08-01,2026-09-01,789.26,,True,719.19,99.0,2026-08,Table 6,132,1399,Ministry of Road Transport & Highways,Roads & Highways,NHAI,National Highways Authority of India [NHAI],,MoRTH,Transport & Logistics,False,False,Major,1318.91,2026-07,2026-04,5,,,False
618617,6L Amritsar-Bathinda Greenfield section from village Tiba on NE-5A to Jn. with Moga Jalandhar road NH-703 near Dharamkot from km 0.000 to km 39.000 of NH-754A Pkg-1,NHAI,N24001640,10443,color,Punjab,Punjab,2021-03-01,2022-11-01,2024-11-01,2027-12-01,1229.38,,True,1077.84,72.41,2026-08,Table 6,132,1400,Ministry of Road Transport & Highways,Roads & Highways,NHAI,National Highways Authority of India [NHAI],,MoRTH,Transport & Logistics,False,False,Mega,1549.32,2026-07,2026-04,5,,,False
618618,6L Amritsar-Bathinda Greenfield section from Jn. with Bhagta Bhai Ka-Bhadaur Road near Dyalpura Bhai Ka to Jn. with Mandi Dabwali Bathinda Road on NH-54 near Sangat Kalan from km 93.000 to km 154.866 of NH-754A Pkg-3,NHAI,N24002076,10444,color,Punjab,Punjab,2021-03-01,2024-06-01,2026-06-01,2027-07-01,2029.17,,True,1443.14,74.0,2026-08,Table 6,132,1401,Ministry of Road Transport & Highways,Roads & Highways,NHAI,National Highways Authority of India [NHAI],,MoRTH,Transport & Logistics,False,False,Mega,2677.23,2026-07,2026-04,5,,,False
618647,6L Access Controlled Ludhiana-Bathinda Greenfield highway from Jn. with Amritsar- Bathanda Greenfield Road NH-754A near Rampura Phul to Jn. with Moga-Barnala Road NH-703 near village Tallewal from Km 0.0 to Km 30.3 of NH-754AD Pkg-1,NHAI,N24002091,10462,color,Punjab,Punjab,2021-06-01,2023-09-01,2025-09-01,2026-10-01,906.51,,True,687.98,81.5,2026-08,Table 6,132,1402,Ministry of Road Transport & Highways,Roads & Highways,NHAI,National Highways Authority of India [NHAI],,MoRTH,Transport & Logistics,False,False,Major,1020.52,2026-07,2026-04,5,,,False
618648,"Development of 6-lane Greenfield Southern Ludhiana Bypass from intersection with NH-44 near Village Rajgarh to intersection with Delhi Katra Expressway NE-5 near Village Ballowal, km 0000 to km 25240",NHAI,,,color,Punjab,Punjab,2024-11-01,2026-03-01,2028-03-01,2028-03-01,1424.55,,True,178.12,5.79,2026-08,Table 6,132,1403,Ministry of Road Transport & Highways,Roads & Highways,NHAI,National Highways Authority of India [NHAI],,MoRTH,Transport & Logistics,False,False,Mega,1424.55,2026-07,2026-06,3,2026-06,,False
618764,Moga - Bagha Purana - Bajakhana from km. 0.00 to km. 43.32,NHAI,N24001639,10545,color,Punjab,Punjab,2020-05-01,2022-12-01,2024-12-01,2026-12-01,1032.59,,True,804.37,76.0,2026-08,Table 6,132,1404,Ministry of Road Transport & Highways,Roads & Highways,NHAI,National Highways Authority of India [NHAI],,MoRTH,Transport & Logistics,False,False,Mega,1264.17,2026-07,2026-04,5,,,False
618776,4L of Greenfield section from Sirhind to Mohali,NHAI,,10552,color,Punjab,Punjab,2022-03-01,2023-05-01,2025-05-01,2026-09-01,1237.65,,True,1391.88,98.66,2026-08,Table 6,132,1405,Ministry of Road Transport & Highways,Roads & Highways,NHAI,National Highways Authority of India [NHAI],,MoRTH,Transport & Logistics,False,False,Mega,1301.15,2026-07,2026-04,5,,,False
618785,4/6L Greenfield LudhianaRupnagar highway from Jn. with NE-5 village near to ManewalLudhiana to Jn. with NH-205 near Bheora Village Rupnagar from Km 66.0 to Km 91.0 i/c spur to Kharar from Km 0.0 to Km 19.5 with Ludhiana bypass of NH-205K Pkg-3,NHAI,N24001630,10559,color,Punjab,Punjab,2021-07-01,2023-02-01,2025-02-01,2026-12-01,1501.02,,True,1173.74,80.71,2026-08,Table 6,133,1406,Ministry of Road Transport & Highways,Roads & Highways,NHAI,National Highways Authority of India [NHAI],,MoRTH,Transport & Logistics,False,False,Mega,1815.13,2026-07,2026-04,5,,,False
618786,4L of Phagwara - Hoshiarpur,NHAI,,10560,color,Punjab,Punjab,2022-11-01,2025-03-01,2027-03-01,2027-07-01,1196.38,,True,556.53,20.03,2026-08,Table 6,133,1407,Ministry of Road Transport & Highways,Roads & Highways,NHAI,National Highways Authority of India [NHAI],,MoRTH,Transport & Logistics,False,False,Mega,1503.79,2026-07,2026-04,5,,,False
618793,4L of Fazilka to Abohar section of NH-07 including construction of Greenfield Abohar & Fazilka Bypasses,NHAI,,10566,color,Punjab,Punjab,2023-03-01,2024-04-01,2026-04-01,2027-08-01,1409.88,,True,914.43,67.0,2026-08,Table 6,133,1408,Ministry of Road Transport & Highways,Roads & Highways,NHAI,National Highways Authority of India [NHAI],,MoRTH,Transport & Logistics,False,False,Mega,1674.04,2026-07,2026-04,5,,,False
618794,Amritsarairport Junction - Ramdas from km. 100.835 to km. 139.813 Pkg - IV,NHAI,N24001644,,color,Punjab,Punjab,2020-12-01,2022-03-01,2023-09-01,2026-10-01,524.88,,True,403.35,96.0,2026-08,Table 6,133,1409,Ministry of Road Transport & Highways,Roads & Highways,NHAI,National Highways Authority of India [NHAI],,MoRTH,Transport & Logistics,False,False,Major,416.58,2026-07,2026-04,5,,,False
618795,Amritsar Bypass Pkg III from km. 71.496 to km. 105.158,NHAI,N24001642,10567,color,Punjab,Punjab,2021-02-01,2022-08-01,2024-08-01,2026-12-01,1474.77,,True,1223.82,82.88,2026-08,Table 6,133,1410,Ministry of Road Transport & Highways,Roads & Highways,NHAI,National Highways Authority of India [NHAI],,MoRTH,Transport & Logistics,False,False,Mega,1228.42,2026-07,2026-04,5,,,False
618809,4L of Beas-Mehta-Batala-Dera Baba Nanak from intersection with Jalandhar-Amritsar Highway NH-3 near Beas till start of Batala Bypass near Village Acchhal from Km. 0.000 to Km. 31.300 Pkg-1,NHAI,N24002101,10576,color,Punjab,Punjab,2021-08-01,2023-06-01,2025-06-01,2027-05-01,809.51,,True,701.25,68.2,2026-08,Table 6,133,1411,Ministry of Road Transport & Highways,Roads & Highways,NHAI,National Highways Authority of India [NHAI],,MoRTH,Transport & Logistics,False,False,Major,966.99,2026-07,2026-04,5,,,False
618810,4L of existing Beas Baba Bakala - Dera Baba Nanak Section from start of Batala Bypass till intersection with Ajnala Gurdaspur Highway NH 354 near Dera Baba Nanak from Km. 31.300 to Km. 69.100 with Additional batala Bypass Pkg-II,NHAI,N24002100,10577,color,Punjab,Punjab,2021-10-01,2023-06-01,2025-06-01,2027-03-01,1003.38,,True,818.68,80.9,2026-08,Table 6,133,1412,Ministry of Road Transport & Highways,Roads & Highways,NHAI,National Highways Authority of India [NHAI],,MoRTH,Transport & Logistics,False,False,Mega,993.6,2026-07,2026-04,5,,,False
618906,4L of Amritsar-Ghoman - Tanda - Una Section from Km 8.270 to Km 54.000 of NH- 503A Package-I,NHAI,N24001643,10655,color,Punjab,Punjab,2020-12-01,2022-06-01,2024-06-01,2027-03-01,857.91,,True,773.01,68.9,2026-08,Table 6,133,1413,Ministry of Road Transport & Highways,Roads & Highways,NHAI,National Highways Authority of India [NHAI],,MoRTH,Transport & Logistics,False,False,Major,1443.47,2026-07,2026-04,5,,,False
619099,6L Amritsar-Bathinda Greenfield section from Jn. with Moga Jalandhar road NH-703 near Dharamkot to Jn. with Bhagta Bhai Ka-Bhadaur Road near Dyalpura Bhai Ka from km 39.000 to km 93.000 of NH-754A Pkg-2,NHAI,,11777,color,Punjab,Punjab,2021-03-01,2024-06-01,2026-06-01,2027-06-01,1801.37,,True,1268.59,66.64,2026-08,Table 6,133,1414,Ministry of Road Transport & Highways,Roads & Highways,NHAI,National Highways Authority of India [NHAI],,MoRTH,Transport & Logistics,False,False,Mega,2172.71,2026-07,2026-04,5,,,False
619105,6L Access Controlled Ludhiana-Bathinda Greenfield highway from Jn. with Moga- Barnala Road NH-703 near village Tallewal to Jn. with Delhi-Katra Expressway NE-5 near Ludhiana village Ballowal from Km 30.300 to Km 75.543 of NH-754AD Pkg-2,NHAI,,11780,color,Punjab,Punjab,2021-07-01,2025-09-01,2027-09-01,2027-09-01,1555.13,,True,723.45,25.55,2026-08,Table 6,133,1415,Ministry of Road Transport & Highways,Roads & Highways,NHAI,National Highways Authority of India [NHAI],,MoRTH,Transport & Logistics,False,False,Mega,1564.66,2026-07,2026-04,5,,,False
619200,Delhi-Amritsar-Katra Expressway Phase-I Spur-III from Junction with Amritsar- Jalandhar road NH-3 near Bhishambarpura to Junction with Amritsar-Anjala road NH- 354 near Amritsar Airport [Km 71000 to Km 99000 of Amritsar connectivity],NHAI,,11891,color,Punjab,Punjab,2021-03-01,2022-11-01,2024-10-01,2027-12-01,1641.75,,True,1374.83,34.37,2026-08,Table 6,133,1416,Ministry of Road Transport & Highways,Roads & Highways,NHAI,National Highways Authority of India [NHAI],,MoRTH,Transport & Logistics,False,False,Mega,1951.7,2026-07,2026-04,5,,,False
619318,4/6L Greenfield Ludhiana Rupnagar highway from Jn. with NE-5 village near to ManewalLudhiana to Jn. with NH-205 near Bheora Village Rupnagar from Km. 0.00 to Km. 37.7 including spur to Kharar with Ludhiana bypass of NH-205K Pkg-1,NHAI,,12155,color,Punjab,Punjab,2021-05-01,2022-12-01,2024-12-01,2027-12-01,1368.91,,True,533.48,15.31,2026-08,Table 6,133,1417,Ministry of Road Transport & Highways,Roads & Highways,NHAI,National Highways Authority of India [NHAI],,MoRTH,Transport & Logistics,False,False,Mega,1382.48,2026-07,2026-04,5,2026-04,,False
617901,Widening of Pachpadra-Bagundi Section to 4 Lane from Km 73/60 to 95/70 of NH-25 on EPC mode in the state of Rajasthan.,MORTH,N24001528,,color,Rajasthan,Rajasthan,2022-01-01,2022-12-01,2024-12-01,2026-07-01,194.88,,True,55.29,98.58,2026-08,Table 6,133,1418,Ministry of Road Transport & Highways,Roads & Highways,MORTH,MoRTH,,MoRTH,Transport & Logistics,False,False,Major,194.88,2026-07,2026-04,5,,,False
618011,Construction of 2 lane with paved shoulder for the work of Development of remaining sections of NH-325 Balotra to sanderao via Jalore to 2 lane with paved shoulder configuration by Construction of Byasses for town portions1 Asotra- Brahmdham bypass 2Siwana Bypass 3 Mokalsar Bypass 4 Major realignment at Kathadi 5 Major realignment at Bishangarh 6 Jalore Bypass 7 Ahore Town portion 8 Dujana Bypass in the state of Rajasthan on EPC Mode,MoRTH,N24001527,,color,Rajasthan,Rajasthan,2021-12-01,2022-05-01,2024-05-01,2026-10-01,411.44,,True,297.73,93.22,2026-08,Table 6,133,1419,Ministry of Road Transport & Highways,Roads & Highways,MORTH,MoRTH,,MoRTH,Transport & Logistics,False,False,Major,411.44,2026-07,2026-04,5,,,False
618069,Upgradation to Two-lane with paved shoulder of Hanumangarh to Kenchiyan section from Km 0.000existing chainage-Km 23.200 to Km 49.605existing chainage-Km 74.645 of NH-54 in the State of Rajasthan on EPC mode.,MoRTH,N24002167,,color,Rajasthan,Rajasthan,2022-03-01,2024-10-01,2026-10-01,2026-10-01,334.64,,True,185.26,72.0,2026-08,Table 6,133,1420,Ministry of Road Transport & Highways,Roads & Highways,MORTH,MoRTH,,MoRTH,Transport & Logistics,False,False,Major,334.64,2026-07,2026-04,5,,,False
618092,Up-gradation to 2 lane with paved shoulder from Neechli Oden Nathdwara at Design Km 88.800 existing km 55.95 to Bhatewar at Design Km 142.028 existing km 0.00 of NH-162E in the State of Rajasthan on EPC mode.,MoRTH,N24002168,10178,color,Rajasthan,Rajasthan,2023-02-01,2024-10-01,2026-10-01,2026-10-01,606.61,,True,256.14,65.19,2026-08,Table 6,133,1421,Ministry of Road Transport & Highways,Roads & Highways,MORTH,MoRTH,,MoRTH,Transport & Logistics,False,False,Major,606.61,2026-07,2026-04,5,,DQ14,False
618117,Upgradation to 2-Lane with Paved Shoulder from Design Km 36300 to Design Chainage 47918 and from Design Ch 69900 to Design Ch 83940 of NH-248A Natni Ka Bara in the State of Rajasthan on EPC Mode.,MoRTH,,,color,Rajasthan,Rajasthan,2024-02-01,2024-11-01,2026-05-01,2027-03-01,154.89,,True,28.47,23.0,2026-08,Table 6,134,1422,Ministry of Road Transport & Highways,Roads & Highways,MORTH,MoRTH,,MoRTH,Transport & Logistics,False,False,Major,154.89,2026-07,2026-04,5,,,False
618200,Construction of 2 lane with Paved Shoulder for Northern Bypass Phase-II of Kota city in the State of Rajasthan.,MoRTH,N24001928,,color,Rajasthan,Rajasthan,2022-03-01,2023-10-01,2025-04-01,2026-11-01,317.74,,True,154.91,52.57,2026-08,Table 6,134,1423,Ministry of Road Transport & Highways,Roads & Highways,MORTH,MoRTH,,MoRTH,Transport & Logistics,False,False,Major,317.74,2026-07,2026-04,5,,,False
618235,Balance work of Rehabilitation and Up-gradation to 4-Lane configuration of Ras- Beawar Section Km 00.000 to km 30.050 of NH-158 in the State of Rajasthan under Green National Highway Corridor Project GNHCP.,MoRTH,,,color,Rajasthan,Rajasthan,2025-01-01,2025-06-01,2026-12-01,2026-12-01,278.1,,True,104.4,58.1,2026-08,Table 6,134,1424,Ministry of Road Transport & Highways,Roads & Highways,MORTH,MoRTH,,MoRTH,Transport & Logistics,False,False,Major,278.1,2026-07,2026-04,5,,,False
618457,Delhi-Vadodara Greenfield Alignment NH-148N Pkg-10 Ch. 292.950 to Ch. 319.400 [End of Interchange on NH-166 near village Mui to Hardeoganj village near Indergarh],NHAI,N24001567,10316,color,Rajasthan,Rajasthan,2019-11-01,2021-05-01,2023-05-01,2027-04-01,1272.97,,True,1164.39,95.25,2026-08,Table 6,134,1425,Ministry of Road Transport & Highways,Roads & Highways,NHAI,National Highways Authority of India [NHAI],,MoRTH,Transport & Logistics,False,False,Mega,1265.16,2026-07,2026-04,5,,,False
618458,Delhi-Vadodara Greenfield Alignment NH-148N Pkg-15 Ch. 419.000 to Ch.427.300 [Junction with NH-12 near village Ummedpura to Major bridge over Takli river near Nayagaon Jageer village],NHAI,N24001612,10317,color,Rajasthan,Rajasthan,2020-07-01,2021-07-01,2024-01-01,2026-09-01,1854.68,,True,1534.71,98.28,2026-08,Table 6,134,1426,Ministry of Road Transport & Highways,Roads & Highways,NHAI,National Highways Authority of India [NHAI],,MoRTH,Transport & Logistics,False,False,Mega,1854.68,2026-07,2026-04,5,,,False
618611,Sangariya near Chautala-Rasisar near Bikaner section of NH-754K Phase-I AJ/SR- Package-7,NHAI,,10438,color,Rajasthan,Rajasthan,2019-02-01,2021-06-01,2023-06-01,2026-09-01,520.63,,True,450.73,100.0,2026-08,Table 6,134,1427,Ministry of Road Transport & Highways,Roads & Highways,NHAI,National Highways Authority of India [NHAI],,MoRTH,Transport & Logistics,False,False,Major,548.42,2026-07,2026-04,5,,,False
618612,Deogarh near Dhandhaniya-Rajasthan/Gujarat Border Phase-I AJ/DRGB-Package-6,NHAI,N24001563,10439,color,Rajasthan,Rajasthan,2019-10-01,2021-08-01,2023-08-01,2026-09-01,846.59,,True,707.32,100.0,2026-08,Table 6,134,1428,Ministry of Road Transport & Highways,Roads & Highways,NHAI,National Highways Authority of India [NHAI],,MoRTH,Transport & Logistics,False,False,Major,740.62,2026-07,2026-04,5,,,False
618613,Deogarh near Dhandhaniya-Rajasthan/Gujarat Border Phase-I AJ/DRGB-Package-7,NHAI,N24001564,10440,color,Rajasthan,Rajasthan,2019-10-01,2021-07-01,2023-07-01,2026-09-01,662.08,,True,561.8,99.2,2026-08,Table 6,134,1429,Ministry of Road Transport & Highways,Roads & Highways,NHAI,National Highways Authority of India [NHAI],,MoRTH,Transport & Logistics,False,False,Major,597.77,2026-07,2026-04,5,,,False
618757,6L access controlled Highway from Km 40080 to Km 86513 Mator to Barodameo Section,NHAI,,10539,color,Rajasthan,Rajasthan,2022-09-01,2024-03-01,2026-03-01,2027-06-01,2010.2,,True,723.71,37.27,2026-08,Table 6,134,1430,Ministry of Road Transport & Highways,Roads & Highways,NHAI,National Highways Authority of India [NHAI],,MoRTH,Transport & Logistics,False,False,Mega,1565.88,2026-07,2026-04,5,,,False
618758,6L accesscontrolled highway from km 0000 to km 40080 Paniyala to Mator Section of Paniyala-Barodameo ICR,NHAI,,10540,color,Rajasthan,Rajasthan,2022-09-01,2024-09-01,2026-09-01,2026-09-01,1764.86,,True,585.41,42.75,2026-08,Table 6,134,1431,Ministry of Road Transport & Highways,Roads & Highways,NHAI,National Highways Authority of India [NHAI],,MoRTH,Transport & Logistics,False,False,Mega,1239.24,2026-07,2026-04,5,,,False
618796,Tanot -Ramgarh-Bhadasar-Jaisalmer NH-68 and BhadasarMokal-Sarkaritala up to Pakisthan Border NH-968 Pkg-BM/5,NHAI,N24000795,10568,color,Rajasthan,Rajasthan,2018-02-01,2019-04-01,2021-04-01,2026-09-01,828.58,,True,756.0,100.0,2026-08,Table 6,134,1432,Ministry of Road Transport & Highways,Roads & Highways,NHAI,National Highways Authority of India [NHAI],,MoRTH,Transport & Logistics,False,False,Major,830.37,2026-07,2026-04,5,,,False
618797,"Widening Strengthening of 2-Lane with Paved Shoulder from MyajlarJaisalmer from Design Chainage 0000 to 98350 Section of NH-11 & SundraMyajlarAmbasingh ki Dhani Road from Design Chainage 46000 to 81601, part of MunabaoTanot Road Section of NH-70 along with Strengthening/Widening of Existing Connection of NH-70 & NH-11 of length 0.914 km in the State of Rajasthan under NHO on Hybrid Annuity Mode",NHAI,,,color,Rajasthan,Rajasthan,2025-03-01,2025-12-01,2027-12-01,2027-12-01,1237.71,,True,94.08,21.22,2026-08,Table 6,134,1433,Ministry of Road Transport & Highways,Roads & Highways,NHAI,National Highways Authority of India [NHAI],,MoRTH,Transport & Logistics,False,False,Mega,927.02,2026-07,2026-04,5,,,False
618838,4L of Karwar Km. 281.980 of NH-62 Nagaur road to Dangiyavas of Jodhpur Ring Road Pkg-II,NHAI,N24001558,10600,color,Rajasthan,Rajasthan,2021-11-01,2022-08-01,2024-08-01,2026-09-01,736.75,,True,464.14,100.0,2026-08,Table 6,134,1434,Ministry of Road Transport & Highways,Roads & Highways,NHAI,National Highways Authority of India [NHAI],,MoRTH,Transport & Logistics,False,False,Major,512.77,2026-07,2026-04,5,,,False
618853,Construction of Four lane Elevated Structure at Raniwada Circle in Sanchore City on NH-68,NHAI,,,color,Rajasthan,Rajasthan,2024-01-01,2024-07-01,2026-07-01,2026-11-01,353.3,,True,199.77,89.37,2026-08,Table 6,134,1435,Ministry of Road Transport & Highways,Roads & Highways,NHAI,National Highways Authority of India [NHAI],,MoRTH,Transport & Logistics,False,False,Major,241.34,2026-07,2026-04,5,,,False
619251,Construction of two lane with paved shoulder of Ghatol Bypass from km 133.250 to km 140.950 of NH-56 old NH No. 113 on EPC mode in the State of Rajasthan.,MoRTH,,,color,Rajasthan,Rajasthan,2025-03-01,2026-03-01,2027-09-01,,170.49,,True,40.77,24.0,2026-08,Table 6,134,1436,Ministry of Road Transport & Highways,Roads & Highways,MORTH,MoRTH,,MoRTH,Transport & Logistics,False,False,Major,170.49,2026-07,2026-04,5,,,False
619270,"Upgradation of 6 laned Jaipur- Kishangarh section of NH-48 from km 274100 to 363885 involving construction of flyovers and Service road in Rajasthan On Engineering, Procurement & Construction EPC Mode",NHAI,,,color,Rajasthan,Rajasthan,2026-03-01,2026-08-01,2029-01-01,2028-08-01,910.91,,True,0.0,0.0,2026-08,Table 6,134,1437,Ministry of Road Transport & Highways,Roads & Highways,NHAI,National Highways Authority of India [NHAI],,MoRTH,Transport & Logistics,False,False,Major,910.91,2026-07,2026-06,3,2026-06,DQ09,False
619271,Construction of Elevated Corridor at Kherwara Town on Udaipur Ratanpur Shamlaji Section of NH-48 in Udaipur District in the State of Rajasthan on EPC mode,NHAI,,,color,Rajasthan,Rajasthan,2026-03-01,2026-07-01,2029-01-01,2029-01-01,363.89,,True,0.38,0.0,2026-08,Table 6,134,1438,Ministry of Road Transport & Highways,Roads & Highways,NHAI,National Highways Authority of India [NHAI],,MoRTH,Transport & Logistics,False,False,Major,363.89,2026-07,2026-06,3,2026-06,,False
618071,Construction of two lane with paved shoulder Gangtok Bypass Road from Ranipool to Burtuk Ch 0.00 Km to 23.316 L23.316 Km in the State of Sikkim,MoRTH,N24001442,,color,Sikkim,Sikkim,2021-10-01,2022-05-01,2024-05-01,2026-12-01,385.15,,True,254.56,92.0,2026-08,Table 6,135,1439,Ministry of Road Transport & Highways,Roads & Highways,MORTH,MoRTH,,MoRTH,Transport & Logistics,True,True,Major,342.89,2026-07,2026-04,5,,,False
618426,Construction/Up gradation of Existing road to 2 Lane with Paved Shoulder including Geometric Improvement from Ranipool to Pakyong Balance work from Km 2.000 to 16.167 of NH-717-A on EPC basis under SARDP-NE Phase A in the State of Sikkim,NHIDCL,,,color,Sikkim,Sikkim,2018-03-01,2023-01-01,2024-07-01,2026-12-01,264.84,,True,127.34,87.03,2026-08,Table 6,135,1440,Ministry of Road Transport & Highways,Roads & Highways,NHIDCL,National Highways & Infrastructure Development Corporation Ltd. [NHIDCL],,MoRTH,Transport & Logistics,True,True,Major,380.94,2026-07,2026-04,5,,,False
618428,Realignment of NH-717A from Design Ch.0.00 Km 77.800 of NH-10 to Design Ch.2.00 Km 3.100 of NH-717A with two lane paved shoulder including Major Bridge of 680 m in the State of Sikkim on EPC Mode-COS work,NHIDCL,,,color,Sikkim,Sikkim,2021-01-01,2021-04-01,2023-04-01,2026-05-01,264.84,,True,70.71,100.0,2026-08,Table 6,135,1441,Ministry of Road Transport & Highways,Roads & Highways,NHIDCL,National Highways & Infrastructure Development Corporation Ltd. [NHIDCL],,MoRTH,Transport & Logistics,True,True,Major,380.94,2026-07,2026-04,5,,,False
618446,Construction & Upgradation of existing road to 2-lane with paved shoulder from New Rolep Bridge at km 37.600 to Chochenpheri at km 52.00 in the section of Rongli to Chochenpheri of NH 717B Pkg-II C,NHIDCL,N24001337,,color,Sikkim,Sikkim,2020-10-01,2021-05-01,2024-05-01,2026-09-01,493.42,,True,395.19,79.13,2026-08,Table 6,135,1442,Ministry of Road Transport & Highways,Roads & Highways,NHIDCL,National Highways & Infrastructure Development Corporation Ltd. [NHIDCL],,MoRTH,Transport & Logistics,True,True,Major,478.79,2026-07,2026-04,5,,,False
618447,Construction of 2-Laning with Paved Shoulder of New Greenfield Alignment From Helipad near Menla at Km 82000 to Menla at Km 94030 of Rhenock-Menla Spur NH- 717B Package-IIIB on EPC Basis under SARDP-NE Phase 'A' in the State of Sikkim.,NHIDCL,N24001362,,color,Sikkim,Sikkim,2021-01-01,2021-02-01,2024-02-01,2027-05-01,410.6,,True,241.77,82.64,2026-08,Table 6,135,1443,Ministry of Road Transport & Highways,Roads & Highways,NHIDCL,National Highways & Infrastructure Development Corporation Ltd. [NHIDCL],,MoRTH,Transport & Logistics,True,True,Major,379.3,2026-07,2026-04,5,,,False
618448,Construction of 2-Laning with Paved Shoulder of New Greenfield Alignment From Chochenpheri at Km 52000 to Helipad near Menla at Km 82000 of Rhenock-Menla Spur NH-717B Package-IIIA on EPC Basis under SARDP-NE Phase 'A' in the State of Sikkim.,NHIDCL,N24001338,10311,color,Sikkim,Sikkim,2020-10-01,2020-12-01,2023-12-01,2027-05-01,816.79,,True,474.96,64.31,2026-08,Table 6,135,1444,Ministry of Road Transport & Highways,Roads & Highways,NHIDCL,National Highways & Infrastructure Development Corporation Ltd. [NHIDCL],,MoRTH,Transport & Logistics,True,True,Major,786.6,2026-07,2026-04,5,,,False
618449,Construction & Upgradation of existing road to 2-lane with paved shoulder from km27.200 End of Rongli bypass to km37.600New Rolep Bridge of Rhenok-Menla spur NH-717B on EPC Mode under SARDP-NE Phase-A in Sikkim Pkg-II B,NHIDCL,N24001336,,color,Sikkim,Sikkim,2020-07-01,2020-10-01,2023-04-01,2026-09-01,230.45,,True,249.71,86.19,2026-08,Table 6,135,1445,Ministry of Road Transport & Highways,Roads & Highways,NHIDCL,National Highways & Infrastructure Development Corporation Ltd. [NHIDCL],,MoRTH,Transport & Logistics,True,True,Major,244.91,2026-07,2026-04,5,,,False
618450,Rehabilitation & Upgradation of existing road to 2-lane with paved shoulder including geometric improvement of section from start of Rabangla km33.600 to km58.840 under SARDP-NE Phase A Pkg- IV,NHIDCL,N24001327,,color,Sikkim,Sikkim,2020-07-01,2020-10-01,2022-05-01,2026-12-01,292.8,,True,256.52,65.15,2026-08,Table 6,135,1446,Ministry of Road Transport & Highways,Roads & Highways,NHIDCL,National Highways & Infrastructure Development Corporation Ltd. [NHIDCL],,MoRTH,Transport & Logistics,True,True,Major,292.8,2026-07,2026-04,5,,,False
617962,"Construction of Bypass to Madurai Achambathu Viratipathu in between km 6/850 10/382 of NH 49 Extn New NH 85 including Land Acquisition on Engineering, Procurement & Construction EPC basis Contract under NH O Annual Plan 2021-22 in the state of Tamil Nadu job No.NH-49 Extn New NH 85 - TN-2021-22-997",MoRTH,N24002165,,color,Tamil Nadu,Tamil Nadu,2022-03-01,2024-09-01,2026-08-01,2026-10-01,238.97,,True,217.37,94.0,2026-08,Table 6,135,1447,Ministry of Road Transport & Highways,Roads & Highways,MORTH,MoRTH,,MoRTH,Transport & Logistics,False,False,Major,260.07,2026-07,2026-04,5,,,False
618478,Bangalore Chennai Expressway Phase-III Package II Walajahpet to Arakkonam from Km 180.000 to Km 204.500,NHAI,N24001718,10337,color,Tamil Nadu,Tamil Nadu,2021-01-01,2022-07-01,2024-07-01,2026-10-01,1106.65,,True,616.01,93.04,2026-08,Table 6,135,1448,Ministry of Road Transport & Highways,Roads & Highways,NHAI,National Highways Authority of India [NHAI],,MoRTH,Transport & Logistics,False,False,Mega,1106.65,2026-07,2026-04,5,,,False
618479,Bangalore Chennai Expressway Phase-III Package III Arakkonam to Kancheepuram from Km 204.500 to Km 230.000,NHAI,N24001717,10338,color,Tamil Nadu,Tamil Nadu,2020-12-01,2022-08-01,2024-07-01,2027-12-01,1525.1,,True,360.95,53.56,2026-08,Table 6,135,1449,Ministry of Road Transport & Highways,Roads & Highways,NHAI,National Highways Authority of India [NHAI],,MoRTH,Transport & Logistics,False,False,Mega,1525.1,2026-07,2026-04,5,,,False
618480,Construction of Trumpet Interchange Connecting Bangalore Chennai Expressway km.261705 to km. 262800 with Maduravoyal to Walajapet Section of NH 48 near Sriperumbudur Toll Plaza at km. 35700,NHAI,,,color,Tamil Nadu,Tamil Nadu,2023-05-01,2024-02-01,2025-08-01,2026-10-01,162.55,,True,59.96,38.52,2026-08,Table 6,135,1450,Ministry of Road Transport & Highways,Roads & Highways,NHAI,National Highways Authority of India [NHAI],,MoRTH,Transport & Logistics,False,False,Major,162.56,2026-07,2026-04,5,,,False
618481,4L Bangalore-Chennai Expressway from Km. 230.000 to Km. 261.705 of Kanchepuram to Sriperumbudur Section Phase-III/Package-IV,NHAI,N24001719,10339,color,Tamil Nadu,Tamil Nadu,2021-02-01,2022-07-01,2024-07-01,2026-10-01,3605.73,,True,1009.84,89.97,2026-08,Table 6,135,1451,Ministry of Road Transport & Highways,Roads & Highways,NHAI,National Highways Authority of India [NHAI],,MoRTH,Transport & Logistics,False,False,Mega,3605.73,2026-07,2026-04,5,,,False
618521,Karaipettai to Walajapet from Km 71.015 to 107.091,NHAI,N24001723,10375,color,Tamil Nadu,Tamil Nadu,2018-08-01,2019-02-01,2021-02-01,2026-09-01,766.51,,True,613.76,93.55,2026-08,Table 6,135,1452,Ministry of Road Transport & Highways,Roads & Highways,NHAI,National Highways Authority of India [NHAI],,MoRTH,Transport & Logistics,False,False,Major,766.51,2026-07,2026-04,5,,,False
618522,Balance Works for six laning of Sriperumbudur to karaipettai section of NH-4 New NH- 48 from 37000 Existing Km 37000 to Km 71015 Existing Km 71000 in Tamilnadu on EPC mode underNHDP Phase-V,NHAI,,,color,Tamil Nadu,Tamil Nadu,2024-06-01,2025-01-01,2026-10-01,2027-03-01,411.16,,True,161.6,38.26,2026-08,Table 6,135,1453,Ministry of Road Transport & Highways,Roads & Highways,NHAI,National Highways Authority of India [NHAI],,MoRTH,Transport & Logistics,False,False,Major,411.16,2026-07,2026-04,5,,,False
618561,Improving the Alignment of Thoppur Ghat Section from Km 158.500 to Km 165.100 in Dharmapuri - Salem Section of NH-44,NHAI,,10407,color,Tamil Nadu,Tamil Nadu,2024-03-01,2025-03-01,2028-03-01,2028-03-01,904.99,,True,230.58,47.84,2026-08,Table 6,135,1454,Ministry of Road Transport & Highways,Roads & Highways,NHAI,National Highways Authority of India [NHAI],,MoRTH,Transport & Logistics,False,False,Major,731.09,2026-07,2026-04,5,,,False
618563,4L of Madurai Ring Road Phase 1 [Vadipatti-Thamrapatti] from km 0.00 - km 29.960,NHAI,N24001606,10408,color,Tamil Nadu,Tamil Nadu,2018-12-01,2020-03-01,2022-03-01,2026-09-01,900.05,,True,905.53,99.42,2026-08,Table 6,135,1455,Ministry of Road Transport & Highways,Roads & Highways,NHAI,National Highways Authority of India [NHAI],,MoRTH,Transport & Logistics,False,False,Major,900.05,2026-07,2026-04,5,,,False
618608,4L of left-over works including additional structures from Kerala/Tamil Nadu border to Kanyakumari Section from Km 43.0 to Km 96.174 of NH66,NHAI,N24002113,10436,color,Tamil Nadu,Tamil Nadu,2022-11-01,2023-08-01,2025-08-01,2026-12-01,1564.23,,True,1004.18,81.85,2026-08,Table 6,136,1456,Ministry of Road Transport & Highways,Roads & Highways,NHAI,National Highways Authority of India [NHAI],,MoRTH,Transport & Logistics,False,False,Mega,1263.42,2026-07,2026-04,5,,,False
618635,6L of Pondavakkam to Kannigaipair from km 96.040 to km 116.100 of NH 716B Pkg- IV,NHAI,N24001818,10453,color,Tamil Nadu,Tamil Nadu,2021-02-01,2023-01-01,2025-01-01,2027-12-01,1359.81,,True,409.63,44.53,2026-08,Table 6,136,1457,Ministry of Road Transport & Highways,Roads & Highways,NHAI,National Highways Authority of India [NHAI],,MoRTH,Transport & Logistics,False,False,Mega,1359.81,2026-07,2026-04,5,,,False
618744,4L of Thirumangalam to Vadugapatti section from km 0.000 to km 36.000 of NH-744,NHAI,N24002084,10531,color,Tamil Nadu,Tamil Nadu,2022-03-01,2023-02-01,2025-02-01,2026-10-01,1076.97,,True,685.87,95.95,2026-08,Table 6,136,1458,Ministry of Road Transport & Highways,Roads & Highways,NHAI,National Highways Authority of India [NHAI],,MoRTH,Transport & Logistics,False,False,Mega,791.6,2026-07,2026-04,5,,,False
618756,Melur - Pilayarpatti - Karaikudi from km 99.920 of NH 38 to km 12.9 of NH 383 Ext.,NHAI,N24001605,10538,color,Tamil Nadu,Tamil Nadu,2018-12-01,2020-03-01,2022-03-01,2026-09-01,1103.86,,True,948.46,98.12,2026-08,Table 6,136,1459,Ministry of Road Transport & Highways,Roads & Highways,NHAI,National Highways Authority of India [NHAI],,MoRTH,Transport & Logistics,False,False,Mega,1085.41,2026-07,2026-04,5,,,False
618800,Construction of New Double Tier 4L Elevated Corridor from Chennai Port to Maduravoyal in Chennai District from km -0.342 to Km 20.593 and Package II from Km 4.604 to Km 9.700,NHAI,N24002109,10570,color,Tamil Nadu,Tamil Nadu,2023-03-01,2023-11-01,2026-05-01,2029-03-01,1616.97,,True,271.12,18.13,2026-08,Table 6,136,1460,Ministry of Road Transport & Highways,Roads & Highways,NHAI,National Highways Authority of India [NHAI],,MoRTH,Transport & Logistics,False,False,Mega,1616.97,2026-07,2026-04,5,,,False
618801,Construction of New Double Tier 4-lane Elevated Corridor from Chennai Port to Maduravoyal in Chennai District from Km -0342 to Km 20223 Package 1 from Km - 0342 to Km 4604,NHAI,N24002110,10571,color,Tamil Nadu,Tamil Nadu,2023-03-01,2023-11-01,2026-05-01,2029-03-01,1388.59,,True,297.34,22.8,2026-08,Table 6,136,1461,Ministry of Road Transport & Highways,Roads & Highways,NHAI,National Highways Authority of India [NHAI],,MoRTH,Transport & Logistics,False,False,Mega,1388.59,2026-07,2026-04,5,,,False
618846,Poondiyankuppam Km.67.000 to Sattanathapuram Km.123.800,NHAI,,10605,color,Tamil Nadu,Tamil Nadu,2018-03-01,2022-01-01,2024-01-01,2026-10-01,2565.63,,True,1210.2,99.8,2026-08,Table 6,136,1462,Ministry of Road Transport & Highways,Roads & Highways,NHAI,National Highways Authority of India [NHAI],,MoRTH,Transport & Logistics,False,False,Mega,2319.35,2026-07,2026-04,5,,,False
618894,4L of Madathukulam - Pollachi from km. 74.38 to km. 116.95 of old NH-209 New NH- 83,NHAI,N24001602,10643,color,Tamil Nadu,Tamil Nadu,2019-01-01,2020-12-01,2022-12-01,2026-09-01,1772.13,,True,1063.22,97.65,2026-08,Table 6,136,1463,Ministry of Road Transport & Highways,Roads & Highways,NHAI,National Highways Authority of India [NHAI],,MoRTH,Transport & Logistics,False,False,Mega,1772.13,2026-07,2026-04,5,,,False
618895,Kamalapuram to Oddanchatram from km. 0.00 to km. 35.822,NHAI,N24001601,10644,color,Tamil Nadu,Tamil Nadu,2019-01-01,2021-01-01,2023-01-01,2026-09-01,1319.42,,True,649.84,93.6,2026-08,Table 6,136,1464,Ministry of Road Transport & Highways,Roads & Highways,NHAI,National Highways Authority of India [NHAI],,MoRTH,Transport & Logistics,False,False,Mega,1319.42,2026-07,2026-04,5,,,False
618898,Balance Works for Four laning of Vikravandi to Sethiyathope section from Km 0.0 to Km 65.96 of NH-45C in Tamil Nadu under NHDP Phase-IV on EPC mode,NHAI,,10647,color,Tamil Nadu,Tamil Nadu,2025-01-01,2025-06-01,2027-06-01,2027-06-01,1163.17,,True,320.41,37.62,2026-08,Table 6,136,1465,Ministry of Road Transport & Highways,Roads & Highways,NHAI,National Highways Authority of India [NHAI],,MoRTH,Transport & Logistics,False,False,Mega,834.46,2026-07,2026-04,5,,,False
618899,Kallagam km.38.700 to Meensurutti Km.98.433 of NH-227 in Tamil Nadu,NHAI,,10648,color,Tamil Nadu,Tamil Nadu,2018-02-01,2019-04-01,2021-04-01,2026-09-01,1499.12,,True,1112.05,100.0,2026-08,Table 6,136,1466,Ministry of Road Transport & Highways,Roads & Highways,NHAI,National Highways Authority of India [NHAI],,MoRTH,Transport & Logistics,False,False,Mega,1499.12,2026-07,2026-04,5,,,False
619045,Construction of New Double Tier 4L Elevated Corridor from Chennai Port to Maduravoyal in Chennai District from km -0.342 to Km 20.593 and Package IV from Km 14.185 to Km 20.593,NHAI,,11596,color,Tamil Nadu,Tamil Nadu,2023-03-01,2023-11-01,2026-05-01,2029-03-01,1205.4,,True,96.86,8.58,2026-08,Table 6,136,1467,Ministry of Road Transport & Highways,Roads & Highways,NHAI,National Highways Authority of India [NHAI],,MoRTH,Transport & Logistics,False,False,Mega,1210.21,2026-07,2026-04,5,,,False
619074,6-laning of Krishnagiri Km.0.000 to Walajahpet Km.148.300 section on NH-46 under NHDP-V,NHAI,,,color,Tamil Nadu,Tamil Nadu,2009-12-01,2011-06-01,2013-12-01,2026-09-01,1673.17,,True,708.34,99.99,2026-08,Table 6,136,1468,Ministry of Road Transport & Highways,Roads & Highways,NHAI,National Highways Authority of India [NHAI],,MoRTH,Transport & Logistics,False,False,Mega,781.74,2026-07,2026-04,5,,,False
619086,Chengapalli km 102.035 to Neelambur Km144.680 and Madukkarai Km 170.880 to Walayar K183.010 Package No. NS-2/BOT/TN-08,NHAI,,,color,Tamil Nadu,Tamil Nadu,2009-10-01,2010-09-01,2013-03-01,2026-10-01,1247.43,,True,7.46,100.0,2026-08,Table 6,136,1469,Ministry of Road Transport & Highways,Roads & Highways,NHAI,National Highways Authority of India [NHAI],,MoRTH,Transport & Logistics,False,False,Mega,285.55,2026-07,2026-04,5,,DQ04,False
619094,Thorapalli - Agraharam - Jittandahalli Section from km 23.350 to km 60.100 [Hosur to Dhamrapuri Pkg-2],NHAI,N24001694,11773,color,Tamil Nadu,Tamil Nadu,2019-02-01,2021-12-01,2023-12-01,2026-12-01,1243.57,,True,823.86,77.57,2026-08,Table 6,136,1470,Ministry of Road Transport & Highways,Roads & Highways,NHAI,National Highways Authority of India [NHAI],,MoRTH,Transport & Logistics,False,False,Mega,1272.11,2026-07,2026-04,5,,,False
619129,Mahabalipuram - Pondicherry Pkg-I [Mamallapuram to Mugaiyur],NHAI,N24001721,11798,color,Tamil Nadu,Tamil Nadu,2019-02-01,2022-05-01,2024-05-01,2027-01-01,1360.54,,True,921.42,58.65,2026-08,Table 6,136,1471,Ministry of Road Transport & Highways,Roads & Highways,NHAI,National Highways Authority of India [NHAI],,MoRTH,Transport & Logistics,False,False,Mega,1477.94,2026-07,2026-04,5,,,False
619130,Mahabalipuram - Pondicherry Pkg-II [Mugaiyur to Marakkanam],NHAI,N24002111,11799,color,Tamil Nadu,Tamil Nadu,2019-02-01,2023-12-01,2025-12-01,2027-03-01,1116.13,,True,818.96,53.41,2026-08,Table 6,136,1472,Ministry of Road Transport & Highways,Roads & Highways,NHAI,National Highways Authority of India [NHAI],,MoRTH,Transport & Logistics,False,False,Mega,1463.75,2026-07,2026-04,5,,,False
619131,Four Laning of Chettikulam to Natham section of NH-785,NHAI,N24000826,11800,color,Tamil Nadu,Tamil Nadu,2018-03-01,2018-11-01,2020-11-01,2026-08-01,837.61,,True,641.94,99.75,2026-08,Table 6,136,1473,Ministry of Road Transport & Highways,Roads & Highways,NHAI,National Highways Authority of India [NHAI],,MoRTH,Transport & Logistics,False,False,Major,823.93,2026-07,2026-04,5,,,False
619139,Construction of New Double Tier 4L Elevated Corridor from Chennai Port to Maduravoyal in Chennai District from km -0.342 to Km 20.593 and Package III from Km 9.700 to Km 14.185,NHAI,,11805,color,Tamil Nadu,Tamil Nadu,2023-03-01,2023-11-01,2026-05-01,2029-03-01,1299.36,,True,209.5,17.24,2026-08,Table 6,136,1474,Ministry of Road Transport & Highways,Roads & Highways,NHAI,National Highways Authority of India [NHAI],,MoRTH,Transport & Logistics,False,False,Mega,1299.36,2026-07,2026-04,5,,,False
619156,4 Laning of Paramakudi to Ramanathapuram Section of NH-87 Old NH-49,NHAI,,,color,Tamil Nadu,Tamil Nadu,2025-07-01,2026-05-01,2028-05-01,2028-05-01,1853.16,,True,218.27,0.0,2026-08,Table 6,137,1475,Ministry of Road Transport & Highways,Roads & Highways,NHAI,National Highways Authority of India [NHAI],,MoRTH,Transport & Logistics,False,False,Mega,1853.16,2026-07,2026-05,4,2026-05,,False
619161,Access Controlled Highway of 4 Lane with Paved Shoulders from Tiruvallur Design Chainage Km 1756 to TN/AP Broder Design Chainage Km 6151 of NH-716 Chennai- Tirupati Package-1,NHAI,,11816,color,Tamil Nadu,Tamil Nadu,2024-03-01,2024-12-01,2026-12-01,2027-03-01,1376.1,,True,182.19,46.31,2026-08,Table 6,137,1476,Ministry of Road Transport & Highways,Roads & Highways,NHAI,National Highways Authority of India [NHAI],,MoRTH,Transport & Logistics,False,False,Mega,1247.7,2026-07,2026-04,5,,,False
619222,"Balance works of four lane from km 43.950 Thiruvallur Bypass to km 61.470 Veppampattu Bypass passing through Thannerkulam, Thozur and Sevapet Bypass 17.520 kms of Tirupathi- Tiruttani- Chennai section of NH 205",NHAI,,11910,color,Tamil Nadu,Tamil Nadu,2022-03-01,2022-09-01,2024-09-01,2026-09-01,467.99,,True,596.15,97.92,2026-08,Table 6,137,1477,Ministry of Road Transport & Highways,Roads & Highways,NHAI,National Highways Authority of India [NHAI],,MoRTH,Transport & Logistics,False,False,Major,699.68,2026-07,2026-04,5,,,False
617913,6-laning of km 9.900 to km 19/948 Aramgarh to Shamshabad Section of Hyderabad- Bangalore section of NH-44 Under NHO EPC basis in the state of Telangana,MoRTH,N24000987,,color,Telangana,Telangana,2018-01-01,2018-05-01,2020-05-01,2026-06-01,283.15,,True,270.88,92.62,2026-08,Table 6,137,1478,Ministry of Road Transport & Highways,Roads & Highways,MORTH,MoRTH,,MoRTH,Transport & Logistics,False,False,Major,300.7,2026-07,2026-04,5,,DQ14,False
617936,Widening to two/four lane with paved shoulder from Km.180.600 to Km.223.000 of NH-63 on Nizamabad-Jagadalpur road on EPC mode under NHO in the state of Telangana.,MoRTH,N24000981,,color,Telangana,Telangana,2016-10-01,2017-03-01,2019-03-01,,253.99,,True,0.0,100.0,2026-08,Table 6,137,1479,Ministry of Road Transport & Highways,Roads & Highways,MORTH,MoRTH,,MoRTH,Transport & Logistics,False,False,Major,183.26,2026-07,2026-04,5,,DQ03; DQ04; DQ10,True
617939,6-Laning of Pune-Hyderabad Section of NH-65 from Km 493/0 to Km 524/0 from Sangareddy X Roads to Madinaguda in the State of Telangana,MoRTH,,10143,color,Telangana,Telangana,2023-03-01,2024-07-01,2026-07-01,2027-06-01,1297.75,,True,453.75,47.8,2026-08,Table 6,137,1480,Ministry of Road Transport & Highways,Roads & Highways,MORTH,MoRTH,,MoRTH,Transport & Logistics,False,False,Mega,1297.75,2026-07,2026-04,5,,,False
617940,"Rehabilitation and Upgradation of LB-Nagar to Malkapur section to 6-Lane main carriageway with service roads, drains cum footpath, including VUPs and widening of Minor bridge & road safety provisions from Km. 15/00 to Km 40/00 of NH-65 Old NH-9 under NH O for the year 2020-21 in the state of Telangana on EPC Mode.",MoRTH,N24002004,10144,color,Telangana,Telangana,2021-03-01,2022-07-01,2024-07-01,2026-12-01,545.11,,True,398.53,83.47,2026-08,Table 6,137,1481,Ministry of Road Transport & Highways,Roads & Highways,MORTH,MoRTH,,MoRTH,Transport & Logistics,False,False,Major,545.11,2026-07,2026-04,5,,,False
617980,Construction of six lane elevated corridor from km 7.950 Uppal to km 14.200 of NH- 163 to De-Congest the urban limits of Hyderabad-Bhoopalapatnam section on EPC mode in the state of Telangana,MoRTH,N24000994,10157,color,Telangana,Telangana,2018-03-01,2018-07-01,2020-07-01,2027-12-01,626.76,,True,290.8,55.25,2026-08,Table 6,137,1482,Ministry of Road Transport & Highways,Roads & Highways,MORTH,MoRTH,,MoRTH,Transport & Logistics,False,False,Major,626.76,2026-07,2026-04,5,,,False
617983,Widening & Strengthening of Existing 2LPS to 4 lane PS from Km 150000 to Km 159000 and Km 165400 to Km 186000 of NH-163 old NH-202 under NH O for the year 2020-21 on EPC Mode in the state of Telangana.,MoRTH,N24001925,,color,Telangana,Telangana,2021-03-01,2022-07-01,2024-07-01,2026-12-01,317.19,,True,252.45,91.0,2026-08,Table 6,137,1483,Ministry of Road Transport & Highways,Roads & Highways,MORTH,MoRTH,,MoRTH,Transport & Logistics,False,False,Major,300.56,2026-07,2026-04,5,,,False
617994,Rehabilitation and upgradation of NH-167 from design km 113.900 to 154.479 Mallepally Haliya section to two lane with paved shoulders on EPC mode in the stte of Telangana,MoRTH,N24001263,,color,Telangana,Telangana,2018-02-01,2018-06-01,2019-11-01,2025-12-01,294.13,,True,249.23,88.22,2026-08,Table 6,137,1484,Ministry of Road Transport & Highways,Roads & Highways,MORTH,MoRTH,,MoRTH,Transport & Logistics,False,False,Major,257.61,2026-07,2026-04,5,,,False
618001,"Construction of 4-lane flyover at Amberpet-X road, Hyderabad on NH-202 in the State of Telangana",MoRTH,N24001416,,color,Telangana,Telangana,2018-05-01,2021-06-01,2023-06-01,2026-06-01,216.53,,True,214.53,92.1,2026-08,Table 6,137,1485,Ministry of Road Transport & Highways,Roads & Highways,MORTH,MoRTH,,MoRTH,Transport & Logistics,False,False,Major,265.88,2026-07,2026-04,5,,,False
618025,Rehabiitation and upgradation from km 121/000 to 154/000 Nakrekal to Mallampally section of NH-365 to 2 lane with paved shoulders in the state of Telangana in the EPC mode,MoRTH,N24000997,,color,Telangana,Telangana,2018-03-01,2018-06-01,2019-12-01,2026-09-01,192.67,,True,171.88,96.0,2026-08,Table 6,137,1486,Ministry of Road Transport & Highways,Roads & Highways,MORTH,MoRTH,,MoRTH,Transport & Logistics,False,False,Major,192.67,2026-07,2026-04,5,,,False
618091,Widening to two lane with paved shoulders from Km 0/000 to Km 45/946 of Nizampet- Narayankhed-bidar section of NH-161B in the state of Telangana under Annual Plan 2021-22 on EPC mode under NHO,MoRTH,,10177,color,Telangana,Telangana,2022-03-01,2024-02-01,2026-02-01,2027-03-01,512.98,,True,173.34,47.57,2026-08,Table 6,137,1487,Ministry of Road Transport & Highways,Roads & Highways,MORTH,MoRTH,,MoRTH,Transport & Logistics,False,False,Major,512.98,2026-07,2026-04,5,,,False
618104,Widening to two lane with paved shoulders from Km 0/000 to Km 79/300 of Kalwakurthy - Kollapur section of NH-167K in the state of Telangana under annual plan 2021-22 on EPC mode under NHO.,MoRTH,N24002007,10183,color,Telangana,Telangana,2022-03-01,2023-07-01,2025-07-01,2026-08-01,886.69,,True,620.25,90.05,2026-08,Table 6,137,1488,Ministry of Road Transport & Highways,Roads & Highways,MORTH,MoRTH,,MoRTH,Transport & Logistics,False,False,Major,886.69,2026-07,2026-04,5,,,False
618105,Widening and strengthening to 4 lane / 2-lane with paved shoulders of Mahabubnagar - Chincholi section from km 60/255 to Km 102/834 of NH-167N in the State of Telangana on EPC mode.,MoRTH,N24002010,10184,color,Telangana,Telangana,2022-03-01,2023-10-01,2025-10-01,2026-11-01,631.49,,True,219.29,50.14,2026-08,Table 6,137,1489,Ministry of Road Transport & Highways,Roads & Highways,MORTH,MoRTH,,MoRTH,Transport & Logistics,False,False,Major,631.49,2026-07,2026-04,5,,,False
618106,Widening and Strengthening to 2/4 lane with paved shoulders of Mahabubnagar Chincholi section from Km 0/0 to Km 60/255 of NH-167N in the state of Telangana under Annual plan 2021-22 on EPC modepackage-I under NHO Job No.167N-TS- 2021-22-75,MoRTH,N24002009,10185,color,Telangana,Telangana,2022-01-01,2026-05-01,2027-11-01,2026-03-01,703.68,,True,499.88,90.69,2026-08,Table 6,137,1490,Ministry of Road Transport & Highways,Roads & Highways,MORTH,MoRTH,,MoRTH,Transport & Logistics,False,False,Major,703.68,2026-07,2026-04,5,,DQ09,False
618130,Widening to 2 lane with paved shoulders from 0.00 to 32.970 ofAdilabadto Bela section of NH 353B in the State of Telangana,MoRTH,,,color,Telangana,Telangana,2022-10-01,2024-05-01,2026-05-01,2026-12-01,490.92,,True,159.09,80.08,2026-08,Table 6,138,1491,Ministry of Road Transport & Highways,Roads & Highways,MORTH,MoRTH,,MoRTH,Transport & Logistics,False,False,Major,490.92,2026-07,2026-04,5,,,False
618140,Widening to two/four lane with paved shoulders from Km.34.250 to Km.71.830 of NH- 365A on Kodad-Khammam-Kurvi road.,MoRTH,,,color,Telangana,Telangana,2022-10-01,2025-02-01,2027-01-01,2027-01-01,445.76,,True,67.29,14.85,2026-08,Table 6,138,1492,Ministry of Road Transport & Highways,Roads & Highways,MORTH,MoRTH,,MoRTH,Transport & Logistics,False,False,Major,445.76,2026-07,2026-04,5,,,False
618141,Widening and Improvement of existing carriage way to 2 lane with paved shoulders from Km. 86/160 to 131/730 of Jangaon-Duddeda section of NH-365B in the State of Telangana on EPC Mode,MoRTH,N24001450,,color,Telangana,Telangana,2022-01-01,2022-12-01,2024-12-01,2026-12-01,423.48,,True,262.93,77.85,2026-08,Table 6,138,1493,Ministry of Road Transport & Highways,Roads & Highways,MORTH,MoRTH,,MoRTH,Transport & Logistics,False,False,Major,423.48,2026-07,2026-04,5,,,False
618182,Widening to Two lane with paved shoulders from 106/830 to 158/496 of Yellareddy- Rudrur Section of NH-765D in the state of Telangana on EPC mode under NHO under Annual plan 2022-23,MoRTH,,,color,Telangana,Telangana,2022-10-01,2024-07-01,2026-07-01,2027-08-01,499.88,,True,248.31,69.2,2026-08,Table 6,138,1494,Ministry of Road Transport & Highways,Roads & Highways,MORTH,MoRTH,,MoRTH,Transport & Logistics,False,False,Major,499.88,2026-07,2026-04,5,,,False
618183,Widening to 2 lane with paved shoulders from Km 62/920 to km 106/830 of Medak - Yellareddy section in the State of Telangana under Annual Plan 2022-23 on EPC mode under NHO,MoRTH,,,color,Telangana,Telangana,2022-10-01,2024-08-01,2026-08-01,2026-08-01,399.01,,True,170.44,70.6,2026-08,Table 6,138,1495,Ministry of Road Transport & Highways,Roads & Highways,MORTH,MoRTH,,MoRTH,Transport & Logistics,False,False,Major,399.01,2026-07,2026-04,5,,,False
618186,"Rehabilitation and Up-gradation of Valigonda to Thorrur Section to Two Lane with Paved Shoulders from Km 39.180 to Km 108.300 of NH-930P in the State of Telangana on Engineering, Procurement and Construction EPC Basis",MoRTH,N24002003,10201,color,Telangana,Telangana,2022-01-01,2022-12-01,2025-09-01,2026-09-01,549.28,,True,389.39,94.97,2026-08,Table 6,138,1496,Ministry of Road Transport & Highways,Roads & Highways,MORTH,MoRTH,,MoRTH,Transport & Logistics,False,False,Major,549.28,2026-07,2026-04,5,,,False
618190,Widening to two lane with paved shoulders of 'Bodhan Basar Bhainsa ' section from Km 38/900 to 95/300 of NH-161BB in the state of Telangana under Annual Plan 2021- 22 on EPC Mode under NH O.,MoRTH,N24002005,10204,color,Telangana,Telangana,2022-03-01,2023-03-01,2025-03-01,2026-09-01,644.45,,True,459.72,98.6,2026-08,Table 6,138,1497,Ministry of Road Transport & Highways,Roads & Highways,MORTH,MoRTH,,MoRTH,Transport & Logistics,False,False,Major,644.45,2026-07,2026-04,5,,,False
618196,Widening to 2 lane with Paved Shoulders of Siddipet-Elkathurthy section from Km 69/978 to km 133/619 of NH-765DG in the State of Telangana under Annual plan 2021-22 on EPC mode,MoRTH,N24002008,10205,color,Telangana,Telangana,2022-01-01,2022-12-01,2024-09-01,2026-12-01,578.85,,True,0.0,85.0,2026-08,Table 6,138,1498,Ministry of Road Transport & Highways,Roads & Highways,MORTH,MoRTH,,MoRTH,Transport & Logistics,False,False,Major,578.85,2026-07,2026-04,5,,,False
618197,Widening to 2 lane with Paved Shoulders of Medak - Siddipet section from Km 0/0 to km 69/978 of NH-765DG in the State of Telangana under Annual plan 2021-22 on EPC mode,MoRTH,N24002001,10206,color,Telangana,Telangana,2022-01-01,2023-01-01,2025-01-01,2026-12-01,882.18,,True,428.7,74.06,2026-08,Table 6,138,1499,Ministry of Road Transport & Highways,Roads & Highways,MORTH,MoRTH,,MoRTH,Transport & Logistics,False,False,Major,882.18,2026-07,2026-04,5,,,False
618746,Khammam-Devarapalle Pkg I [4L Access Controlled Greenfield from Thallampadu village to Somavaram village Design Chainage 0000 to 33604],NHAI,N24001482,10533,color,Telangana,Telangana,2021-01-01,2022-10-01,2024-10-01,2026-10-01,797.36,,True,684.72,97.26,2026-08,Table 6,138,1500,Ministry of Road Transport & Highways,Roads & Highways,NHAI,National Highways Authority of India [NHAI],,MoRTH,Transport & Logistics,False,False,Major,1337.18,2026-07,2026-04,5,,,False
618765,4L of Karimnagar-Warangal section from km 49.500 to km 117.820 of NH-563,NHAI,N24002083,10546,color,Telangana,Telangana,2022-03-01,2023-07-01,2025-07-01,2026-09-01,2146.86,,True,1274.82,92.4,2026-08,Table 6,138,1501,Ministry of Road Transport & Highways,Roads & Highways,NHAI,National Highways Authority of India [NHAI],,MoRTH,Transport & Logistics,False,False,Mega,2486.51,2026-07,2026-04,5,,,False
618811,4L Access Controlled Greenfield Highway Section Mancherial Warangal from Pangidipalle village at Design Ch. 72.350 Km to Oorugonda village at Design Ch. 112.240 KmPackage-III,NHAI,,10578,color,Telangana,Telangana,2023-03-01,2025-10-01,2027-10-01,2028-01-01,1183.71,,True,209.85,5.63,2026-08,Table 6,138,1502,Ministry of Road Transport & Highways,Roads & Highways,NHAI,National Highways Authority of India [NHAI],,MoRTH,Transport & Logistics,False,False,Mega,1170.64,2026-07,2026-04,5,,,False
618812,4L Access Controlled Greenfield Section Mancherial Warangal from Puttapaka village at Design Ch. 35.300 Km to Pangidipalle village at Design Ch. 72.350 KmPackage-II,NHAI,,10579,color,Telangana,Telangana,2023-01-01,2025-06-01,2027-06-01,2027-12-01,1129.33,,True,211.69,9.04,2026-08,Table 6,138,1503,Ministry of Road Transport & Highways,Roads & Highways,NHAI,National Highways Authority of India [NHAI],,MoRTH,Transport & Logistics,False,False,Mega,1145.41,2026-07,2026-04,5,,,False
618813,4L Access Controlled Greenfield Section Mancherial Warangal from Narva village at Design Ch. 3.834 Km to Puttapaka village at Design Ch. 35.300 Km Package-I,NHAI,,10580,color,Telangana,Telangana,2023-03-01,2024-12-01,2026-12-01,2027-10-01,1127.9,,True,162.07,11.28,2026-08,Table 6,138,1504,Ministry of Road Transport & Highways,Roads & Highways,NHAI,National Highways Authority of India [NHAI],,MoRTH,Transport & Logistics,False,False,Mega,1104.27,2026-07,2026-04,5,,,False
618814,4L Access Controlled Greenfield Highway section on NH163G Warangal-Khammam from Oorugonda village in Hanamkonda District at Design Ch. 112.240 Km to Venkatpur village in Warangal District at Design Ch. 150.240 KmPackage-I,NHAI,,10581,color,Telangana,Telangana,2023-03-01,2025-06-01,2027-06-01,2028-05-01,1142.6,,True,162.11,0.0,2026-08,Table 6,138,1505,Ministry of Road Transport & Highways,Roads & Highways,NHAI,National Highways Authority of India [NHAI],,MoRTH,Transport & Logistics,False,False,Mega,1140.82,2026-07,2026-04,4,,,False
618815,4L Access Controlled Greenfield Highway section on NH-163G Warangal-Khammam from Venkatpur village in Warangal District at Design Ch. 150.240 Km to Thallasenkesa village in Mahabubabed District at Design Ch. 189.650 kmPackage-II,NHAI,,10582,color,Telangana,Telangana,2023-03-01,2024-04-01,2026-04-01,2027-03-01,1092.88,,True,430.46,77.65,2026-08,Table 6,138,1506,Ministry of Road Transport & Highways,Roads & Highways,NHAI,National Highways Authority of India [NHAI],,MoRTH,Transport & Logistics,False,False,Mega,1083.11,2026-07,2026-04,5,,,False
618816,4L Access Controlled Greenfield Highway section on NH-163G Warangal-Khammam from Thallasenkesa village at Design Ch. 189.650 km to V.Vekatayapalem village in Khammam District at Design Ch. 220.480 KmPackage-III,NHAI,,10583,color,Telangana,Telangana,2023-03-01,2025-07-01,2027-07-01,2028-02-01,1105.25,,True,204.68,10.11,2026-08,Table 6,138,1507,Ministry of Road Transport & Highways,Roads & Highways,NHAI,National Highways Authority of India [NHAI],,MoRTH,Transport & Logistics,False,False,Mega,1098.05,2026-07,2026-05,4,,,False
618817,4L Access Controlled Greenfield Highway section on NH-163G Khammam Vijayawada from V. Venkatayapalem village at Design Ch. 220.480 Km to BrahmanapalliK village at Design Ch. 250.400 Km Package-I.,NHAI,,10584,color,Telangana,Telangana,2023-03-01,2025-03-01,2027-03-01,2027-06-01,973.45,,True,271.81,45.89,2026-08,Table 6,139,1508,Ministry of Road Transport & Highways,Roads & Highways,NHAI,National Highways Authority of India [NHAI],,MoRTH,Transport & Logistics,False,False,Major,1021.96,2026-07,2026-04,5,,,False
618944,Hyderabad - Maneguda,NHAI,,10682,color,Telangana,Telangana,2021-10-01,2024-11-01,2026-11-01,2027-05-01,958.86,,True,433.39,24.2,2026-08,Table 6,139,1509,Ministry of Road Transport & Highways,Roads & Highways,NHAI,National Highways Authority of India [NHAI],,MoRTH,Transport & Logistics,False,False,Major,1218.49,2026-07,2026-04,5,,,False
618945,4L of Kodad Design Km 0.00/Existing Km 185.00 of NH-65 to Khammam Design Km 31.800/Existing Km 29.400 of NH-365A,NHAI,N24001522,10683,color,Telangana,Telangana,2021-01-01,2022-01-01,2024-05-01,2026-09-01,1149.17,,True,937.96,99.98,2026-08,Table 6,139,1510,Ministry of Road Transport & Highways,Roads & Highways,NHAI,National Highways Authority of India [NHAI],,MoRTH,Transport & Logistics,False,False,Mega,1606.99,2026-07,2026-04,5,,,False
619009,Upgradation to Two Lane with Paved Shoulders from Km 0.000 to Km 41.920 Green Field Alignment of Gowrelly to Valigonda Section of NH-930P in the State of Telangana on EPC Mode under Annual Plan 2022-23,MoRTH,,12154,color,Telangana,Telangana,2022-11-01,2026-05-01,2028-04-01,2028-03-01,690.33,,True,102.92,4.87,2026-08,Table 6,139,1511,Ministry of Road Transport & Highways,Roads & Highways,MORTH,MoRTH,,MoRTH,Transport & Logistics,False,False,Major,690.33,2026-07,2026-04,5,2026-04,DQ09,False
619128,Khammam-Devarapalle Pkg II [4L Access Controlled Greenfield from Somavaram village to Chintagudem village Design Chainage 33604 to 63117],NHAI,N24001483,11797,color,Telangana,Telangana,2021-01-01,2022-09-01,2024-09-01,2026-08-01,615.78,,True,524.11,98.02,2026-08,Table 6,139,1512,Ministry of Road Transport & Highways,Roads & Highways,NHAI,National Highways Authority of India [NHAI],,MoRTH,Transport & Logistics,False,False,Major,981.64,2026-07,2026-04,5,,,False
619193,Rehabilitation and upgradation of NH-221 from km 121/0 to 165/0 Rudrampur to Bhadrachalam section to two lane with paved shoulder under NHDPIV in the state of Telangana through EPC mode,MoRTH,,,color,Telangana,Telangana,2015-01-01,2015-02-01,2017-02-01,2026-09-01,295.47,,True,209.88,82.76,2026-08,Table 6,139,1513,Ministry of Road Transport & Highways,Roads & Highways,MORTH,MoRTH,,MoRTH,Transport & Logistics,False,False,Major,334.82,2026-07,2026-04,5,,DQ14,False
619253,Construction of 4 lane Bypass to Nalgonda Town lrorn Km 000 Existing Ch. 181590 to Km 14.00 Existing Ch. 28/685 ol Nakrekal to Nagarjunsagar Section of NH -565 in the State of Telangara on EPC under Annual Plan 2024 -25,MoRTH,,12153,color,Telangana,Telangana,2024-10-01,2025-10-01,2027-10-01,2027-10-01,516.17,,True,262.22,62.07,2026-08,Table 6,139,1514,Ministry of Road Transport & Highways,Roads & Highways,MORTH,MoRTH,,MoRTH,Transport & Logistics,False,False,Major,516.17,2026-07,2026-04,5,2026-04,,False
619265,Rehabilitation & Upgradation of Thorrur to Nehru Nagar section to Two Lane with Paved shoulders from Km 109/420 to Km 178/500 of NH 930P in the state of Telangana on EPC mode under Annual Plan 2022-2023,MoRTH,,,color,Telangana,Telangana,2025-01-01,2026-07-01,2028-07-01,2028-07-01,675.45,,True,24.95,2.5,2026-08,Table 6,139,1515,Ministry of Road Transport & Highways,Roads & Highways,MORTH,MoRTH,,MoRTH,Transport & Logistics,False,False,Major,675.45,2026-07,2026-07,2,2026-07,,False
618307,Rehabilitation and up-gradation of road from km 16.077 to km 43.935 total length 27.858 km of Lalchara-Kanchanpur section via Shivbari on NH-44A to 2 lane with paved shoulder in the state of Tripura on EPC Mode Pkg-2 under BharatMala Pariyojana Manu-Simlung -2,NHIDCL,,,color,Tripura,Tripura,2022-02-01,2023-01-01,2025-01-01,2026-01-01,456.88,,True,205.69,54.56,2026-08,Table 6,139,1516,Ministry of Road Transport & Highways,Roads & Highways,NHIDCL,National Highways & Infrastructure Development Corporation Ltd. [NHIDCL],,MoRTH,Transport & Logistics,True,True,Major,456.88,2026-07,2026-06,3,,,False
618350,Improvement & widening of existing NH-08 to 4-lane with Paved Shoulder from Champak Nagar to Khayerpur section design Km 242500 to Km 261610 in the state of Tripura on EPC basis under NHO-NE,NHIDCL,N24002205,10272,color,Tripura,Tripura,2023-12-01,2024-09-01,2026-09-01,2027-03-01,920.66,,True,404.82,48.3,2026-08,Table 6,139,1517,Ministry of Road Transport & Highways,Roads & Highways,NHIDCL,National Highways & Infrastructure Development Corporation Ltd. [NHIDCL],,MoRTH,Transport & Logistics,True,True,Major,920.66,2026-07,2026-04,5,,,False
618367,Improvement and Widening to 2-lane with paved shoulder of road from design Km 72.000 Pati Chhari to design Km 107.654 Harina Total length 35.654 Km on Teliamura to Harina section of NH 208 in the state of Tripura on EPC mode under JICA ODA Loan Phase VI Package-4,NHIDCL,N24002228,10282,color,Tripura,Tripura,2024-01-01,2024-12-01,2026-12-01,2027-12-01,726.9,,True,100.84,9.5,2026-08,Table 6,139,1518,Ministry of Road Transport & Highways,Roads & Highways,NHIDCL,National Highways & Infrastructure Development Corporation Ltd. [NHIDCL],,MoRTH,Transport & Logistics,True,True,Major,726.9,2026-07,2026-04,5,,,False
618368,Improvement and Widening to 2-lane with paved shoulder of road from design Km 36.000 Rangamati to design Km 72.000 Pati Chhari Total length 36.000 Km on Teliamura to Harina section of NH 208 in the state of Tripura on EPC mode under JICA ODA Loan Phase VI Package-3,NHIDCL,N24002162,10283,color,Tripura,Tripura,2024-01-01,2024-09-01,2026-09-01,2027-05-01,670.9,,True,183.24,14.9,2026-08,Table 6,139,1519,Ministry of Road Transport & Highways,Roads & Highways,NHIDCL,National Highways & Infrastructure Development Corporation Ltd. [NHIDCL],,MoRTH,Transport & Logistics,True,True,Major,670.9,2026-07,2026-04,5,,,False
618369,Improvement and Widening to 2-lane with paved shoulder of road from existing Km 438.170 Khowai Chowmuhani to existing Km 439.410 South Pulinpur of NH-08 and from design Km 0.000 South Pulinpur to design Km 36.00 near Rangamati of NH 208 on Khowai Teliamura- Harina section Total length 37.24 in the state of Tripura on EPC mode under JICA ODA Loan Phase VI Package-2,NHIDCL,N24002161,10284,color,Tripura,Tripura,2024-01-01,2024-09-01,2026-09-01,2027-03-01,657.21,,True,306.14,61.4,2026-08,Table 6,139,1520,Ministry of Road Transport & Highways,Roads & Highways,NHIDCL,National Highways & Infrastructure Development Corporation Ltd. [NHIDCL],,MoRTH,Transport & Logistics,True,True,Major,657.21,2026-07,2026-04,5,,,False
618370,Improvement and Widening to 2-lane with paved shoulder of road from Km 101.300 to km 127.319 Total Length 26.019 Km i.e. the Khowai Teliamura-Amarpur-Harina- Sabroom section of NH 208 in the state of Tripura on EPC under JICA ODA Loan Phase VI Package-1,NHIDCL,N24002160,,color,Tripura,Tripura,2024-01-01,2024-07-01,2026-07-01,2027-04-01,431.78,,True,265.36,63.15,2026-08,Table 6,139,1521,Ministry of Road Transport & Highways,Roads & Highways,NHIDCL,National Highways & Infrastructure Development Corporation Ltd. [NHIDCL],,MoRTH,Transport & Logistics,True,True,Major,431.78,2026-07,2026-04,5,,,False
618385,Rehabilitation and up-gradation of road from design km 25.250 to km 36.460 Total lengh 11.210 km of Kailashahar-Kurti Bridge section on NH-208A to 2-lane with paved shoulder on EPC basis under NHO Package-III- Balance Work,NHIDCL,N24002159,,color,Tripura,Tripura,2020-02-01,2024-09-01,2026-03-01,2026-03-01,174.43,,True,67.1,53.14,2026-08,Table 6,139,1522,Ministry of Road Transport & Highways,Roads & Highways,NHIDCL,National Highways & Infrastructure Development Corporation Ltd. [NHIDCL],,MoRTH,Transport & Logistics,True,True,Major,174.43,2026-07,2026-04,5,,,False
618411,Melaghar-Srimantapur section on NH-08 Spur from Km 23 to Km 34.500 11.5 Km and overlay from Km 20.30 to Km 22.00 1.7 Km Total Length 13.2 Km,NHIDCL,N24001914,,color,Tripura,Tripura,2023-01-01,2023-05-01,2024-11-01,2026-10-01,195.95,,True,95.54,72.48,2026-08,Table 6,140,1523,Ministry of Road Transport & Highways,Roads & Highways,NHIDCL,National Highways & Infrastructure Development Corporation Ltd. [NHIDCL],,MoRTH,Transport & Logistics,True,True,Major,195.95,2026-07,2026-04,5,,,False
618417,"Construction of 4-Lane with paved shoulder Agartala bypass Western side, length 25.402 km connecting NH-8 near Amtali to NH-108B near Lembuchhera in the state of Tripura on EPC basis under NHO-NE",NHIDCL,N24002132,10305,color,Tripura,Tripura,2023-03-01,2024-03-01,2027-03-01,2027-03-01,2026.05,,True,462.34,9.2,2026-08,Table 6,140,1524,Ministry of Road Transport & Highways,Roads & Highways,NHIDCL,National Highways & Infrastructure Development Corporation Ltd. [NHIDCL],,MoRTH,Transport & Logistics,True,True,Mega,2026.05,2026-07,2026-04,5,,,False
617963,Rehabilitation and upgradation to four lane road from km 70.500 to km 78.600 of NH- 92 under EPC mode in the State of Uttar Pradesh,MoRTH,N24002211,,color,Uttar Pradesh,Uttar Pradesh,2022-01-01,2025-01-01,2027-01-01,2027-01-01,296.02,,True,128.07,40.0,2026-08,Table 6,140,1525,Ministry of Road Transport & Highways,Roads & Highways,MORTH,MoRTH,,MoRTH,Transport & Logistics,False,False,Major,351.78,2026-07,2026-04,5,,,False
617964,"Widening to Four Lane rigid pavement configuration from Km 90.00 to Km 100.800 on NH-96 Km 42.0 to Km 53.300 as per new NH-330,design length of 11.300 km under EPC mode in the state of Uttar Pradesh.",MoRTH,N24002199,,color,Uttar Pradesh,Uttar Pradesh,2022-12-01,2024-11-01,2026-11-01,2026-11-01,309.63,,True,63.04,32.21,2026-08,Table 6,140,1526,Ministry of Road Transport & Highways,Roads & Highways,MORTH,MoRTH,,MoRTH,Transport & Logistics,False,False,Major,309.63,2026-07,2026-04,5,,,False
618009,Balance work of Construction of Ring Road for Raebareli City on eastern side of NH- 24B Phase-1 on EPC mode.,MoRTH,N24000331,,color,Uttar Pradesh,Uttar Pradesh,2019-12-01,2020-10-01,2022-04-01,2026-12-01,319.96,,True,293.18,95.0,2026-08,Table 6,140,1527,Ministry of Road Transport & Highways,Roads & Highways,MORTH,MoRTH,,MoRTH,Transport & Logistics,False,False,Major,347.8,2026-07,2026-04,5,,,False
618054,Construction of Balrampur bypass with 2L flexible pavement configuration from km.223.000 of NH-330 to km.328.300 of NH-730 under EPC mode,MoRTH,N24002150,10171,color,Uttar Pradesh,Uttar Pradesh,2022-12-01,2024-08-01,2026-02-01,2026-12-01,515.69,,True,365.38,56.0,2026-08,Table 6,140,1528,Ministry of Road Transport & Highways,Roads & Highways,MORTH,MoRTH,,MoRTH,Transport & Logistics,False,False,Major,515.69,2026-07,2026-04,5,,,False
618055,Construction of Pratapgarh Bypass Extension connecting NH-31 to NH-330 on EPC mode in the State of Uttar Pradesh.,MoRTH,N24002016,,color,Uttar Pradesh,Uttar Pradesh,2022-10-01,2024-01-01,2025-06-01,2026-09-01,225.17,,True,134.1,78.0,2026-08,Table 6,140,1529,Ministry of Road Transport & Highways,Roads & Highways,MORTH,MoRTH,,MoRTH,Transport & Logistics,False,False,Major,225.17,2026-07,2026-04,5,,,False
618056,Improvement and Up-gradation to two Lane with Paved Shoulder Configuration from existing km. 420.00 Shohrathgarh to km. 454.00 Uska Bazar of NH-730 in the state of Uttar Pradesh EPC basis,MoRTH,N24002121,,color,Uttar Pradesh,Uttar Pradesh,2022-01-01,2024-03-01,2025-09-01,2026-12-01,509.65,,True,268.33,62.0,2026-08,Table 6,140,1530,Ministry of Road Transport & Highways,Roads & Highways,MORTH,MoRTH,,MoRTH,Transport & Logistics,False,False,Major,484.42,2026-07,2026-04,5,,,False
618057,Construction of Shohratgarh Bypass on NH-730 under EPC mode in the State of Uttar Pradesh,MoRTH,N24001997,,color,Uttar Pradesh,Uttar Pradesh,2022-10-01,2023-11-01,2025-05-01,2026-12-01,189.31,,True,85.77,54.0,2026-08,Table 6,140,1531,Ministry of Road Transport & Highways,Roads & Highways,MORTH,MoRTH,,MoRTH,Transport & Logistics,False,False,Major,189.31,2026-07,2026-04,5,,,False
618063,Widening & Strenghteningof section from Bharthana chowk to Kodarkoot km.0.00 to km.40.00 of NH-91-A on EPC mode,MoRTH,N24001587,,color,Uttar Pradesh,Uttar Pradesh,2020-03-01,2023-03-01,2024-09-01,2026-12-01,262.37,,True,115.38,94.0,2026-08,Table 6,140,1532,Ministry of Road Transport & Highways,Roads & Highways,MORTH,MoRTH,,MoRTH,Transport & Logistics,False,False,Major,343.77,2026-07,2026-04,5,,,False
618066,Construction of Amethi bypass Part-II at km.30.050 of NH-931 under EPC mode in the state of Uttar Pradesh,MoRTH,N24002214,,color,Uttar Pradesh,Uttar Pradesh,2022-12-01,2025-02-01,2027-02-01,2027-02-01,283.86,,True,105.94,52.0,2026-08,Table 6,140,1533,Ministry of Road Transport & Highways,Roads & Highways,MORTH,MoRTH,,MoRTH,Transport & Logistics,False,False,Major,283.86,2026-07,2026-04,5,,,False
618067,"Rehabilitation & Up-gradation from design Km. 0.000 to Km. 69.280 of NH-931 Pratapgarh - Amethi - Gauriganj -Musafirkhana to two lane with paved shoulder on Engineering, Procurement & Construction EpC mode in the State of Uttar Pradesh",MoRTH,,10172,color,Uttar Pradesh,Uttar Pradesh,2023-05-01,2025-11-01,2027-11-01,2027-11-01,1086.3,,True,141.2,10.9,2026-08,Table 6,140,1534,Ministry of Road Transport & Highways,Roads & Highways,MORTH,MoRTH,,MoRTH,Transport & Logistics,False,False,Mega,1086.3,2026-07,2026-04,5,,,False
618075,Construction of two lane with paved shoulder from existing Km.0.000 to Km.55.610 design km. 0.000 to km. 54.048 of NH-124D,MoRTH,N24002031,10174,color,Uttar Pradesh,Uttar Pradesh,2021-12-01,2024-02-01,2026-02-01,2027-03-01,840.93,,True,210.11,77.0,2026-08,Table 6,140,1535,Ministry of Road Transport & Highways,Roads & Highways,MORTH,MoRTH,,MoRTH,Transport & Logistics,False,False,Major,773.58,2026-07,2026-04,5,,,False
618081,Construction of Mariahu Bypass with four lane paved shoulder configuration Km. 53.540 to Km.59.200 of NH-135A on EPC mode in the state of Uttar Pradesh,MoRTH,N24002115,,color,Uttar Pradesh,Uttar Pradesh,2023-03-01,2024-02-01,2026-02-01,2026-12-01,438.24,,True,255.05,55.0,2026-08,Table 6,140,1536,Ministry of Road Transport & Highways,Roads & Highways,MORTH,MoRTH,,MoRTH,Transport & Logistics,False,False,Major,362.39,2026-07,2026-04,5,,,False
618082,Widening & Upgradation to four lane configuration from Km.34.900 Bhadohi to km.73.134 Jaunpur of NH-135A on EPC mode,MoRTH,N24001479,,color,Uttar Pradesh,Uttar Pradesh,2021-03-01,2022-11-01,2024-05-01,2026-10-01,395.62,,True,358.27,95.0,2026-08,Table 6,140,1537,Ministry of Road Transport & Highways,Roads & Highways,MORTH,MoRTH,,MoRTH,Transport & Logistics,False,False,Major,392.03,2026-07,2026-04,5,,,False
618111,Improvement and upgradation to two lane with paved shoulder configuration from existing km 90.00 to 130.00 Design length 39.15 of NH-227A near Sikriganj to Barhalganj in the State of UP on EPC Mode.,MoRTH,N24002015,,color,Uttar Pradesh,Uttar Pradesh,2021-08-01,2023-12-01,2025-06-01,2026-09-01,403.36,,True,204.35,96.0,2026-08,Table 6,140,1538,Ministry of Road Transport & Highways,Roads & Highways,MORTH,MoRTH,,MoRTH,Transport & Logistics,False,False,Major,345.34,2026-07,2026-04,5,,,False
618112,"Improvement and up-gradation of NH-227B 84 Kosi Parikrama Marg Package I, from km 228.920 Jagarnathpur to Km 235.960/0.000 MakhaudaDham to Km 29.000 Sarpur in the State of Uttar Pradesh on EPC basis",MoRTH,N24002240,10186,color,Uttar Pradesh,Uttar Pradesh,2022-03-01,2025-05-01,2026-11-01,2027-05-01,912.5,,True,421.43,8.0,2026-08,Table 6,140,1539,Ministry of Road Transport & Highways,Roads & Highways,MORTH,MoRTH,,MoRTH,Transport & Logistics,False,False,Major,912.5,2026-07,2026-04,5,,,False
618113,"Improvement and up-gradation of NH-227B 84 Kosi Parikrama Marg Package III, from Km.47.800 Gosaiganj to Km.73.300 Bikapur in the State of Uttar Pradesh on EPC basis.",MoRTH,N24002241,10187,color,Uttar Pradesh,Uttar Pradesh,2022-03-01,2025-05-01,2026-11-01,2027-05-01,587.97,,True,285.2,52.45,2026-08,Table 6,141,1540,Ministry of Road Transport & Highways,Roads & Highways,MORTH,MoRTH,,MoRTH,Transport & Logistics,False,False,Major,587.97,2026-07,2026-04,5,,,False
618114,"Improvement and up-gradation of NH-227B 84 Kosi Parikrama Marg PackageV, from Design Km.140.960 Patranga to Km.160.200 Bahuvan Madar Majha on EPC mode in the State of Uttar Pradesh",MoRTH,,12089,color,Uttar Pradesh,Uttar Pradesh,2023-03-01,2026-02-01,2028-08-01,2028-08-01,1192.33,,True,105.72,8.0,2026-08,Table 6,141,1541,Ministry of Road Transport & Highways,Roads & Highways,MORTH,MoRTH,,MoRTH,Transport & Logistics,False,False,Mega,1192.33,2026-07,2026-04,5,2026-04,,False
618116,lmprovement and Up-gradation from Km. 73.300 Bikapur to Km.140.960 Patranga of NH-227B 84 Kosi Parikrama Marg to 2LPS along with Parikrama Path,MoRTH,,,color,Uttar Pradesh,Uttar Pradesh,2022-11-01,2026-01-01,2028-01-01,2028-01-01,1679.75,,True,707.07,40.5,2026-08,Table 6,141,1542,Ministry of Road Transport & Highways,Roads & Highways,MORTH,MoRTH,,MoRTH,Transport & Logistics,False,False,Mega,1679.75,2026-07,2026-04,5,,,False
618124,Rehabilitation and upgradation from km 51.600 to km 75.700 of NH-321G Nuhkhas to Etah section to two lane with paved shoulder configuration under EPC mode in the State of Uttar Pradesh,MoRTH,N24002116,,color,Uttar Pradesh,Uttar Pradesh,2022-01-01,2024-02-01,2025-08-01,2026-11-01,343.54,,True,88.97,73.0,2026-08,Table 6,141,1543,Ministry of Road Transport & Highways,Roads & Highways,MORTH,MoRTH,,MoRTH,Transport & Logistics,False,False,Major,343.54,2026-07,2026-04,5,,,False
618162,"Improvement and up-gradation to 2LPS of NH-227B 84-Kosi Parikrama Marg PackageVI, Design Km 160200 Bahuvan Madar Majha to Km 224040 Jagarnathpur under HAM",MoRTH,,,color,Uttar Pradesh,Uttar Pradesh,2023-05-01,2026-01-01,2028-01-01,2028-01-01,2008.7,,True,506.45,22.0,2026-08,Table 6,141,1544,Ministry of Road Transport & Highways,Roads & Highways,MORTH,MoRTH,,MoRTH,Transport & Logistics,False,False,Mega,2008.7,2026-07,2026-04,5,,,False
618163,"Rehabilitation and Up-gradation from km. 0000 to km.40390 of NH-730S MaharajganjNichloulThuthibari to two lane with paved shoulders in the State of U.P. on Engineering, Procurement & Construction EPC Basis.",MoRTH,N24001418,10195,color,Uttar Pradesh,Uttar Pradesh,2023-03-01,2024-06-01,2025-12-01,2026-12-01,809.25,,True,352.88,61.0,2026-08,Table 6,141,1545,Ministry of Road Transport & Highways,Roads & Highways,MORTH,MoRTH,,MoRTH,Transport & Logistics,False,False,Major,603.19,2026-07,2026-04,5,,,False
618164,Construction of four lane highway with paved shoulder from Km.74.700 to Km.112.950 of NH-731A i/c Yamuna Bridge on HAM in the state of Uttar Pradesh.,MoRTH,N24001419,10196,color,Uttar Pradesh,Uttar Pradesh,2022-03-01,2024-06-01,2026-06-01,2026-09-01,1141.67,,True,627.83,100.0,2026-08,Table 6,141,1546,Ministry of Road Transport & Highways,Roads & Highways,MORTH,MoRTH,,MoRTH,Transport & Logistics,False,False,Mega,1157.31,2026-07,2026-04,5,,,False
618166,Construction of 4-lane green field highway from Km. 35.000 to Km. 49.155 of NH- 731A with paved shoulders on Hybrid Annuity Mode in the state of Uttar Pradesh,MoRTH,N24001647,10198,color,Uttar Pradesh,Uttar Pradesh,2022-01-01,2023-10-01,2025-10-01,2026-09-01,697.66,,True,340.43,100.0,2026-08,Table 6,141,1547,Ministry of Road Transport & Highways,Roads & Highways,MORTH,MoRTH,,MoRTH,Transport & Logistics,False,False,Major,697.66,2026-07,2026-04,5,,,False
618168,Widening to four lane with paved shoulder from Design Km.49.200 to Km.89.285 of NH-731B on EPC mode in the state of Uttar Pradesh,MoRTH,N24001792,10199,color,Uttar Pradesh,Uttar Pradesh,2022-03-01,2024-01-01,2026-01-01,2027-01-01,917.91,,True,685.18,56.0,2026-08,Table 6,141,1548,Ministry of Road Transport & Highways,Roads & Highways,MORTH,MoRTH,,MoRTH,Transport & Logistics,False,False,Major,965.3,2026-07,2026-04,5,,,False
618169,Construction of Two Lane with paved shoulder highway from Design Ch.0.000 to Ch.49.2OO of NH-731B on EPC Mode,MoRTH,N24001730,10200,color,Uttar Pradesh,Uttar Pradesh,2022-03-01,2023-11-01,2025-11-01,2026-09-01,640.18,,True,580.93,99.0,2026-08,Table 6,141,1549,Ministry of Road Transport & Highways,Roads & Highways,MORTH,MoRTH,,MoRTH,Transport & Logistics,False,False,Major,602.76,2026-07,2026-04,5,,,False
618187,"Rehabilitation and upgradation of Salon - Jais - Jagdishpur Road section of NH-931A, from design Chainage km 0.000 to km 5.740 to four lane divided carriageway and from design Chainage km 5.740 to km 53.500 to two lane with paved Total length km 53.500 along with One time improvement in 04 no's of realigned/bypassed built-up areas in a total length of 9.732 km in the state of Uttar Pradesh on EPC mode",MoRTH,,10202,color,Uttar Pradesh,Uttar Pradesh,2023-05-01,2025-10-01,2027-10-01,2027-10-01,947.15,,True,179.04,11.56,2026-08,Table 6,141,1550,Ministry of Road Transport & Highways,Roads & Highways,MORTH,MoRTH,,MoRTH,Transport & Logistics,False,False,Major,947.15,2026-07,2026-04,5,,,False
618233,Construction of 6-lane bridge on Ganga on NH-96 and its approaches in Phaphamau Allahabad on EPC mode,MoRTH,N24001421,10222,color,Uttar Pradesh,Uttar Pradesh,2018-07-01,2021-02-01,2024-02-01,2026-09-01,1948.25,,True,1295.12,92.0,2026-08,Table 6,141,1551,Ministry of Road Transport & Highways,Roads & Highways,MORTH,MoRTH,,MoRTH,Transport & Logistics,False,False,Mega,1465.41,2026-07,2026-04,5,,,False
618243,Construction of Basti Ring Road Phase-I with 4L configuration for Basti City in the state of Uttar Pradesh on HAM mode,MoRTH,N24002245,10224,color,Uttar Pradesh,Uttar Pradesh,2022-12-01,2025-06-01,2027-06-01,2027-06-01,1138.72,,True,404.59,39.0,2026-08,Table 6,141,1552,Ministry of Road Transport & Highways,Roads & Highways,MORTH,MoRTH,,MoRTH,Transport & Logistics,False,False,Mega,1138.72,2026-07,2026-04,5,,,False
618244,Construction of Raebareli Ring Road Phase-2 with four Lane configuration for Raebareli City in the state of Uttar Pradesh on Hybrid Annuity Model HAM basis,MoRTH,N24002235,10225,color,Uttar Pradesh,Uttar Pradesh,2022-03-01,2025-05-01,2027-05-01,2027-05-01,1273.72,,True,524.96,56.0,2026-08,Table 6,141,1553,Ministry of Road Transport & Highways,Roads & Highways,MORTH,MoRTH,,MoRTH,Transport & Logistics,False,False,Mega,1273.72,2026-07,2026-04,5,,,False
618247,Construction of 4 lane Mirzapur bypass including bridge over river Ganga from km 0.000 to km 15.000 of NH 135A in the State of Uttar Pradesh on HAM Mode.,MoRTH,,,color,Uttar Pradesh,Uttar Pradesh,2024-03-01,2026-01-01,2029-01-01,2029-01-01,1708.62,,True,341.16,8.0,2026-08,Table 6,141,1554,Ministry of Road Transport & Highways,Roads & Highways,MORTH,MoRTH,,MoRTH,Transport & Logistics,False,False,Mega,1708.62,2026-07,2026-04,5,,,False
618248,Widening to 4 lane from km. 139.00 to km 179.20 of NH-135A Pkg-III Jaunpur Akbarpur section and Akbarpur bypass on Hybrid Annuity Mode in the state of Uttar Pradesh.,MoRTH,,,color,Uttar Pradesh,Uttar Pradesh,2023-05-01,2026-01-01,2028-01-01,2028-01-01,1653.15,,True,340.43,24.0,2026-08,Table 6,141,1555,Ministry of Road Transport & Highways,Roads & Highways,MORTH,MoRTH,,MoRTH,Transport & Logistics,False,False,Mega,1653.15,2026-07,2026-04,5,,,False
618249,Widening to 4 lane from km. 108.50 to km 139.00 of NH-135A Pkg-II Jaunpur Akbarpur section on Hybrid Annuity Mode in the state of Uttar Pradesh,MoRTH,N24002234,10227,color,Uttar Pradesh,Uttar Pradesh,2023-03-01,2025-03-01,2027-03-01,2027-03-01,1511.57,,True,398.15,45.0,2026-08,Table 6,141,1556,Ministry of Road Transport & Highways,Roads & Highways,MORTH,MoRTH,,MoRTH,Transport & Logistics,False,False,Mega,1511.57,2026-07,2026-04,5,,,False
618252,"Improvement and Up-gradation to two Lane with Paved Shoulder/Four Lane configuration from existing Km 130.000 to Km 191.000 design km 131.500 to Km 188.735, Design length 57.235 Km of NH-227A near Barhalganj to Mehrauna Ghat in the state of Uttar Pradesh on Hybrid Annuity Model HAM basis",MoRTH,N24002201,10230,color,Uttar Pradesh,Uttar Pradesh,2022-01-01,2024-11-01,2027-05-01,2027-05-01,974.19,,True,765.31,59.0,2026-08,Table 6,142,1557,Ministry of Road Transport & Highways,Roads & Highways,MORTH,MoRTH,,MoRTH,Transport & Logistics,False,False,Major,1344.61,2026-07,2026-04,5,,,False
618260,"Construction of Salempur bypass to 4LPS from km 64.000 of NH-727A Km 171.00 of Sonauli Balia Marg, old SH-01, near Mahadahan Chauraha to km 61.500 of NH-727B Km 178.500 of Sonauli Balia Marg, old SH-01, near near Ahirauli Village under Hybrid Annuity Mode HAM in the State of Uttar Pradesh",MoRTH,,10231,color,Uttar Pradesh,Uttar Pradesh,2022-03-01,2025-11-01,2027-11-01,2027-11-01,1348.06,,True,318.71,38.0,2026-08,Table 6,142,1558,Ministry of Road Transport & Highways,Roads & Highways,MORTH,MoRTH,,MoRTH,Transport & Logistics,False,False,Mega,1348.06,2026-07,2026-04,5,,,False
618262,Construction of Deoria Bypass from existing Km. 27.140 to existing Km. 46.780 Design Km. 49.109 on NH727A Design length 21.969 Km. to four lane with paved shoulder configuration under Hybrid Annuity Mode HAM in the State of Uttar Pradesh,MoRTH,,10232,color,Uttar Pradesh,Uttar Pradesh,2023-03-01,2025-08-01,2027-07-01,2027-07-01,1734.7,,True,482.81,10.0,2026-08,Table 6,142,1559,Ministry of Road Transport & Highways,Roads & Highways,MORTH,MoRTH,,MoRTH,Transport & Logistics,False,False,Mega,1734.7,2026-07,2026-04,5,,,False
618263,"Rehabilitation and Up-gradation to 2LPS from Km. 0.000 to Km. 7.800 and Km. 35.400 to Km. 52.345 Design length 24.745 Km., except Bihar portion of NH-727B Tamkuhiraj to Bihar Border and Bihar Border to Majhauli on EPC mode in the State of Uttar Pradesh",MoRTH,N24002213,10233,color,Uttar Pradesh,Uttar Pradesh,2023-03-01,2025-01-01,2026-07-01,2026-10-01,701.02,,True,436.04,81.18,2026-08,Table 6,142,1560,Ministry of Road Transport & Highways,Roads & Highways,MORTH,MoRTH,,MoRTH,Transport & Logistics,False,False,Major,701.02,2026-07,2026-04,5,,,False
618264,"Widening and Strengthening to two Lane with Paved Shoulder/Four Lane with paved shoulder configuration from km. 61.500 of NH-727B near Nawalpur km 178.500 of Sonauli Balia Marg, Old SH-01 i.e. end point of Salempur Bypass to km. 106.495 of NH-727B near Sikanderpur under EPC mode",MoRTH,,10234,color,Uttar Pradesh,Uttar Pradesh,2023-05-01,2025-12-01,2028-05-01,2028-05-01,2061.86,,True,599.82,43.0,2026-08,Table 6,142,1561,Ministry of Road Transport & Highways,Roads & Highways,MORTH,MoRTH,,MoRTH,Transport & Logistics,False,False,Mega,2061.86,2026-07,2026-04,5,,,False
618265,Rehabilitation and upgradation to 2-lane with paved sholuders configuration of Miranpur Katra to radhaita section of NH-730CKm.114.000 to Km 137.250pakage-III in state of Uttar Pradesh undergreen national Highway Corridor ProjectGNHCP with the loan assistance of world Bank on EPC mode.,MoRTH,N24001457,,color,Uttar Pradesh,Uttar Pradesh,2020-04-01,2022-07-01,2024-07-01,2026-12-01,172.5,,True,144.33,92.0,2026-08,Table 6,142,1562,Ministry of Road Transport & Highways,Roads & Highways,MORTH,MoRTH,,MoRTH,Transport & Logistics,False,False,Major,169.56,2026-07,2026-04,5,,,False
618266,Rehabilitation and upgradation to 2-lane with paved sholuders configuration of Bewar- Allahaganj- section of NH-730C Km.0.000 to Km 52.770 pakage-I in state of Uttar Pradesh undergreen national Highway Corridor Project GNHCP with the loan assistance of world Bank on EPC mode.,MoRTH,N24001471,,color,Uttar Pradesh,Uttar Pradesh,2020-04-01,2022-11-01,2024-11-01,2026-10-01,325.24,,True,306.61,99.0,2026-08,Table 6,142,1563,Ministry of Road Transport & Highways,Roads & Highways,MORTH,MoRTH,,MoRTH,Transport & Logistics,False,False,Major,340.16,2026-07,2026-04,5,,,False
618267,Widening/Upgradation to four lane configuration of Shahjahanpur-Bisalpur section from km 0.00 to km 47.026 of NH-731K on Hybrid Annuity Mode in the state of Uttar Pradesh.,MoRTH,,,color,Uttar Pradesh,Uttar Pradesh,2023-03-01,2026-05-01,2028-05-01,2028-05-01,1590.2,,True,194.98,1.0,2026-08,Table 6,142,1564,Ministry of Road Transport & Highways,Roads & Highways,MORTH,MoRTH,,MoRTH,Transport & Logistics,False,False,Mega,1590.2,2026-07,2026-05,4,2026-05,,False
618499,6L Elevated Kanpur - Lucknow Exeressway Pkg-1 from Km. 10980 to Km. 28500,NHAI,N24001745,10357,color,Uttar Pradesh,Uttar Pradesh,2021-12-01,2023-02-01,2025-07-01,2026-09-01,1972.94,,True,775.81,100.0,2026-08,Table 6,142,1565,Ministry of Road Transport & Highways,Roads & Highways,NHAI,National Highways Authority of India [NHAI],,MoRTH,Transport & Logistics,False,False,Mega,1943.27,2026-07,2026-04,5,,,False
618500,Construction of 4L Connector from Delhi Meerut Expressway Km 50.000 of Pkg IV to Km 8.520 of NH-235 Pkg-5,NHAI,N24001772,10358,color,Uttar Pradesh,Uttar Pradesh,2021-09-01,2022-03-01,2024-03-01,2026-09-01,1081.39,,True,463.14,78.0,2026-08,Table 6,142,1566,Ministry of Road Transport & Highways,Roads & Highways,NHAI,National Highways Authority of India [NHAI],,MoRTH,Transport & Logistics,False,False,Mega,1116.19,2026-07,2026-04,5,,,False
618529,Varanasi Ring Road Pkg-II connecting Sandaha Village km 11.70 / NH-29 with Revasa Village km 818.80 / NH-2,NHAI,N24001826,10380,color,Uttar Pradesh,Uttar Pradesh,2017-12-01,2019-02-01,2022-02-01,2026-10-01,1991.71,,True,1758.76,96.86,2026-08,Table 6,142,1567,Ministry of Road Transport & Highways,Roads & Highways,NHAI,National Highways Authority of India [NHAI],,MoRTH,Transport & Logistics,False,False,Mega,1832.66,2026-07,2026-04,5,,,False
618536,Construction of Ring Road around Kanpur from Ch.68.650 to Ch.93.209 Jarkala to Pakari Package-IV in State of Uttar Pradesh.,NHAI,,10385,color,Uttar Pradesh,Uttar Pradesh,2023-02-01,2024-12-01,2027-06-01,2027-06-01,1603.53,,True,287.37,39.2,2026-08,Table 6,142,1568,Ministry of Road Transport & Highways,Roads & Highways,NHAI,National Highways Authority of India [NHAI],,MoRTH,Transport & Logistics,False,False,Mega,1192.16,2026-07,2026-04,5,,,False
618537,Construction of Ring Road around Kanpur from Km.000 to Km. 23.325 Chachendi Sachendi I to Maharajpur Package-I,NHAI,N24002104,10386,color,Uttar Pradesh,Uttar Pradesh,2023-01-01,2023-12-01,2026-06-01,2027-02-01,1753.75,,True,479.58,62.15,2026-08,Table 6,142,1569,Ministry of Road Transport & Highways,Roads & Highways,NHAI,National Highways Authority of India [NHAI],,MoRTH,Transport & Logistics,False,False,Mega,1311.7,2026-07,2026-04,5,,,False
618538,Construction of Ring Road around kanpur from Ch.51.200 to Ch. 68.650 Badarka to Harbanch-Uchti Pkg-III,NHAI,,10387,color,Uttar Pradesh,Uttar Pradesh,2023-09-01,2025-01-01,2027-07-01,2027-07-01,1792.68,,True,297.75,34.8,2026-08,Table 6,142,1570,Ministry of Road Transport & Highways,Roads & Highways,NHAI,National Highways Authority of India [NHAI],,MoRTH,Transport & Logistics,False,False,Mega,1126.75,2026-07,2026-04,5,,,False
618539,Construction of Ring Road Kanpur from Ch. 32.090 to Ch.51.200 Transganaga to Sathara Package-II B,NHAI,,10388,color,Uttar Pradesh,Uttar Pradesh,2024-08-01,2025-03-01,2027-09-01,2027-09-01,1089.41,,True,68.11,20.4,2026-08,Table 6,142,1571,Ministry of Road Transport & Highways,Roads & Highways,NHAI,National Highways Authority of India [NHAI],,MoRTH,Transport & Logistics,False,False,Mega,1106.92,2026-07,2026-04,5,,,False
618540,Construction of Ring Road around Kanpur from Ch.23.325 to Ch.32.090 Chaudhariya to Transganga Package-IIA,NHAI,,10389,color,Uttar Pradesh,Uttar Pradesh,2024-08-01,2025-11-01,2027-10-01,2028-04-01,1089.41,,True,260.33,49.85,2026-08,Table 6,142,1572,Ministry of Road Transport & Highways,Roads & Highways,NHAI,National Highways Authority of India [NHAI],,MoRTH,Transport & Logistics,False,False,Mega,977.45,2026-07,2026-04,5,,,False
618554,Construction of left out portion of Agra Inner Ring Road connecting village Deori to NH-44 village Bad from Km. 0.000 to Km. 7.772,NHAI,N24001853,10400,color,Uttar Pradesh,Uttar Pradesh,2022-07-01,2023-03-01,2024-09-01,2026-11-01,879.26,,True,629.11,94.0,2026-08,Table 6,143,1573,Ministry of Road Transport & Highways,Roads & Highways,NHAI,National Highways Authority of India [NHAI],,MoRTH,Transport & Logistics,False,False,Major,787.58,2026-07,2026-04,5,,,False
618566,4L Green Field Northern East side Gorakhpur Bypass 26.616 Kms starting from NH- 29E Chainage 83.308 and end at NH-28 Chainage 285.100,NHAI,N24002096,10409,color,Uttar Pradesh,Uttar Pradesh,2023-02-01,2024-01-01,2026-01-01,2027-03-01,1973.98,,True,1046.53,73.78,2026-08,Table 6,143,1574,Ministry of Road Transport & Highways,Roads & Highways,NHAI,National Highways Authority of India [NHAI],,MoRTH,Transport & Logistics,False,False,Mega,1244.44,2026-07,2026-04,5,,,False
618567,4/6L of Northern Ayodhya Bypass starting Km. 112.540 and ending Km. 139.928 north of existing NH-27 part-1 and part-2 south of NH-27 from km 0.000 to km 5.000.,NHAI,,10410,color,Uttar Pradesh,Uttar Pradesh,2024-08-01,2025-07-01,2028-01-01,2028-01-01,2289.34,,True,286.37,33.53,2026-08,Table 6,143,1575,Ministry of Road Transport & Highways,Roads & Highways,NHAI,National Highways Authority of India [NHAI],,MoRTH,Transport & Logistics,False,False,Mega,1834.25,2026-07,2026-04,5,,,False
618568,4/6L Southern Ayodhya Bypass from Km 5.000 to Km 37.172 starting near Km. 112.540 and ending at Km. 153.281 of NH-27,NHAI,,10411,color,Uttar Pradesh,Uttar Pradesh,2024-08-01,2025-03-01,2027-09-01,2027-09-01,2541.13,,True,326.56,39.5,2026-08,Table 6,143,1576,Ministry of Road Transport & Highways,Roads & Highways,NHAI,National Highways Authority of India [NHAI],,MoRTH,Transport & Logistics,False,False,Mega,1983.05,2026-07,2026-04,5,,,False
618669,4 -Laning of MP/UP Border to Kabarai section of NH-34&35 from km 197.000 to km 242.991 Length 45.991 Km Sagar-Kabrai Package-5 under Bharat Mala Pariyojana EC in MP & UP on HAM,NHAI,,10474,color,Uttar Pradesh,Uttar Pradesh,2022-10-01,2025-02-01,2027-02-01,2027-02-01,1632.93,,True,574.14,61.77,2026-08,Table 6,143,1577,Ministry of Road Transport & Highways,Roads & Highways,NHAI,National Highways Authority of India [NHAI],,MoRTH,Transport & Logistics,False,False,Mega,1425.43,2026-07,2026-04,5,,,False
618690,"4 lanning of Aligarh Palwal section from km 0.00 to km 46.39 package -1 from khereshwar junction-kurana of NH33D , including khair & jattari bypass in the state of UP on HAM mode",NHAI,,10491,color,Uttar Pradesh,Uttar Pradesh,2024-03-01,2025-03-01,2027-03-01,2027-03-01,1663.38,,True,592.48,21.25,2026-08,Table 6,143,1578,Ministry of Road Transport & Highways,Roads & Highways,NHAI,National Highways Authority of India [NHAI],,MoRTH,Transport & Logistics,False,False,Mega,1685.69,2026-07,2026-04,5,,,False
618710,DL/UP Border - EPE Crossing Pkg-02,NHAI,N24001830,10505,color,Uttar Pradesh,Uttar Pradesh,2020-09-01,2021-05-01,2023-11-01,2026-09-01,2002.79,,True,1740.61,100.0,2026-08,Table 6,143,1579,Ministry of Road Transport & Highways,Roads & Highways,NHAI,National Highways Authority of India [NHAI],,MoRTH,Transport & Logistics,False,False,Mega,1889.78,2026-07,2026-04,5,,,False
618722,6L access Controlled Greenfield Highway from Gogwan Jalalpur Shamli to Ranipur Barsi Saharanpur of Shamli -Ambala section Package-I Design Ch. Form km 00.600 to km 45.500,NHAI,N24002036,10517,color,Uttar Pradesh,Uttar Pradesh,2022-06-01,2023-05-01,2025-05-01,2027-03-01,1843.59,,True,771.67,68.2,2026-08,Table 6,143,1580,Ministry of Road Transport & Highways,Roads & Highways,NHAI,National Highways Authority of India [NHAI],,MoRTH,Transport & Logistics,False,False,Mega,1247.55,2026-07,2026-04,5,,,False
618761,4L Spur of Meerut-Garh-Mukteshwar section connecting NH-119 and NH-58 bypassing Meerut Town of NH 709 A,NHAI,N24001754,10543,color,Uttar Pradesh,Uttar Pradesh,2021-10-01,2023-02-01,2025-02-01,2026-09-01,991.89,,True,884.85,96.98,2026-08,Table 6,143,1581,Ministry of Road Transport & Highways,Roads & Highways,NHAI,National Highways Authority of India [NHAI],,MoRTH,Transport & Logistics,False,False,Major,977.73,2026-07,2026-04,5,,,False
618768,Four laning of Agra-Aligarh Section from Km. 0.000 Junction of NH-34 Aligarh Km 144.60 to Km. 28.000 near Asroi village in Hathras of NH-509 Package-I,NHAI,,12084,color,Uttar Pradesh,Uttar Pradesh,2024-06-01,2026-03-01,2028-03-01,2028-11-01,1309.08,,True,313.15,3.96,2026-08,Table 6,143,1582,Ministry of Road Transport & Highways,Roads & Highways,NHAI,National Highways Authority of India [NHAI],,MoRTH,Transport & Logistics,False,False,Mega,1309.08,2026-07,2026-04,5,2026-04,,False
618782,4L of Bareilly-Pilibhit-Sitarganj from Km. 0.000 to Km. 32.500 of NH-30 Pkg-1,NHAI,,10557,color,Uttar Pradesh,Uttar Pradesh,2023-02-01,2024-03-01,2026-03-01,2027-03-01,1394.14,,True,626.04,64.12,2026-08,Table 6,143,1583,Ministry of Road Transport & Highways,Roads & Highways,NHAI,National Highways Authority of India [NHAI],,MoRTH,Transport & Logistics,False,False,Mega,1394.14,2026-07,2026-04,5,,,False
618798,4L of Sonauli - Gorakhpur,NHAI,N24002095,10569,color,Uttar Pradesh,Uttar Pradesh,2021-12-01,2023-03-01,2025-03-01,2026-12-01,2555.5,,True,1330.97,89.0,2026-08,Table 6,143,1584,Ministry of Road Transport & Highways,Roads & Highways,NHAI,National Highways Authority of India [NHAI],,MoRTH,Transport & Logistics,False,False,Mega,2275.43,2026-07,2026-04,5,,,False
618842,"2L PS Greenfield bypass lalganj ajhara, mohanganj and Raniganj on Raebareli - Jaunpur Section Design km 0.00 to Km 53177 of NH-31",NHAI,,,color,Uttar Pradesh,Uttar Pradesh,2024-12-01,2026-06-01,2028-06-01,2026-12-01,1280.68,,True,205.64,0.0,2026-08,Table 6,143,1585,Ministry of Road Transport & Highways,Roads & Highways,NHAI,National Highways Authority of India [NHAI],,MoRTH,Transport & Logistics,False,False,Mega,1280.68,2026-07,2026-06,3,2026-06,DQ09,False
618843,Construction of two lane with paved shoulders bypass to Mungrabadshapur town starting from near Kodahu at Km 47/225 of NH-319D and ending near Nauwadandi at Km 219/720 of NH-31 under NHO in the state of Uttar Pradesh on EPC mode,NHAI,,,color,Uttar Pradesh,Uttar Pradesh,2025-02-01,2025-09-01,2027-03-01,2027-03-01,197.6,,True,59.06,22.79,2026-08,Table 6,143,1586,Ministry of Road Transport & Highways,Roads & Highways,NHAI,National Highways Authority of India [NHAI],,MoRTH,Transport & Logistics,False,False,Major,165.28,2026-07,2026-04,5,,,False
618848,Construction of Underpass beneath airport runway on NH-31 old NH-56 for proposed expansion of runway of Babatpur Airport Varanasi,NHAI,,10607,color,Uttar Pradesh,Uttar Pradesh,2025-02-01,2025-09-01,2027-09-01,2027-09-01,649.44,,True,0.09,29.86,2026-08,Table 6,143,1587,Ministry of Road Transport & Highways,Roads & Highways,NHAI,National Highways Authority of India [NHAI],,MoRTH,Transport & Logistics,False,False,Major,649.44,2026-07,2026-04,5,,,False
618856,"Improvement and Up-Gradation of Existing Road to 4L PS from Km 123.650 to 175.080, from Start of Shahabad Bypass to End of Hardoi bypass of NH 731 Pkg-2B",NHAI,N24002094,10612,color,Uttar Pradesh,Uttar Pradesh,2022-09-01,2023-11-01,2025-11-01,2027-03-01,1101.79,,True,540.05,71.33,2026-08,Table 6,143,1588,Ministry of Road Transport & Highways,Roads & Highways,NHAI,National Highways Authority of India [NHAI],,MoRTH,Transport & Logistics,False,False,Mega,1212.26,2026-07,2026-04,5,,,False
618858,"Improvement and Up-Gradation of Existing Road to 4L PS from Km 88.750 to 123.650, from Start of Shahjahanpur Bypass to start of Shahabad bypass of NH 731Pkg.-2A",NHAI,,10614,color,Uttar Pradesh,Uttar Pradesh,2022-09-01,2024-01-01,2026-01-01,2027-03-01,955.34,,True,371.22,70.56,2026-08,Table 6,143,1589,Ministry of Road Transport & Highways,Roads & Highways,NHAI,National Highways Authority of India [NHAI],,MoRTH,Transport & Logistics,False,False,Major,955.34,2026-07,2026-04,5,,,False
618859,"Improvement and Up-Gradation of Existing Road to 4L PS from Km 229.070 to 260.800, End of Hardoi District to Lucknow Ring road of NH 731 Pkg-4",NHAI,N24001732,10615,color,Uttar Pradesh,Uttar Pradesh,2021-09-01,2022-10-01,2024-10-01,2026-09-01,575.66,,True,390.55,99.33,2026-08,Table 6,143,1590,Ministry of Road Transport & Highways,Roads & Highways,NHAI,National Highways Authority of India [NHAI],,MoRTH,Transport & Logistics,False,False,Major,553.61,2026-07,2026-04,5,,,False
618866,"Four Lane Highway from Chandan Nagar Existing Km. 59.025 of NH 530B/Design Km. 179.5000 to Bareilly BypassStartExisting Km. 59.025 of NH 530B/Design Km. 218.000 Section of NH 530B, in the State of Uttar Pradesh on HAM Mode under NH0",NHAI,,10621,color,Uttar Pradesh,Uttar Pradesh,2024-12-01,2025-11-01,2027-11-01,2027-11-01,2077.0,,True,491.0,34.5,2026-08,Table 6,144,1591,Ministry of Road Transport & Highways,Roads & Highways,NHAI,National Highways Authority of India [NHAI],,MoRTH,Transport & Logistics,False,False,Mega,1112.44,2026-07,2026-04,5,,,False
618867,4L Kasganj-Badaun Section from Km. 123.100 to Km. 179.500 Pkg-III of NH530B,NHAI,,10622,color,Uttar Pradesh,Uttar Pradesh,2023-03-01,2025-05-01,2027-05-01,2027-12-01,2009.11,,True,593.25,40.0,2026-08,Table 6,144,1592,Ministry of Road Transport & Highways,Roads & Highways,NHAI,National Highways Authority of India [NHAI],,MoRTH,Transport & Logistics,False,False,Mega,1936.61,2026-07,2026-04,5,,,False
618868,4L from Devinagar Bypass End Existing Km. 208.000 of NH 530B/Design Km. 66.000 to Kasganj Bypass End Existing Km.150.100 of NH 530B/ Design Km. 123.100 of NH 530B,NHAI,,10623,color,Uttar Pradesh,Uttar Pradesh,2023-03-01,2024-06-01,2026-06-01,2026-12-01,2289.52,,True,1042.31,77.0,2026-08,Table 6,144,1593,Ministry of Road Transport & Highways,Roads & Highways,NHAI,National Highways Authority of India [NHAI],,MoRTH,Transport & Logistics,False,False,Mega,2223.71,2026-07,2026-04,5,,,False
618869,"Construction of 4/6 lane Highway of Southern Bareilly Bypass, starting at Ch. 237000 of NH 530 near Jhumka chauraha, Dhantiya village and ending at Ch. 267000 of NH 30 near Invertis University including Trumpet Interchange",NHAI,,,color,Uttar Pradesh,Uttar Pradesh,2024-12-01,2025-12-01,2028-06-01,2028-06-01,1122.02,,True,622.57,16.4,2026-08,Table 6,144,1594,Ministry of Road Transport & Highways,Roads & Highways,NHAI,National Highways Authority of India [NHAI],,MoRTH,Transport & Logistics,False,False,Mega,1869.59,2026-07,2026-04,5,,,False
618884,Construction of Four Lane Highway from Ghazipur- Ballia-UP/Bihar State Border Greenfield section of NH-31 Package II [from Shahapur km 42.500 to Pindari km 78.150] on EPC Mode in the state of Uttar Pradesh.,NHAI,N24002087,10635,color,Uttar Pradesh,Uttar Pradesh,2022-10-01,2023-10-01,2025-10-01,2026-09-01,1493.65,,True,790.31,98.4,2026-08,Table 6,144,1595,Ministry of Road Transport & Highways,Roads & Highways,NHAI,National Highways Authority of India [NHAI],,MoRTH,Transport & Logistics,False,False,Mega,1311.44,2026-07,2026-04,5,,,False
618885,Construction of Four Lane Highway from Ghazipur- Ballia-UP/Bihar State Border Greenfield section of NH-31 Package IV [from Buxur Spur of length km 17.270 on EPC Mode in the state of Uttar Pradesh.,NHAI,N24002089,10636,color,Uttar Pradesh,Uttar Pradesh,2022-10-01,2023-06-01,2025-06-01,2026-11-01,617.88,,True,286.85,90.57,2026-08,Table 6,144,1596,Ministry of Road Transport & Highways,Roads & Highways,NHAI,National Highways Authority of India [NHAI],,MoRTH,Transport & Logistics,False,False,Major,549.02,2026-07,2026-04,5,,,False
618911,4L Greenfield Western Side spur of Rampur-Rudrapur Section from Km 0.000 to Km 13.700 connecting NH-24 to NH-87 bypassing rampur town,NHAI,N24002090,10658,color,Uttar Pradesh,Uttar Pradesh,2021-12-01,2023-05-01,2024-11-01,2027-02-01,646.27,,True,369.7,63.79,2026-08,Table 6,144,1597,Ministry of Road Transport & Highways,Roads & Highways,NHAI,National Highways Authority of India [NHAI],,MoRTH,Transport & Logistics,False,False,Major,637.83,2026-07,2026-04,5,,,False
618923,4L Behsuma at Km 39.250 Ex. Km 39240 To Bijnor at Km 78.810 Ex. Km 86590 Design Length 39.560 Km of NH-119 Pkg-II,NHAI,,10669,color,Uttar Pradesh,Uttar Pradesh,2023-03-01,2024-05-01,2026-05-01,2026-12-01,2158.2,,True,1236.27,70.12,2026-08,Table 6,144,1598,Ministry of Road Transport & Highways,Roads & Highways,NHAI,National Highways Authority of India [NHAI],,MoRTH,Transport & Logistics,False,False,Mega,2553.12,2026-07,2026-04,5,,,False
618924,2L PS of Najibabad Kotdwar section from 112.575 to Km. 138.635 of NH 119,NHAI,,,color,Uttar Pradesh,Uttar Pradesh,2021-10-01,2024-03-01,2025-09-01,2026-10-01,188.87,,True,60.9,55.9,2026-08,Table 6,144,1599,Ministry of Road Transport & Highways,Roads & Highways,NHAI,National Highways Authority of India [NHAI],,MoRTH,Transport & Logistics,False,False,Major,99.2,2026-07,2026-04,5,,,False
618925,Bijnor-Kotawali,NHAI,N24001738,,color,Uttar Pradesh,Uttar Pradesh,2021-02-01,2021-11-01,2023-05-01,2026-09-01,300.58,,True,302.11,99.02,2026-08,Table 6,144,1600,Ministry of Road Transport & Highways,Roads & Highways,NHAI,National Highways Authority of India [NHAI],,MoRTH,Transport & Logistics,False,False,Major,334.48,2026-07,2026-04,5,,,False
618927,4L of Moradabad-Thakurdwara-Kashipur Section from Km. 0.000 to Km. 38.77 of NH- 734 Pkg-II,NHAI,,10671,color,Uttar Pradesh,Uttar Pradesh,2022-10-01,2024-03-01,2026-03-01,2027-06-01,2006.82,,True,1001.96,54.55,2026-08,Table 6,144,1601,Ministry of Road Transport & Highways,Roads & Highways,NHAI,National Highways Authority of India [NHAI],,MoRTH,Transport & Logistics,False,False,Mega,1890.05,2026-07,2026-04,5,,,False
618929,4L of Moradabad western side spur connecting NH-734 & NH-24 from Km. 0.000 to Km. 33.200 Pkg-I,NHAI,,10673,color,Uttar Pradesh,Uttar Pradesh,2022-11-01,2023-09-01,2025-09-01,2026-12-01,1841.92,,True,1133.1,83.06,2026-08,Table 6,144,1602,Ministry of Road Transport & Highways,Roads & Highways,NHAI,National Highways Authority of India [NHAI],,MoRTH,Transport & Logistics,False,False,Mega,1843.54,2026-07,2026-04,5,,,False
618960,4 Lane Inner Ring Road around Allahabad City Pkg-2 Prayagraj Southern Bypass 43.200 - 50.860,NHAI,N24002105,10694,color,Uttar Pradesh,Uttar Pradesh,2023-08-01,2023-12-01,2026-06-01,2027-06-01,1377.51,,True,485.92,46.74,2026-08,Table 6,144,1603,Ministry of Road Transport & Highways,Roads & Highways,NHAI,National Highways Authority of India [NHAI],,MoRTH,Transport & Logistics,False,False,Mega,1007.62,2026-07,2026-04,5,,,False
618961,4 Lane Inner Ring Road around Allahabad City Pkg-1 Prayagraj Southern Bypass 34.400 43.200,NHAI,,,color,Uttar Pradesh,Uttar Pradesh,2025-02-01,2025-12-01,2027-12-01,2027-12-01,775.94,,True,87.58,24.55,2026-08,Table 6,144,1604,Ministry of Road Transport & Highways,Roads & Highways,NHAI,National Highways Authority of India [NHAI],,MoRTH,Transport & Logistics,False,False,Major,498.97,2026-07,2026-04,5,,,False
618968,6L access control Greenfield highway of Vill-Khyawari to Vill-Latifpur at Saharanpur Bypass from Km. 82.000 to Km. 119.790 Pkg-4,NHAI,N24001735,10698,color,Uttar Pradesh,Uttar Pradesh,2021-03-01,2022-09-01,2024-09-01,2026-09-01,1428.19,,True,1396.07,99.24,2026-08,Table 6,144,1605,Ministry of Road Transport & Highways,Roads & Highways,NHAI,National Highways Authority of India [NHAI],,MoRTH,Transport & Logistics,False,False,Mega,1439.35,2026-07,2026-04,5,,,False
618970,6L access control Greenfield highway of Vill-Lohadda to Vill-Karaunda Mahajan from Km. 27.000 to Km. 56.500 Pkg-2,NHAI,N24001734,10700,color,Uttar Pradesh,Uttar Pradesh,2021-03-01,2022-09-01,2024-09-01,2026-08-01,1335.45,,True,1253.61,98.06,2026-08,Table 6,144,1606,Ministry of Road Transport & Highways,Roads & Highways,NHAI,National Highways Authority of India [NHAI],,MoRTH,Transport & Logistics,False,False,Mega,1335.38,2026-07,2026-04,5,,,False
619168,6L access controlled Greenfield highway of Junction of EPE Vill.-Mavikalan to Vill.- Lohadda from Km. 0.000 to Km. 27.000 Pkg-1,NHAI,N24001733,11822,color,Uttar Pradesh,Uttar Pradesh,2021-03-01,2022-09-01,2024-09-01,2026-09-01,1602.48,,True,1424.73,99.29,2026-08,Table 6,144,1607,Ministry of Road Transport & Highways,Roads & Highways,NHAI,National Highways Authority of India [NHAI],,MoRTH,Transport & Logistics,False,False,Mega,1497.94,2026-07,2026-04,5,,,False
619194,"Construction of Four Lane Gola Flyover at Km 99.850 of NH 730 Major Junction with State Highways -93 of Engineering, Procurement and Construction EPC mode in the State of Uttar Pradesh.",MoRTH,,,color,Uttar Pradesh,Uttar Pradesh,2025-03-01,2026-05-01,2027-10-01,2027-10-01,168.05,,True,6.35,16.0,2026-08,Table 6,144,1608,Ministry of Road Transport & Highways,Roads & Highways,MORTH,MoRTH,,MoRTH,Transport & Logistics,False,False,Major,168.05,2026-07,2026-05,4,2026-05,,False
619308,6L access-controlled highway from Ganeshpur tonear Mohand of Ganeshpur Dehradun section from Km.0 to Km.8.3 of NH-72A Package-1,NHAI,,12098,color,Uttar Pradesh,Uttar Pradesh,2020-11-01,2021-10-01,2023-10-01,2026-09-01,836.24,,True,813.14,98.92,2026-08,Table 6,145,1609,Ministry of Road Transport & Highways,Roads & Highways,NHAI,National Highways Authority of India [NHAI],,MoRTH,Transport & Logistics,False,False,Major,835.74,2026-07,2026-04,5,,,False
617888,Landslide treatment work on NH 58 from Kodiyala Km. 266.130 to Devprayag Km. 296.925 10 location under EPC mode in the State of Uttarakhand on EPC Mode,MoRTH,,,color,Uttarakhand,Uttarakhand,2023-01-01,2024-02-01,2025-02-01,2026-09-01,192.54,,True,97.78,99.0,2026-08,Table 6,145,1610,Ministry of Road Transport & Highways,Roads & Highways,MORTH,MoRTH,,MoRTH,Transport & Logistics,False,False,Major,192.54,2026-07,2026-04,5,,,False
617889,Treatment of landslide zone from location no. 01 to 28 km 62.860 to 152.750 on NH- 12509 in the State of Uttarakhand under EPC mode in NHO Annual Plan 2022-23,MoRTH,,,color,Uttarakhand,Uttarakhand,2022-11-01,2023-06-01,2024-06-01,2026-09-01,192.22,,True,139.29,98.5,2026-08,Table 6,145,1611,Ministry of Road Transport & Highways,Roads & Highways,MORTH,MoRTH,,MoRTH,Transport & Logistics,False,False,Major,192.22,2026-07,2026-04,5,,,False
617890,Construction of Champawat Bypass with two lane with paved shoulder configuration starting from existing chainage 121.700 to existing chainage 129.450 Design Length 9.847 of NH-125 in District-Champawat in the state of Uttrakhand on EPC mode.,MoRTH,,,color,Uttarakhand,Uttarakhand,2025-02-01,2026-01-01,2027-12-01,,220.89,,True,8.57,8.5,2026-08,Table 6,145,1612,Ministry of Road Transport & Highways,Roads & Highways,MORTH,MoRTH,,MoRTH,Transport & Logistics,False,False,Major,220.89,2026-07,2026-04,5,,,False
617929,Construction of 2 lane with paved shoulder of Kund Bypass from Design Km 35.130 to Km 47.700 existing Km 33.130 to Km 41.260 of NH-109 in the State of Uttarakhand,MoRTH,N24000781,,color,Uttarakhand,Uttarakhand,2018-02-01,2018-05-01,2020-05-01,2026-12-01,247.41,,True,151.81,84.7,2026-08,Table 6,145,1613,Ministry of Road Transport & Highways,Roads & Highways,MORTH,MoRTH,,MoRTH,Transport & Logistics,False,False,Major,247.41,2026-07,2026-04,5,,,False
617967,Construction of Rudraprayag tunnel of length 900.30 MTR including approaches and one major bridge on river Alaknanda connecting NH-107/old-109 to NH-07old-58 on EPC mode in the state of Uttarakhand.,MoRTH,,,color,Uttarakhand,Uttarakhand,2021-02-01,2023-01-01,2025-07-01,2026-09-01,251.88,,True,158.45,99.0,2026-08,Table 6,145,1614,Ministry of Road Transport & Highways,Roads & Highways,MORTH,MoRTH,,MoRTH,Transport & Logistics,False,False,Major,251.88,2026-07,2026-04,5,,,False
617968,Construction & Widening Including Augustmuni Bypass Ch-16.545 to Ch - 19.890 to 2L/PS from Km 16.545-Km 33.130 & 45.980 -57.975 Augustmuni to Kund & Guptkashi to Sitapur on NH 109 in UK,MoRTH,N24000779,,color,Uttarakhand,Uttarakhand,2017-03-01,2018-02-01,2020-02-01,2024-03-01,418.89,,True,358.36,95.0,2026-08,Table 6,145,1615,Ministry of Road Transport & Highways,Roads & Highways,MORTH,MoRTH,,MoRTH,Transport & Logistics,False,False,Major,418.89,2026-07,2026-04,5,,DQ14,False
617974,Rehabilitation and upgradation of 2 lane with paved shoulder from existing km. 195.175 to km. 220.000 Design Chainage km71.300 to Km. 95.947 Excluding existing chainage Km 200.300 to Km 202.400 Design chainage Km 76.400 to Km 78.400 on Dharasu to Yamunotri Road of NH- 134 Old NH-94,MoRTH,,,color,Uttarakhand,Uttarakhand,2025-05-01,2025-10-01,2028-04-01,,344.73,,True,42.81,53.74,2026-08,Table 6,145,1616,Ministry of Road Transport & Highways,Roads & Highways,MORTH,MoRTH,,MoRTH,Transport & Logistics,False,False,Major,344.73,2026-07,2026-04,5,,,False
618039,Widening to 2 Lane from Existing Chainage Km 74.700 Km 100.660 Design Chainage Km 53.365 to Km 78.785 on NH- 507 in the State of Uttarakhand.,MoRTH,,,color,Uttarakhand,Uttarakhand,2024-01-01,2025-10-01,2028-04-01,,346.82,,True,0.0,31.75,2026-08,Table 6,145,1617,Ministry of Road Transport & Highways,Roads & Highways,MORTH,MoRTH,,MoRTH,Transport & Logistics,False,False,Major,346.82,2026-07,2026-04,5,,,False
618040,Rehabilitation and Upgradation to Two lanes with Paved Shoulders configuration and Strengthening from Km 175.00 to Km 196.00 Gumkhal to Satpuli of NH-119 New NH- 534 in the State of Uttarakhand under NHO Annual Plan 2021-22 under EPC mode,MoRTH,,,color,Uttarakhand,Uttarakhand,2022-03-01,2025-01-01,2027-01-01,,452.81,,True,172.27,42.0,2026-08,Table 6,145,1618,Ministry of Road Transport & Highways,Roads & Highways,MORTH,MoRTH,,MoRTH,Transport & Logistics,False,False,Major,452.81,2026-07,2026-04,5,,,False
618041,Rehabilitation and upgrading to two lanes with paved shoulders and Strengthening of Kotdwar-Pauri-Srinagar road section from Km 232.00 to 274.470 on NH-119 New 534 Paidul to Srinagar in the State of Uttarakhand on EPC Mode under NHO Annual Plan 2021-22.,MoRTH,,,color,Uttarakhand,Uttarakhand,2022-02-01,2025-12-01,2027-12-01,,299.31,,True,13.05,3.0,2026-08,Table 6,145,1619,Ministry of Road Transport & Highways,Roads & Highways,MORTH,MoRTH,,MoRTH,Transport & Logistics,False,False,Major,299.31,2026-07,2026-04,5,,,False
618119,Rehabilitation and up-gradation to 2-lane configuration of Bageshwar to Kangarchina road from km 129.600 to Km 161.600 Existing Chainage 136.00 to Km 169.00 of NH- 309Ain the State of Uttarakhand Package-IV under NHO Annual Plan 2021-22,MoRTH,,,color,Uttarakhand,Uttarakhand,2022-03-01,2024-08-01,2027-02-01,,472.23,,True,189.12,67.0,2026-08,Table 6,145,1620,Ministry of Road Transport & Highways,Roads & Highways,MORTH,MoRTH,,MoRTH,Transport & Logistics,False,False,Major,472.23,2026-07,2026-04,5,,,False
618207,Widening to 2-lane with Hard Shoulder configuration of Mana Ch. 0.00 to Mana Pass Ch. 50.987 road on NH-07 under Bharatmala Pariyojna in the state of Uttarakhand under Annual Plan 2022-23 length 50.987,MoRTH,,10213,color,Uttarakhand,Uttarakhand,2022-10-01,2023-10-01,2027-10-01,2028-10-01,573.96,,True,78.26,21.03,2026-08,Table 6,145,1621,Ministry of Road Transport & Highways,Roads & Highways,MORTH,MoRTH,,MoRTH,Transport & Logistics,False,False,Major,573.96,2026-07,2026-04,5,,,False
618209,Construction & up gradation of existing road to 2-Lane with paved shoulder from existing chainage km 468000 to km 489350 Design Chainage km 465150 to km 471500 of NH-07 Old NH-58 including Joshimath bypass on EPC mode in the state of Uttarakhand Length 6.35 km,MoRTH,,,color,Uttarakhand,Uttarakhand,2022-03-01,2022-09-01,2025-09-01,2027-08-01,258.85,,True,84.9,37.23,2026-08,Table 6,145,1622,Ministry of Road Transport & Highways,Roads & Highways,MORTH,MoRTH,,MoRTH,Transport & Logistics,False,False,Major,258.85,2026-07,2026-04,5,,,False
618210,Rehabilitation and upgradation of Askot-Lipulekh on EPC Basis for Phase-I Existing Km 72.00 to 107.620 Design Chainage Km 21330 to Km 56935 under Project Hirak of BRO in the state of Uttarakhand under Bharatmala Pariyojna Phase-I on EPC Mode Length-35.605 Km CA No EPC/MORT&H/HRK/01/2021-22,MoRTH,,10214,color,Uttarakhand,Uttarakhand,2020-09-01,2021-12-01,2023-12-01,2026-10-01,603.92,,True,403.85,81.17,2026-08,Table 6,145,1623,Ministry of Road Transport & Highways,Roads & Highways,MORTH,MoRTH,,MoRTH,Transport & Logistics,False,False,Major,603.92,2026-07,2026-04,5,,,False
618211,Improvement/construction of 2-lane with paved shoulder of Askote Llipulekh road from Tawaghat village to Budhi village design km. 56935 to km 95748 and from end of Tunnel portal to Kali Mandir design km 113828 to km. 133078 [total design length 58.063 km] under project Hirak of BRO in the state of Uttarakhand under Bharatmala Pariyojna on EPC Mode,MoRTH,,10215,color,Uttarakhand,Uttarakhand,2022-05-01,2024-11-01,2026-11-01,2027-07-01,649.6,,True,97.44,39.93,2026-08,Table 6,146,1624,Ministry of Road Transport & Highways,Roads & Highways,MORTH,MoRTH,,MoRTH,Transport & Logistics,False,False,Major,649.6,2026-07,2026-04,5,,,False
618212,"STABILIZATION OF LAND SLIDE AND SLOPE PROTECTION AT KM 11.00 TO KM 11.08, 29,730 KM TO 30,060 KM, 30,400 KM TO 31,060 KM, 34,750 KM TO 35,300 KM, 38,950 KM TO 39,030 KM & 39,460 KM TO 39,540 KM TWO LOC CLUBBED, KM 40,400 TO KM 40,650, KM 43,500 KM 43,680, 52,460 RISHIKESH - DHARASU ROAD NH-94 ON EPC MODE IN THE STATE OF UTTARAKHAND. NOSE OF LAND SLIDE - 12 NOS",MoRTH,,,color,Uttarakhand,Uttarakhand,2024-01-01,2025-10-01,2027-04-01,,197.26,,True,20.7,22.0,2026-08,Table 6,146,1625,Ministry of Road Transport & Highways,Roads & Highways,MORTH,MoRTH,,MoRTH,Transport & Logistics,False,False,Major,197.26,2026-07,2026-04,5,,,False
618213,Rehabilitation and Upgradation of road Rishikesh Dharasu Old NH-94 with 2-lane with paved shoulder from km 76.000 to km 110.000 Design Chainage from km 74.733 to km 107.347 32.614 km including construction of Kamand re-alignment from existing Chainage Km 105.200 to Km 108.600 design chainage Km 103.436 to Km 105.949 - total length 2513 mtrs and land slide treatment work between design chainage Km 73.800 to Km 74.00 200m on EPC mode under improvement to NH connectivity to Chardham in,MoRTH,,,color,Uttarakhand,Uttarakhand,2018-03-01,2019-01-01,2021-01-01,2026-10-01,273.76,,True,227.84,96.46,2026-08,Table 6,146,1626,Ministry of Road Transport & Highways,Roads & Highways,MORTH,MoRTH,,MoRTH,Transport & Logistics,False,False,Major,273.76,2026-07,2026-04,5,,,False
618214,Rehabilitation and upgradation to 2 lane / 2 lane with paved shoulder configuration for design chainage km 107.347 to km 129.208 & km 133.878 to km 138.570 existing chainage km 110.000 to km 133.020 & km 137.330 to km 142.028 and land slide treatment at existing km 138.500 Design chainage km 134.970 of NH -94 on EPC mode under improvement to NH connectivity to Chardham in the state of Uttarakhand.,MoRTH,,,color,Uttarakhand,Uttarakhand,2018-03-01,2019-01-01,2021-07-01,2024-06-01,346.5,,True,296.56,100.0,2026-08,Table 6,146,1627,Ministry of Road Transport & Highways,Roads & Highways,MORTH,MoRTH,,MoRTH,Transport & Logistics,False,False,Major,346.5,2026-07,2026-04,5,,,False
618218,Rehabilitation & upgradation of existing road to 2-lane with hard shoulder from Joshimath km 0.00 to Saraithota km 29.725 road on NH-107B under Bharatmala Pariyojna on EPC mode in the state of Uttarakhand,MoRTH,,,color,Uttarakhand,Uttarakhand,2022-10-01,2023-05-01,2025-05-01,2027-03-01,338.38,,True,159.26,80.0,2026-08,Table 6,146,1628,Ministry of Road Transport & Highways,Roads & Highways,MORTH,MoRTH,,MoRTH,Transport & Logistics,False,False,Major,338.38,2026-07,2026-04,5,,,False
618219,Upgradation to 2-lane with Hard shoulder configuration of Suraithota Ch. 29.725 km to Malari Ch. 60.550 km road on NH- 107B under in the state of Uttarakhand.,MoRTH,,,color,Uttarakhand,Uttarakhand,2022-10-01,2024-05-01,2026-05-01,2026-12-01,292.76,,True,142.36,76.67,2026-08,Table 6,146,1629,Ministry of Road Transport & Highways,Roads & Highways,MORTH,MoRTH,,MoRTH,Transport & Logistics,False,False,Major,292.76,2026-07,2026-04,5,,,False
618390,"Construction, Operation & Maintenance of 2-L Bi-directional Silkyara Bend- Barkot Tunnel with escape passage including approaches Tunnel-4.531 & Approach road- 0.328 on Dharasu-Yamunotri section b/w Chainage 25.400km and 51.00km falling along NH-134 Old NH-94 on EPC mode",NHIDCL,N24000855,10297,color,Uttarakhand,Uttarakhand,2018-03-01,2018-07-01,2022-07-01,2027-03-01,1383.78,,True,860.71,76.96,2026-08,Table 6,146,1630,Ministry of Road Transport & Highways,Roads & Highways,NHIDCL,National Highways & Infrastructure Development Corporation Ltd. [NHIDCL],,MoRTH,Transport & Logistics,False,False,Mega,1383.78,2026-07,2026-04,5,,,False
618391,"Construction for Mitigation Measures of 5 Nos. Landslides, 05 No. Sinking Zones and 01 No. Bridge from Ch. 450.00 to Ch. 468.00 18 Km. Length on NH-07 Package-III",NHIDCL,N24002164,,color,Uttarakhand,Uttarakhand,2023-12-01,2024-06-01,2025-12-01,2027-02-01,250.33,,True,112.33,89.84,2026-08,Table 6,146,1631,Ministry of Road Transport & Highways,Roads & Highways,NHIDCL,National Highways & Infrastructure Development Corporation Ltd. [NHIDCL],,MoRTH,Transport & Logistics,False,False,Major,250.33,2026-07,2026-04,5,,,False
618392,"Construction for Mitigation Measures of 5 Nos. Landslides, 5 Nos. Sinking Zones in between Ch. 433.00 to 450.00 BANERPANI VILLAGE on NH-07 on EPC mode in the state of Uttarakhand Package-2",NHIDCL,N24002206,,color,Uttarakhand,Uttarakhand,2023-12-01,2024-12-01,2026-06-01,2027-01-01,259.64,,True,0.0,71.94,2026-08,Table 6,146,1632,Ministry of Road Transport & Highways,Roads & Highways,NHIDCL,National Highways & Infrastructure Development Corporation Ltd. [NHIDCL],,MoRTH,Transport & Logistics,False,False,Major,259.64,2026-07,2026-04,5,,,False
618875,4L of Haridwar Nagina section Design Ch. LME from km 13.829 to km 17.110 & km 26.077 to km 27.508 and Design Ch. RME from km 13.839 to km 17.120 & km 26.078 to km 27.509 of EUP mitigation measures on NH74,NHAI,,,color,Uttarakhand,Uttarakhand,2021-11-01,2022-08-01,2024-02-01,2026-12-01,183.92,,True,119.67,70.42,2026-08,Table 6,146,1633,Ministry of Road Transport & Highways,Roads & Highways,NHAI,National Highways Authority of India [NHAI],,MoRTH,Transport & Logistics,False,False,Major,142.11,2026-07,2026-04,5,,,False
619142,Construction of 4-lane connectivity to Banbasa ICP at India Nepal border from NH-09 old NH-125 Sitarganj-Tanakpur at Km 40.00 near Jagbuda bridge under Bharatmala Priyojana of NH-109D on EPC mode in the State of Uttarakhand,NHAI,,,color,Uttarakhand,Uttarakhand,2022-06-01,2023-03-01,2024-09-01,2027-04-01,216.97,,True,218.93,75.24,2026-08,Table 6,146,1634,Ministry of Road Transport & Highways,Roads & Highways,NHAI,National Highways Authority of India [NHAI],,MoRTH,Transport & Logistics,False,False,Major,237.01,2026-07,2026-04,5,,,False
619155,Upgradation and 4L of Haridwar Bypass from Km 0.000 Km 188.100 of NH-58 to Km. 15.100 Km 5.100 of NH 74 PKg-1,NHAI,N24001526,11813,color,Uttarakhand,Uttarakhand,2021-11-01,2022-10-01,2024-10-01,2026-11-01,1602.89,,True,770.29,80.36,2026-08,Table 6,146,1635,Ministry of Road Transport & Highways,Roads & Highways,NHAI,National Highways Authority of India [NHAI],,MoRTH,Transport & Logistics,False,False,Mega,1423.89,2026-07,2026-04,5,,,False
619221,Realignment of Rudrapur-Kathgodam Section of NH-87 New NH-109 From Design Chainage 000 Existing Chainage Km.54050 To Design Chainage 7875 Existing Chainage Km.61550 Due To Proposed Expansion Of Pantnagar Airport in the state of Uttarakhand.,NHAI,,,color,Uttarakhand,Uttarakhand,2025-08-01,2026-06-01,2027-09-01,2027-09-01,252.97,,True,0.19,0.0,2026-08,Table 6,146,1636,Ministry of Road Transport & Highways,Roads & Highways,NHAI,National Highways Authority of India [NHAI],,MoRTH,Transport & Logistics,False,False,Major,252.97,2026-07,2026-07,2,2026-07,,False
619292,4L Medinipur to Ballupur from Km. 458.65 to Km. 487.65 of NH-07Pkg-2,NHAI,,12093,color,Uttarakhand,Uttarakhand,2022-03-01,2023-02-01,2025-02-01,2026-09-01,1092.9,,True,745.31,93.9,2026-08,Table 6,146,1637,Ministry of Road Transport & Highways,Roads & Highways,NHAI,National Highways Authority of India [NHAI],,MoRTH,Transport & Logistics,False,False,Mega,1072.5,2026-07,2026-04,5,,,False
619293,Construction of 4 Lane Access Controlled Bypass for Dehradun on NH307 from Design Chainage km 0050 Jhajra on NH-07 to Design Chainage km 12220 Asharori on EPC Mode in the State of Uttarakhand under NHO,NHAI,,,color,Uttarakhand,Uttarakhand,2023-12-01,2025-04-01,2027-04-01,2027-04-01,715.97,,True,204.77,62.79,2026-08,Table 6,147,1638,Ministry of Road Transport & Highways,Roads & Highways,NHAI,National Highways Authority of India [NHAI],,MoRTH,Transport & Logistics,False,False,Major,337.11,2026-07,2026-04,5,,,False
619294,Road Safety Improvement of existing four lane section of Dehradun-Lal Tappar-Nepali Farm Section of NH-7 and Nepali Farm-Motichur NH-34 on EPC Mode in Uttarakhand under NHO.,NHAI,,,color,Uttarakhand,Uttarakhand,2025-05-01,2026-02-01,2028-08-01,2028-08-01,720.67,,True,19.14,5.13,2026-08,Table 6,147,1639,Ministry of Road Transport & Highways,Roads & Highways,NHAI,National Highways Authority of India [NHAI],,MoRTH,Transport & Logistics,False,False,Major,388.19,2026-07,2026-04,5,,,False
619295,Four/Six laning of Bhaniyawala-Jollygrant-Rishikesh spur section of NH-07 from Km. 0.000 to Km 19.780,NHAI,,12094,color,Uttarakhand,Uttarakhand,2023-02-01,2025-12-01,2027-11-01,2027-11-01,742.43,,True,13.35,0.0,2026-08,Table 6,147,1640,Ministry of Road Transport & Highways,Roads & Highways,NHAI,National Highways Authority of India [NHAI],,MoRTH,Transport & Logistics,False,False,Major,664.92,2026-07,2026-04,5,,,False
617893,Construction of additional major Bridge with 4- lane configuration of length 1.48 km on NH-60 NH-14 over River Kangshabati from Km. 117.770 to Km 119.250 and additional major Bridge with 4- lane configuration of length 0.900 km on NH-60 NH- 14 over River Shilabati from Km. 173.220 to Km 174.120 in the district of Paschim Medinipur of West Bengal under Annual Plan for FY 2023-24 on EPC mode. Job No 014-W8-2023-24/527 .,MoRTH,,,color,West Bengal,West Bengal,2023-11-01,2025-11-01,2028-05-01,2028-05-01,304.83,,True,0.9,3.68,2026-08,Table 6,147,1641,Ministry of Road Transport & Highways,Roads & Highways,MORTH,MoRTH,,MoRTH,Transport & Logistics,False,False,Major,304.83,2026-07,2026-04,5,,,False
617894,"Construction or 4 lane Raniganj Bypass of length 5.261 km on NH-60 new NH-14 from km 273.00 of NH to km 478.18 of NH-2 New NH 16 in paschim Bardhaman, West Bengal in EPC Mode- reg. Job No. 014-WB-2022-23/514",MoRTH,,,color,West Bengal,West Bengal,2023-03-01,2024-03-01,2026-03-01,2027-05-01,410.83,,True,270.63,70.05,2026-08,Table 6,147,1642,Ministry of Road Transport & Highways,Roads & Highways,MORTH,MoRTH,,MoRTH,Transport & Logistics,False,False,Major,410.83,2026-07,2026-04,5,,,False
617931,Construction of ROB and its approaches in lieu of LC No. 10/B/T at Km 307.050 of NH-60.,MoRTH,,,color,West Bengal,West Bengal,2016-03-01,2023-08-01,2025-08-01,2027-10-01,155.87,,True,20.6,17.08,2026-08,Table 6,147,1643,Ministry of Road Transport & Highways,Roads & Highways,MORTH,MoRTH,,MoRTH,Transport & Logistics,False,False,Major,138.57,2026-07,2026-04,5,,,False
617960,Construction of new road at the missing link portion of NH-81 along approved alignment between Harishchandrapur and Eastern approach of Kalindri Bridge from Km 46.550 to Km 59.697 in the district of Malda. Job No-081-WB-2015-16/400,MoRTH,N24000874,,color,West Bengal,West Bengal,2016-08-01,2016-11-01,2018-11-01,2026-10-01,271.17,,True,226.54,85.62,2026-08,Table 6,147,1644,Ministry of Road Transport & Highways,Roads & Highways,MORTH,MoRTH,,MoRTH,Transport & Logistics,False,False,Major,291.2,2026-07,2026-04,5,,,False
618227,Development to 4/6-lanning of NH-31 New NH-10 with both side service roads from km 569.258 to km 581.030 end of AH-02 project on NH- 31 near Shivmandir to Sevoke Army Cantonment in districts of Darjeeling and Jalpaiguri in the state of West Bengal on EPC Mode Job No. 010/WB/2021-22/490,MoRTH,N24001850,10220,color,West Bengal,West Bengal,2022-03-01,2023-03-01,2025-09-01,2027-03-01,995.04,,True,676.6,76.17,2026-08,Table 6,147,1645,Ministry of Road Transport & Highways,Roads & Highways,MORTH,MoRTH,,MoRTH,Transport & Logistics,False,False,Major,1059.2,2026-07,2026-04,5,,,False
618427,Construction & upgradation of existing road to 2-lane with paved shoulder including geometric improvement of Kafer- Lava More section from km 40.00 to km 61.100 of NH717-A on EPC under SARDP-NE A in state of West Bengal Pkg-VA,NHIDCL,N24001261,,color,West Bengal,West Bengal,2020-06-01,2020-10-01,2023-04-01,2026-12-01,311.02,,True,268.2,95.98,2026-08,Table 6,147,1646,Ministry of Road Transport & Highways,Roads & Highways,NHIDCL,National Highways & Infrastructure Development Corporation Ltd. [NHIDCL],,MoRTH,Transport & Logistics,False,False,Major,273.78,2026-07,2026-04,5,,,False
618429,Construction & upgradation of existing road to 2-lane with paved shoulder including geometric improvement of sect. from Pedong bypass to Reshi Border km 79.700 to km 96.254 of NH-717A under SARDP-NE-A on EPC as part of Alternate connectivity to Gangtok Lava More-Reshi Border Pkg-VB,NHIDCL,N24001262,,color,West Bengal,West Bengal,2020-06-01,2020-10-01,2022-04-01,2026-08-01,345.38,,True,418.73,97.22,2026-08,Table 6,147,1647,Ministry of Road Transport & Highways,Roads & Highways,NHIDCL,National Highways & Infrastructure Development Corporation Ltd. [NHIDCL],,MoRTH,Transport & Logistics,False,False,Major,395.59,2026-07,2026-04,5,,,False
618430,Construction of alternative highway to Gangtok in Sikkim via Bagrakot -Chuikhim- Nimbong -Kafer-Bakhim-Algarah-Rhenock in the State of West Bengal and from Rhenok-Rorathang-Pakyong along with spur from Aritar-Rolep-Menla in the State of Sikkim from Km 0.00 to Km 13.00 of Bagrakot -Kafer section of NH 717A on EPC Mode under Phase-A of SARDP-NE in the State of West Bengal PKG- IVA,NHIDCL,N24001251,,color,West Bengal,West Bengal,2018-03-01,2019-10-01,2022-04-01,2026-08-01,402.94,,True,261.9,99.23,2026-08,Table 6,147,1648,Ministry of Road Transport & Highways,Roads & Highways,NHIDCL,National Highways & Infrastructure Development Corporation Ltd. [NHIDCL],,MoRTH,Transport & Logistics,False,False,Major,402.94,2026-07,2026-04,5,,,False
618431,Construction of alternative highway to Gangtok in Sikkim via Bagrakot -Chuikhim- Nimbong -Kafer-Bakhim-Algarah-Rhenock in the State of West Bengal and from Rhenok-Rorathang-Pakyong along with spur from Aritar-Rolep-Menla in the State of Sikkim from Km 13.00 to Km 25.60 of Bagrakot -Kafer section of NH 717A on EPC Mode under Phase-A of SARDP-NE in the State of West Bengal PKG- IVB,NHIDCL,N24001252,,color,West Bengal,West Bengal,2018-03-01,2020-10-01,2023-04-01,2026-12-01,295.97,,True,255.94,97.73,2026-08,Table 6,147,1649,Ministry of Road Transport & Highways,Roads & Highways,NHIDCL,National Highways & Infrastructure Development Corporation Ltd. [NHIDCL],,MoRTH,Transport & Logistics,False,False,Major,295.97,2026-07,2026-04,5,,,False
618572,Binnaguri Bypass-Descoped portion of Ghoshpukur-Dhupguri Section of NH-31Dpkg-1,NHAI,,,color,West Bengal,West Bengal,2025-03-01,2025-11-01,2027-11-01,2027-11-01,309.99,,True,4.92,3.67,2026-08,Table 6,147,1650,Ministry of Road Transport & Highways,Roads & Highways,NHAI,National Highways Authority of India [NHAI],,MoRTH,Transport & Logistics,False,False,Major,306.02,2026-07,2026-04,5,,,False
618574,Balance Works of 4L of NH-31D from Km. 113.200 to Km. 154.854 Package-II A Ghoshpukur-Salsalabari Section,NHAI,,10412,color,West Bengal,West Bengal,2023-11-01,2024-12-01,2027-06-01,2027-06-01,1818.46,,True,461.24,61.1,2026-08,Table 6,147,1651,Ministry of Road Transport & Highways,Roads & Highways,NHAI,National Highways Authority of India [NHAI],,MoRTH,Transport & Logistics,False,False,Mega,962.31,2026-07,2026-04,5,,,False
618808,6L Elevated Kona Expressway from Km. 0.145 to Km. 7.337 of NH-117,NHAI,,10575,color,West Bengal,West Bengal,2023-03-01,2024-06-01,2026-12-01,2027-12-01,1212.56,,True,451.59,39.99,2026-08,Table 6,147,1652,Ministry of Road Transport & Highways,Roads & Highways,NHAI,National Highways Authority of India [NHAI],,MoRTH,Transport & Logistics,False,False,Mega,1203.11,2026-07,2026-04,5,,,False
618823,4 laning of Barasat - Barajaguli Section of NH-12 from Km. 31.000 to Km. 48.679 in the district of North 24 - Parganas,NHAI,,,color,West Bengal,West Bengal,2024-02-01,2024-08-01,2026-02-01,2027-10-01,352.01,,True,98.02,43.52,2026-08,Table 6,148,1653,Ministry of Road Transport & Highways,Roads & Highways,NHAI,National Highways Authority of India [NHAI],,MoRTH,Transport & Logistics,False,False,Major,346.39,2026-07,2026-04,5,,,False
618824,"Development to 4-laning of the de-scoped stretches from Km 115.342 to Km 191.700 of NH-34 in Nadia District 3.962 & Murshidabad District 5.538 pertaining to Krishnagar to Berhampore section of NH-34 New NH-12 , in the state of West Bengal under NHO.",NHAI,,,color,West Bengal,West Bengal,2024-03-01,2024-07-01,2026-01-01,2027-06-01,201.1,,True,64.72,54.79,2026-08,Table 6,148,1654,Ministry of Road Transport & Highways,Roads & Highways,NHAI,National Highways Authority of India [NHAI],,MoRTH,Transport & Logistics,False,False,Major,197.74,2026-07,2026-04,5,,,False
618825,Bridge over Ganga River at d/s of Farraka Barrage including Approaches connecting Farakka-Raiganj,NHAI,N24001750,10589,color,West Bengal,West Bengal,2018-08-01,2018-12-01,2021-12-01,2026-09-01,622.04,,True,637.37,96.71,2026-08,Table 6,148,1655,Ministry of Road Transport & Highways,Roads & Highways,NHAI,National Highways Authority of India [NHAI],,MoRTH,Transport & Logistics,False,False,Major,646.1,2026-07,2026-04,5,,,False
619004,"Construction of Dubrajpur Bypass with 4-lane configuration of length 5.676 km on NH- 60 new NH-14 from design chainage 0.00 existing km 316.135 on NH-60 to design chainage 5.676 existing km 320.980 on NH-60 in the district of Birbhum, West Bengal under Annual Plan 2022-23 in EPC Mode- reg. Job. No. 014-WB-2022- 23/518 .",MoRTH,,10805,color,West Bengal,West Bengal,2023-03-01,2025-12-01,2027-12-01,2027-12-01,560.79,,True,155.66,11.5,2026-08,Table 6,148,1656,Ministry of Road Transport & Highways,Roads & Highways,MORTH,MoRTH,,MoRTH,Transport & Logistics,False,False,Major,560.79,2026-07,2026-04,5,,,False
619187,"Slope protection and landslide mitigation at 4 vulnerable locations km 1.950 to Km 2.100, km 11.100 to 11.450, km 22.435 to km 22.485 and km 22.610 to km 22.680 within Sevoke-Rangpo section of NH-10 old NH-31A in Darjeeling & Kalimpong district in the State of West Bengal on EPC mode",NHIDCL,,,color,West Bengal,West Bengal,2024-02-01,2025-06-01,2027-06-01,2027-06-01,152.27,,True,22.06,36.11,2026-08,Table 6,148,1657,Ministry of Road Transport & Highways,Roads & Highways,NHIDCL,National Highways & Infrastructure Development Corporation Ltd. [NHIDCL],,MoRTH,Transport & Logistics,False,False,Major,152.27,2026-07,2026-04,5,,,False
609424,"Development of Container Terminal at Tuna-Tekra, Deendayal Port on BOT Basis Under PPP Mode",Deendayal Port Trust,,7514,color,Gujarat,Gujarat,2022-10-01,2024-03-01,2027-03-01,2027-09-01,4243.64,,True,2878.7,60.0,2026-08,Table 6,148,1658,"Ministry of Ports, Shipping and Waterways",Shipping,DPT,Deendayal Port Trust [DPT],,MoPSW,Transport & Logistics,False,False,Mega,4243.64,2026-07,2026-04,5,,,False
701570,"Replacement and revamping of pipeline projects in oil jetty area, Kandla",Deendayal Port Trust [DPT],,,color,Gujarat,Gujarat,2021-09-01,2021-09-01,2023-09-01,2025-03-01,171.0,,True,149.5,92.0,2026-08,Table 6,148,1659,"Ministry of Ports, Shipping and Waterways",Shipping,DPT,Deendayal Port Trust [DPT],,MoPSW,Transport & Logistics,False,False,Major,211.61,2026-07,2026-04,5,,,False
617804,Mechanization of Berth No.14 for handling Containers and other cargo on DBFOT basis - Phase II,New Mangalore Port Authority,,,color,Karnataka,Karnataka,2023-12-01,2024-06-01,2027-03-01,,153.23,,True,97.45,95.0,2026-08,Table 6,148,1660,"Ministry of Ports, Shipping and Waterways",Shipping,new mangalore port authority,New Mangalore Port Authority,,MoPSW,Transport & Logistics,False,False,Major,153.23,2026-07,2026-04,5,,,False
701574,Deepening and Optimization of Inner Harbour facilities including development of Western Dock on BOT basis to handle Cape size vessels,Paradip Port Trust [PPT],,2250,color,Odisha,Odisha,2022-05-01,2023-01-01,2027-12-01,2028-10-01,3004.63,,True,2279.12,78.0,2026-08,Table 6,148,1661,"Ministry of Ports, Shipping and Waterways",Shipping,PPT,Paradip Port Trust [PPT],,MoPSW,Transport & Logistics,False,False,Mega,3004.63,2026-07,2026-04,5,,,False
707215,National Maritime Heritage Complex [NMHC] Phase-I,Indian Port Rail & Ropeway Corporation Ltd. [IPRCL],,3109,color,Gujarat,Gujarat,2019-02-01,2022-01-01,2026-12-01,2026-10-01,573.0,,True,674.35,80.06,2026-08,Table 6,148,1662,"Ministry of Ports, Shipping and Waterways","Tourism, Hospitality & Wellness",IPRCL,Indian Port Rail & Ropeway Corporation Ltd. [IPRCL],,MoPSW,Social & Commercial,False,False,Major,1238.05,2026-07,2026-04,5,,DQ09,False
709859,SETTING UP OF PHYSICAL INFRASTRUCTURE FOR THE NATIONAL INSTITUTE OF COMMUNICATION FINANCE [NICF] AT GHITORNI,National Communication Academy - Finance [Erstwhile NICF],N28000115,,color,Delhi,Delhi,2014-10-01,2018-04-01,2020-02-01,2027-01-01,248.2,,True,237.43,98.0,2026-08,Table 6,148,1663,Department of Telecommunications,Telecommunication,ERSTWHILENICF,National Communication Academy - Finance [ErstwhileNICF],,DoT,Communication,False,False,Major,248.2,2026-07,2026-04,5,,,False
701598,Provision of 4G based Mobile Services in Uncovered Villages and National Highways of Meghalaya,Department of Telecommunications,,3130,color,Meghalaya,Meghalaya,2019-09-01,2020-09-01,2022-03-01,2026-06-01,971.96,,True,167.23,100.0,2026-08,Table 6,148,1664,Department of Telecommunications,Telecommunication,DOT,Department of Telecommunications [DoT],,DoT,Communication,True,True,Major,180.46,2026-07,2026-04,5,,,False
617413,Mobile connectivity in Left Wing Extremism [LWE] affected areas-Phase 1 Upgradation,Department of Telecommunications [DoT],,9761,color,Multi-States,Andhra Pradesh; Bihar; Chhattisgarh; Jharkhand; Madhya Pradesh; Maharashtra; Odisha; Telangana; Uttar Pradesh; West Bengal,2022-04-01,2024-05-01,2025-05-01,2026-12-01,1884.6,,True,376.8,99.53,2026-08,Table 6,148,1665,Department of Telecommunications,Telecommunication,DOT,Department of Telecommunications [DoT],,DoT,Communication,False,False,Mega,1884.6,2026-07,2026-04,5,,,False
701599,Mobile connectivity in Left Wing Extremism [LWE] affected areas-Phase2,Department of Telecommunications [DoT],,3127,color,Multi-States,Andhra Pradesh; Bihar; Chhattisgarh; Jharkhand; Madhya Pradesh; Maharashtra; Odisha; Telangana; Uttar Pradesh; West Bengal,2018-05-01,2021-09-01,2023-03-01,2026-11-01,1577.57,,True,493.48,90.27,2026-08,Table 6,149,1666,Department of Telecommunications,Telecommunication,DOT,Department of Telecommunications [DoT],,DoT,Communication,False,False,Mega,604.6,2026-07,2026-04,5,,,False
701602,"Provision of 4G based mobile services in 7,287 uncovered villages of 44 Aspirational District across 5 states of Andhra Pradesh, Chhattisgarh, Jharkhand, Maharashtra & Odisha",Department of Telecommunications [DoT],,3133,color,Multi-States,Andhra Pradesh; Chhattisgarh; Jharkhand; Maharashtra; Odisha,2021-11-01,2022-05-01,2023-11-01,2027-01-01,3685.0,,True,1108.93,82.72,2026-08,Table 6,149,1667,Department of Telecommunications,Telecommunication,DOT,Department of Telecommunications [DoT],,DoT,Communication,False,False,Mega,1448.61,2026-07,2026-04,5,,,False
701597,Provision of 4G Mobile Services in Uncovered Villages of Arunachal Pradesh and 2 Districts of Assam,Department of Telecommunications,,3129,color,Multi-States,Arunachal Pradesh; Assam,2020-12-01,2021-10-01,2023-04-01,2026-09-01,1255.49,,True,237.98,99.84,2026-08,Table 6,149,1668,Department of Telecommunications,Telecommunication,DOT,Department of Telecommunications [DoT],,DoT,Communication,True,True,Mega,276.62,2026-07,2026-04,5,,,False
704495,"502 Aspirational District Scheme in Four states - Bihar, Madhya Pradesh, Rajastha and Uttar Pradesh",Department of Telecommunications [DoT],,3132,color,Multi-States,Bihar; Madhya Pradesh; Rajasthan; Uttar Pradesh,2019-12-01,2021-03-01,2022-03-01,2026-06-01,421.65,,True,152.96,99.59,2026-08,Table 6,149,1669,Department of Telecommunications,Telecommunication,DOT,Department of Telecommunications [DoT],,DoT,Communication,False,False,Major,228.94,2026-07,2026-04,5,,,False
108841,"Amended BharatNet Program - KTK, GOA, PY",Department of Telecommunications,,,color,PAN India,,2023-08-01,2025-06-01,2028-06-01,,3742.0,,True,435.31,10.34,2026-08,Table 6,149,1670,Department of Telecommunications,Telecommunication,DOT,Department of Telecommunications [DoT],,DoT,Communication,False,False,Mega,3742.0,2026-07,2026-06,3,2026-06,,False
124199,Amended BharatNet Program - HR,Department of Telecommunications,,,color,PAN India,,2023-08-01,2026-03-01,2029-03-01,,837.0,,True,83.68,0.0,2026-08,Table 6,149,1671,Department of Telecommunications,Telecommunication,DOT,Department of Telecommunications [DoT],,DoT,Communication,False,False,Major,837.0,2026-07,2026-07,2,2026-07,,False
171218,Amended BharatNet Program - PB,Department of Telecommunications,,,color,PAN India,,2023-08-01,2025-02-01,2028-02-01,,1245.0,,True,0.0,31.29,2026-08,Table 6,149,1672,Department of Telecommunications,Telecommunication,DOT,Department of Telecommunications [DoT],,DoT,Communication,False,False,Mega,1245.0,2026-07,2026-07,2,2026-07,,False
175860,"Amended BharatNet Program - MP, DD and DNH",Department of Telecommunications,,,color,PAN India,,2023-06-01,2025-05-01,2028-05-01,,4943.0,,True,562.13,9.29,2026-08,Table 6,149,1673,Department of Telecommunications,Telecommunication,DOT,Department of Telecommunications [DoT],,DoT,Communication,False,False,Mega,4943.0,2026-07,2026-07,2,2026-07,,False
210914,Amended BharatNet Program - WB & ANI,Department of Telecommunications,,,color,PAN India,,2023-08-01,2025-02-01,2028-02-01,,1674.0,,True,223.41,16.65,2026-08,Table 6,149,1674,Department of Telecommunications,Telecommunication,DOT,Department of Telecommunications [DoT],,DoT,Communication,False,False,Mega,1674.0,2026-07,2026-07,2,2026-07,,False
240484,Amended BharatNet Program - AS,Department of Telecommunications,,,color,PAN India,,2023-08-01,2026-03-01,2029-03-01,,832.0,,True,83.16,0.0,2026-08,Table 6,149,1675,Department of Telecommunications,Telecommunication,DOT,Department of Telecommunications [DoT],,DoT,Communication,True,False,Major,832.0,2026-07,2026-07,2,2026-07,,False
317725,Amended BharatNet Program - OD,Department of Telecommunications,,,color,PAN India,,2023-08-01,2026-07-01,2029-07-01,,1713.0,,True,0.0,0.0,2026-08,Table 6,149,1676,Department of Telecommunications,Telecommunication,DOT,Department of Telecommunications [DoT],,DoT,Communication,False,False,Mega,1713.0,2026-07,2026-07,2,2026-07,,False
400013,Saturation 4G mobile coverage of Uncovered Villages through USOF,Department of Telecommunications [DoT],,4599,color,PAN India,,2022-07-01,2022-07-01,2024-06-01,2027-03-01,26316.0,,True,8722.82,89.4,2026-08,Table 6,149,1677,Department of Telecommunications,Telecommunication,DOT,Department of Telecommunications [DoT],,DoT,Communication,True,False,Mega,15392.84,2026-07,2026-04,5,,,False
437130,"Amended BharatNet Program - J&K, LAD",Department of Telecommunications,,,color,PAN India,,2023-08-01,2025-06-01,2028-06-01,,1621.0,,True,170.05,10.15,2026-08,Table 6,149,1678,Department of Telecommunications,Telecommunication,DOT,Department of Telecommunications [DoT],,DoT,Communication,False,False,Mega,1621.0,2026-07,2026-07,2,2026-07,,False
462136,"Amended BharatNet Program - MGH, MZM, TRP",Department of Telecommunications,,,color,PAN India,,2023-08-01,2025-04-01,2029-04-01,,768.0,,True,0.0,0.0,2026-08,Table 6,149,1679,Department of Telecommunications,Telecommunication,DOT,Department of Telecommunications [DoT],,DoT,Communication,True,False,Major,768.0,2026-07,2026-07,2,2026-07,,False
476006,Amended BharatNet Program - HP,Department of Telecommunications,,,color,PAN India,,2023-08-01,2025-02-01,2028-02-01,,1292.0,,True,148.93,25.62,2026-08,Table 6,149,1680,Department of Telecommunications,Telecommunication,DOT,Department of Telecommunications [DoT],,DoT,Communication,False,False,Mega,1292.0,2026-07,2026-07,2,2026-07,,False
547243,BharatNet Phase-II,Department of Telecommunications,,,color,PAN India,,2017-07-01,2017-11-01,2023-05-01,,22174.56,,True,20691.72,93.33,2026-08,Table 6,149,1681,Department of Telecommunications,Telecommunication,DOT,Department of Telecommunications [DoT],,DoT,Communication,True,False,Mega,22174.56,2026-07,2026-07,2,2026-07,DQ10,False
660056,Amended BharatNet Program - KL,Department of Telecommunications,,,color,PAN India,,2023-08-01,2025-06-01,2028-06-01,,765.0,,True,94.95,1.64,2026-08,Table 6,149,1682,Department of Telecommunications,Telecommunication,DOT,Department of Telecommunications [DoT],,DoT,Communication,False,False,Major,765.0,2026-07,2026-07,2,2026-07,,False
665021,Amended BharatNet Program - UKD,Department of Telecommunications,,,color,PAN India,,2023-08-01,2025-05-01,2028-05-01,,1821.0,,True,209.87,22.14,2026-08,Table 6,149,1683,Department of Telecommunications,Telecommunication,DOT,Department of Telecommunications [DoT],,DoT,Communication,False,False,Mega,1821.0,2026-07,2026-07,2,2026-07,,False
701593,4G Services by BSNL,Department of Telecommunications [DoT],,9929,color,PAN India,,2020-11-01,2020-11-01,2024-03-01,2026-03-01,28466.0,,True,9173.0,98.63,2026-08,Table 6,149,1684,Department of Telecommunications,Telecommunication,DOT,Department of Telecommunications [DoT],,DoT,Communication,False,False,Mega,19592.0,2026-07,2026-04,5,,,False
706775,BharatNet,Department of Telecommunications [DoT],,3123,color,PAN India,,2017-07-01,2011-10-01,2023-08-01,2019-03-01,12709.0,,True,10320.0,99.98,2026-08,Table 6,149,1685,Department of Telecommunications,Telecommunication,DOT,Department of Telecommunications [DoT],,DoT,Communication,True,False,Mega,12709.0,2026-07,2026-04,5,,DQ09; DQ14; DQ15,False
709856,MPLS-IP BASED ACCESS AND AGGREGATION NETWORK [MAAN] IN BSNL ALONG WITH TEST AND MEASURING EQUIPMENT,BSNL,N26000116,,color,PAN India,,2023-05-01,2023-05-01,2024-08-01,2026-08-01,645.13,,True,410.4,100.0,2026-08,Table 6,150,1686,Department of Telecommunications,Telecommunication,BSNL,BSNL,,DoT,Communication,True,False,Major,645.13,2026-07,2026-04,5,,,False
709857,"Planning, Engineering, Supply, Installation, Testing, Commissioning, Integration & Annual Maintenance of 4G mobile network at 1 Lakh sites on PAN India basis including Mumbai & Delhi LSA on turnkey basis under Phase IX.2 Project.",BSNL,N26000117,,color,PAN India,,2023-05-01,2023-06-01,2025-06-01,2026-09-01,24544.55,,True,9173.85,98.63,2026-08,Table 6,150,1687,Department of Telecommunications,Telecommunication,BSNL,BSNL,,DoT,Communication,True,False,Mega,24544.55,2026-07,2026-04,5,,,False
914467,Amended BharatNet Program - BR,Department of Telecommunications,,,color,PAN India,,2023-08-01,2025-03-01,2028-03-01,,1550.0,,True,222.77,19.18,2026-08,Table 6,150,1688,Department of Telecommunications,Telecommunication,DOT,Department of Telecommunications [DoT],,DoT,Communication,False,False,Mega,1550.0,2026-07,2026-07,2,2026-07,,False
938832,Amended BharatNet Program - RJ,Department of Telecommunications,,,color,PAN India,,2023-08-01,2026-03-01,2029-03-01,,2839.0,,True,283.93,0.0,2026-08,Table 6,150,1689,Department of Telecommunications,Telecommunication,DOT,Department of Telecommunications [DoT],,DoT,Communication,False,False,Mega,2839.0,2026-07,2026-07,2,2026-07,,False
946208,Amended BharatNet Program - SKM,Department of Telecommunications,,,color,PAN India,,2023-08-01,2026-06-01,2029-06-01,,160.0,,True,0.0,0.0,2026-08,Table 6,150,1690,Department of Telecommunications,Telecommunication,DOT,Department of Telecommunications [DoT],,DoT,Communication,True,False,Major,160.0,2026-07,2026-07,2,2026-07,,False
976009,"Amended BharatNet Program - ARP, NGL, MNP",Department of Telecommunications,,,color,PAN India,,2023-08-01,2025-06-01,2028-06-01,,1168.0,,True,123.28,0.71,2026-08,Table 6,150,1691,Department of Telecommunications,Telecommunication,DOT,Department of Telecommunications [DoT],,DoT,Communication,True,False,Mega,1168.0,2026-07,2026-07,2,2026-07,,False
222253,Amended BharatNet Program - UP (East),Department of Telecommunications,,,color,Uttar Pradesh,Uttar Pradesh,2023-08-01,2025-02-01,2028-02-01,,5008.0,,True,502.0,8.18,2026-08,Table 6,150,1692,Department of Telecommunications,Telecommunication,DOT,Department of Telecommunications [DoT],,DoT,Communication,False,False,Mega,5008.0,2026-07,2026-06,3,2026-06,,False
708687,Amended BharatNet Program - UP (West),Department of Telecommunications,,,color,Uttar Pradesh,Uttar Pradesh,2023-08-01,2025-02-01,2028-02-01,,1917.0,,True,0.0,8.79,2026-08,Table 6,150,1693,Department of Telecommunications,Telecommunication,DOT,Department of Telecommunications [DoT],,DoT,Communication,False,False,Mega,1917.0,2026-07,2026-06,3,2026-06,,False
616600,Interception and Diversion and STP works in Bhagalpur under Hybrid annuity based PPP mode-Namami Gange Programme,National Mission for Clean Ganga,N30000027,,color,Bihar,Bihar,2017-10-01,2022-03-01,2025-02-01,2026-12-01,413.29,,True,126.67,97.0,2026-08,Table 6,150,1694,"Department of Water Resources, River Development & GR",Waste & Water,national mission for clean ganga,National Mission for Clean Ganga,,"DWR, RD & GR",Water & Sanitation,False,False,Major,413.29,2026-07,2026-04,5,,,False
616611,Sewage Treatment Plant 100MLD and Sewerage Network 288 km in Digha-Patna under Hybrid annuity based PPP mode-Namami Gange Programme,National Mission for Clean Ganga,N30000051,3246,color,Bihar,Bihar,2017-08-01,2019-07-01,2025-12-01,2026-09-01,824.0,,True,403.34,59.0,2026-08,Table 6,150,1695,"Department of Water Resources, River Development & GR",Waste & Water,national mission for clean ganga,National Mission for Clean Ganga,,"DWR, RD & GR",Water & Sanitation,False,False,Major,824.0,2026-07,2026-04,5,,,False
616612,Sewage Treatment Plant 50MLD and Sewerage Network 150 km in Kankarbagh Patna under Hybrid annuity based PPP mode Namami Gange Programme,NMCG1,N30000050,3245,color,Bihar,Bihar,2017-08-01,2019-07-01,2025-12-01,,578.89,,True,348.61,55.0,2026-08,Table 6,150,1696,"Department of Water Resources, River Development & GR",Waste & Water,nmcg1,NMCG1,,"DWR, RD & GR",Water & Sanitation,False,False,Major,578.89,2026-07,2026-04,5,,DQ10,False
616615,"Sewer Network, SPS and STP at Begusarai",National Mission for Clean Ganga,N30000026,,color,Bihar,Bihar,2010-03-01,2018-03-01,2025-04-01,2026-12-01,230.06,,True,261.82,97.0,2026-08,Table 6,150,1697,"Department of Water Resources, River Development & GR",Waste & Water,national mission for clean ganga,National Mission for Clean Ganga,,"DWR, RD & GR",Water & Sanitation,False,False,Major,230.06,2026-07,2026-04,5,,,False
616616,"Sewer Networks, SPS and STP at Hajipur",National Mission for Clean Ganga,N30000035,,color,Bihar,Bihar,2010-03-01,2018-03-01,2025-06-01,2026-12-01,305.19,,True,346.46,95.0,2026-08,Table 6,150,1698,"Department of Water Resources, River Development & GR",Waste & Water,national mission for clean ganga,National Mission for Clean Ganga,,"DWR, RD & GR",Water & Sanitation,False,False,Major,305.19,2026-07,2026-04,5,,,False
616594,Interception & Diversion with Rehabilitation of sewerage scheme at Agra under Hybrid annuity based PPP model-Namami Gange Programme,National Mission for Clean Ganga,,7013,color,Uttar Pradesh,Uttar Pradesh,2020-05-01,2023-04-01,2025-04-01,2026-12-01,842.25,,True,208.64,86.0,2026-08,Table 6,150,1699,"Department of Water Resources, River Development & GR",Waste & Water,national mission for clean ganga,National Mission for Clean Ganga,,"DWR, RD & GR",Water & Sanitation,False,False,Major,842.25,2026-07,2026-04,5,,,False
616605,Pollution Abatement Works for River Kali Meerut under Meerut Municipality Interception & Diversion with STP,National Mission for Clean Ganga,,7015,color,Uttar Pradesh,Uttar Pradesh,2020-05-01,2024-11-01,2024-12-01,2027-03-01,690.71,,True,34.79,63.0,2026-08,Table 6,150,1700,"Department of Water Resources, River Development & GR",Waste & Water,national mission for clean ganga,National Mission for Clean Ganga,,"DWR, RD & GR",Water & Sanitation,False,False,Major,690.71,2026-07,2026-04,5,,,False
616604,Pollution Abatement works for River Ganga at Hooghly Chinsurah- Municipal Town Interception & Diversion with STP,National Mission for Clean Ganga,N30000042,,color,West Bengal,West Bengal,2018-05-01,2021-12-01,2025-03-01,2026-09-01,154.73,,True,103.28,94.0,2026-08,Table 6,150,1701,"Department of Water Resources, River Development & GR",Waste & Water,national mission for clean ganga,National Mission for Clean Ganga,,"DWR, RD & GR",Water & Sanitation,False,False,Major,154.73,2026-07,2026-04,5,,,False
400100,Sardar Gouthu Latchanna Thotapalli Barrage Project,Water Resources-AP,,3351,color,Andhra Pradesh,Andhra Pradesh,2005-04-01,2006-01-01,2019-12-01,2027-12-01,353.05,,True,879.15,95.88,2026-08,Table 6,150,1702,"Department of Water Resources, River Development & GR",Water Resources,water resources ap,Water Resources-AP,,"DWR, RD & GR",Water & Sanitation,False,False,Major,1023.24,2026-07,2026-04,5,,,False
400101,Gundlakamma project,Water Resources-AP,,3350,color,Andhra Pradesh,Andhra Pradesh,2005-04-01,2005-04-01,2019-12-01,2027-03-01,397.41,,True,624.78,98.3,2026-08,Table 6,150,1703,"Department of Water Resources, River Development & GR",Water Resources,water resources ap,Water Resources-AP,,"DWR, RD & GR",Water & Sanitation,False,False,Major,697.39,2026-07,2026-04,5,,,False
701415,Polavaram Irrigation Project,Water Resources-AP,N30000002,4076,color,Andhra Pradesh,Andhra Pradesh,2009-01-01,2009-11-01,2022-04-01,2027-06-01,10151.04,,True,28159.22,86.2,2026-08,Table 6,150,1704,"Department of Water Resources, River Development & GR",Water Resources,water resources ap,Water Resources-AP,,"DWR, RD & GR",Water & Sanitation,False,False,Mega,55548.87,2026-07,2026-04,5,,,False
701370,Borolia Irrigation Project,"Department of Water Resources, River Development & GR",,9763,color,Assam,Assam,1996-04-01,1996-12-01,2022-12-01,2026-03-01,256.16,,True,44.7,55.44,2026-08,Table 6,151,1705,"Department of Water Resources, River Development & GR",Water Resources,department of water resources river development and gr,"Department of Water Resources, River Development & GR",,"DWR, RD & GR",Water & Sanitation,True,True,Major,256.16,2026-07,2026-04,5,,,False
400111,Kelo Irrigation Project,Water Resources-CT,,3315,color,Chhattisgarh,Chhattisgarh,2008-04-01,2008-04-01,2019-12-01,2026-06-01,459.97,,True,620.15,73.0,2026-08,Table 6,151,1706,"Department of Water Resources, River Development & GR",Water Resources,water resources ct,Water Resources-CT,,"DWR, RD & GR",Water & Sanitation,False,False,Major,727.04,2026-07,2026-04,5,,,False
701399,Kudali Irrigation Project,"Department of Water Resources, River Development & GR",,,color,Chhattisgarh,Chhattisgarh,2009-04-01,2009-12-01,2025-12-01,2026-03-01,382.29,,True,249.06,86.31,2026-08,Table 6,151,1707,"Department of Water Resources, River Development & GR",Water Resources,department of water resources river development and gr,"Department of Water Resources, River Development & GR",,"DWR, RD & GR",Water & Sanitation,False,False,Major,382.29,2026-07,2026-04,5,,,False
701372,Sardar Sarovar Project,"Narmada and Water Resources, Water Supply and Kalpsar Department-GJ",,3326,color,Gujarat,Gujarat,1996-04-01,1996-04-01,2019-12-01,2028-03-01,20718.17,,True,31986.52,93.7,2026-08,Table 6,151,1708,"Department of Water Resources, River Development & GR",Water Resources,narmada and water resources water supply and kalpsar department gj,"Narmada and Water Resources, Water Supply and Kalpsar Department-GJ",,"DWR, RD & GR",Water & Sanitation,False,False,Mega,33412.5,2026-07,2026-04,5,,,False
701376,"Subernarekha Multipurpose Project, Jharkhand",Department of Water Resources-JH,,3349,color,Jharkhand,Jharkhand,2011-04-01,2012-01-01,2019-12-01,2026-03-01,3807.77,,True,6089.12,70.0,2026-08,Table 6,151,1709,"Department of Water Resources, River Development & GR",Water Resources,department of water resources jh,Department of Water Resources-JH,,"DWR, RD & GR",Water & Sanitation,False,False,Mega,9579.58,2026-07,2026-04,5,,,False
701377,Upper Tunga Irrigation Project,Water Resources-KA,,3341,color,Karnataka,Karnataka,2014-04-01,2014-04-01,2019-12-01,2026-11-01,770.16,,True,1517.1,99.9,2026-08,Table 6,151,1710,"Department of Water Resources, River Development & GR",Water Resources,water resources ka,Water Resources-KA,,"DWR, RD & GR",Water & Sanitation,False,False,Major,1606.07,2026-07,2026-04,5,,,False
400115,Bargi Diversion Project Phase - IV [km. 154 to km 197],Water Resources-MP,,3308,color,Madhya Pradesh,Madhya Pradesh,2008-04-01,2009-01-01,2019-12-01,2026-03-01,751.03,,True,814.02,75.0,2026-08,Table 6,151,1711,"Department of Water Resources, River Development & GR",Water Resources,water resources mp,Water Resources-MP,,"DWR, RD & GR",Water & Sanitation,False,False,Major,893.35,2026-07,2026-04,5,,,False
400116,Bargi Diversion Project Phase - III [km. 104 to km 154],Water Resources-MP,,3307,color,Madhya Pradesh,Madhya Pradesh,2007-04-01,2007-04-01,2019-12-01,2026-12-01,1229.15,,True,2271.97,82.09,2026-08,Table 6,151,1712,"Department of Water Resources, River Development & GR",Water Resources,water resources mp,Water Resources-MP,,"DWR, RD & GR",Water & Sanitation,False,False,Mega,1399.7,2026-07,2026-04,5,,,False
617422,Bodwad Parisar Sinchan Yojna,Department of Water Resources-MH,,9764,color,Maharashtra,Maharashtra,2002-05-01,2017-01-01,2027-07-01,,1923.81,,True,338.91,49.6,2026-08,Table 6,151,1713,"Department of Water Resources, River Development & GR",Water Resources,department of water resources mh,Department of Water Resources-MH,,"DWR, RD & GR",Water & Sanitation,False,False,Mega,1923.81,2026-07,2026-04,5,,,False
701383,Waghur Project,Department of water resources-MH - II,,3336,color,Maharashtra,Maharashtra,1996-04-01,1996-04-01,2019-12-01,2026-03-01,1058.99,,True,1642.68,89.57,2026-08,Table 6,151,1714,"Department of Water Resources, River Development & GR",Water Resources,department of water resources mh ii,Department of water resources-MH - II,,"DWR, RD & GR",Water & Sanitation,False,False,Mega,1758.51,2026-07,2026-04,5,,,False
701386,Gosikhurd Project,Department of water resources-MH - II,,3311,color,Maharashtra,Maharashtra,2008-04-01,2008-04-01,2019-12-01,2028-06-01,7196.47,,True,14439.47,72.65,2026-08,Table 6,151,1715,"Department of Water Resources, River Development & GR",Water Resources,department of water resources mh ii,Department of water resources-MH - II,,"DWR, RD & GR",Water & Sanitation,False,False,Mega,12770.1,2026-07,2026-04,5,,,False
701391,Aruna Medium Irrigation Project,Department of water resources-MH - II,,3306,color,Maharashtra,Maharashtra,2009-04-01,2010-01-01,2019-12-01,2026-06-01,210.45,,True,1734.71,100.0,2026-08,Table 6,151,1716,"Department of Water Resources, River Development & GR",Water Resources,department of water resources mh ii,Department of water resources-MH - II,,"DWR, RD & GR",Water & Sanitation,False,False,Major,1472.14,2026-07,2026-04,5,,,False
701396,Lower Pedhi Project,Department of water resources-MH - II,,3317,color,Maharashtra,Maharashtra,2008-04-01,2008-04-01,2019-12-01,2026-03-01,255.97,,True,3066.05,65.0,2026-08,Table 6,151,1717,"Department of Water Resources, River Development & GR",Water Resources,department of water resources mh ii,Department of water resources-MH - II,,"DWR, RD & GR",Water & Sanitation,False,False,Major,1480.7,2026-07,2026-04,5,,DQ02,False
701398,Nardave Medium Irrigation Project,Department of water resources-MH - II,,3320,color,Maharashtra,Maharashtra,2009-04-01,2009-04-01,2019-12-01,2028-06-01,211.46,,True,879.8,75.0,2026-08,Table 6,151,1718,"Department of Water Resources, River Development & GR",Water Resources,department of water resources mh ii,Department of water resources-MH - II,,"DWR, RD & GR",Water & Sanitation,False,False,Major,781.85,2026-07,2026-04,5,,,False
701400,Thoubal Multipurpose Project,Water Resources Department-MN,,3352,color,Manipur,Manipur,1997-04-01,1997-04-01,2019-12-01,2026-12-01,1449.44,,True,1848.17,99.0,2026-08,Table 6,151,1719,"Department of Water Resources, River Development & GR",Water Resources,water resources department mn,Water Resources Department-MN,,"DWR, RD & GR",Water & Sanitation,True,True,Mega,1822.24,2026-07,2026-04,5,,,False
701412,North Koel Reservoir Project,"Department of Water Resources, River Development & GR",,3397,color,Multi-States,Bihar; Jharkhand,2017-08-01,2021-01-01,2021-03-01,2027-06-01,1622.27,,True,345.94,47.0,2026-08,Table 6,151,1720,"Department of Water Resources, River Development & GR",Water Resources,department of water resources river development and gr,"Department of Water Resources, River Development & GR",,"DWR, RD & GR",Water & Sanitation,False,False,Mega,2430.76,2026-07,2026-04,5,,,False
701530,Ken-Betwa Linking Development Project,"Department of Water Resources, River Development,",,10035,color,Multi-States,Madhya Pradesh; Uttar Pradesh,,2022-03-01,2029-03-01,,21030.0,,True,8530.86,0.0,2026-08,Table 6,151,1721,"Department of Water Resources, River Development & GR",Water Resources,department of water resources river development,"Department of Water Resources, River Development,",,"DWR, RD & GR",Water & Sanitation,False,False,Mega,21030.0,2026-07,2026-04,5,,DQ05; DQ11,False
603945,Integrated Anandpur Barrage Project,Water Resources-OR,,3346,color,Odisha,Odisha,1997-04-01,1998-01-01,2019-12-01,2028-06-01,567.03,,True,2836.51,62.85,2026-08,Table 6,151,1722,"Department of Water Resources, River Development & GR",Water Resources,water resources or,Water Resources-OR,,"DWR, RD & GR",Water & Sanitation,False,False,Major,2990.05,2026-07,2026-04,5,,,False
701402,"Subernarekha Project, Odisha","Department of Water Resources, River Development & GR",,3345,color,Odisha,Odisha,1995-12-01,1998-01-01,2019-12-01,2026-03-01,3055.88,,True,8330.62,95.5,2026-08,Table 6,151,1723,"Department of Water Resources, River Development & GR",Water Resources,department of water resources river development and gr,"Department of Water Resources, River Development & GR",,"DWR, RD & GR",Water & Sanitation,False,False,Mega,7023.19,2026-07,2026-04,5,,,False
701404,Kanupur Irrigation Project,Irrigation and CAD-TG,,3347,color,Odisha,Odisha,2003-04-01,2004-01-01,2019-12-01,2027-06-01,989.43,,True,2804.16,79.5,2026-08,Table 6,151,1724,"Department of Water Resources, River Development & GR",Water Resources,irrigation and cad tg,Irrigation and CAD-TG,,"DWR, RD & GR",Water & Sanitation,False,False,Major,2301.28,2026-07,2026-04,5,,,False
701410,Relining of Rajasthan feeder and Sirhind Feeder canal,Department of Water Resources-PB,,3324,color,Punjab,Punjab,2016-02-01,2018-04-01,2021-06-01,2026-06-01,1441.26,,True,2380.88,100.0,2026-08,Table 6,151,1725,"Department of Water Resources, River Development & GR",Water Resources,department of water resources pb,Department of Water Resources-PB,,"DWR, RD & GR",Water & Sanitation,False,False,Mega,2462.16,2026-07,2026-04,5,,,False
701411,Shahpur Kandi Dam Project,Department of Water Resources-PB,,3328,color,Punjab,Punjab,2010-02-01,2018-04-01,2022-06-01,2026-06-01,2285.81,,True,2201.94,88.0,2026-08,Table 6,151,1726,"Department of Water Resources, River Development & GR",Water Resources,department of water resources pb,Department of Water Resources-PB,,"DWR, RD & GR",Water & Sanitation,False,False,Mega,2715.7,2026-07,2026-04,5,,,False
400102,Sri Ram Sagar Project Stage - II,Irrigation and CAD-TG,,3344,color,Telangana,Telangana,1996-04-01,2005-04-01,2019-12-01,2025-12-01,736.13,,True,971.47,97.0,2026-08,Table 6,151,1727,"Department of Water Resources, River Development & GR",Water Resources,irrigation and cad tg,Irrigation and CAD-TG,,"DWR, RD & GR",Water & Sanitation,False,False,Major,949.87,2026-07,2026-04,5,,,False
400103,Indiramma Flood Flow Canal Project,Irrigation and CAD-TG,,3339,color,Telangana,Telangana,1996-04-01,2006-01-01,2019-12-01,2026-12-01,1331.3,,True,4491.08,92.0,2026-08,Table 6,152,1728,"Department of Water Resources, River Development & GR",Water Resources,irrigation and cad tg,Irrigation and CAD-TG,,"DWR, RD & GR",Water & Sanitation,False,False,Mega,5940.09,2026-07,2026-04,5,,,False
701405,J. Chokka Rao Devadula Lift Irrigation Scheme,Irrigation and CAD-TG,,3340,color,Telangana,Telangana,2006-04-01,2006-04-01,2019-12-01,2025-12-01,8200.71,,True,4841.09,87.7,2026-08,Table 6,152,1729,"Department of Water Resources, River Development & GR",Water Resources,irrigation and cad tg,Irrigation and CAD-TG,,"DWR, RD & GR",Water & Sanitation,False,False,Mega,14730.0,2026-07,2026-04,5,,,False
701408,Madhya Ganga canal Phase-II,Irrigation & Water Resources-UP,,3319,color,Uttar Pradesh,Uttar Pradesh,2008-04-01,2008-04-01,2019-12-01,2025-12-01,1060.67,,True,4575.74,82.39,2026-08,Table 6,152,1730,"Department of Water Resources, River Development & GR",Water Resources,irrigation and water resources up,Irrigation & Water Resources-UP,,"DWR, RD & GR",Water & Sanitation,False,False,Mega,4417.21,2026-07,2026-04,5,,,False
613787,Jamrani Dam Multipurpose Project,Irrigation-UK,,6135,color,Uttarakhand,Uttarakhand,2023-10-01,2023-11-01,2029-06-01,,2584.1,,True,1379.51,29.44,2026-08,Table 6,152,1731,"Department of Water Resources, River Development & GR",Water Resources,IRRIGATION,Irrigation-UK,,"DWR, RD & GR",Water & Sanitation,False,False,Mega,2584.1,2026-07,2026-04,5,,,False
